date,MKT,RF,Mgr_X,Mgr_Y
2015-01-02,-0.0012,0.0,-0.0008655581933594322,-0.002257504465715699
2015-01-05,-0.0184,0.0,-0.009715348005971586,-0.01949230008463963
2015-01-06,-0.0103,0.0,-0.0024659347634353092,-0.005895910534949192
2015-01-07,0.011899999999999999,0.0,0.008804415196532118,-0.004867118974547191
2015-01-08,0.0181,0.0,0.016342016131744866,0.010935103824254298
2015-01-09,-0.0085,0.0,-0.011703160524173632,-0.025070334252653273
2015-01-12,-0.0078000000000000005,0.0,-0.004092013672633173,0.013530470544649708
2015-01-13,-0.0019,0.0,-0.0021341251502596274,0.0019453830598845367
2015-01-14,-0.006,0.0,-0.0011760152418427722,-0.0024089336870788914
2015-01-15,-0.0108,0.0,-0.02231800478297115,-0.011426428400121261
2015-01-16,0.013600000000000001,0.0,0.02358737732025687,0.010645519442540727
2015-01-20,0.0011,0.0,0.0006115821091416105,-0.008767168516977654
2015-01-21,0.0042,0.0,0.008605029011357549,0.0175006557548315
2015-01-22,0.0158,0.0,0.015058760578175057,0.015533857287913427
2015-01-23,-0.004699999999999999,0.0,-0.0069690488830023815,0.01612864902522341
2015-01-26,0.0042,0.0,0.0072363674030402276,0.008400643320823546
2015-01-27,-0.012199999999999999,0.0,-0.006887005365587411,-0.014367859600520354
2015-01-28,-0.0139,0.0,-0.015056770645040336,-0.020911341221835154
2015-01-29,0.0098,0.0,0.00895658516127465,0.01192636762252471
2015-01-30,-0.0131,0.0,-0.008661457146324374,-0.016332462826092343
2015-02-02,0.0124,0.0,0.007036416917846368,0.03755963782988091
2015-02-03,0.0149,0.0,0.0054793282370192205,0.052150772880004
2015-02-04,-0.0034999999999999996,0.0,-0.0008928005209135636,-0.020401535920646523
2015-02-05,0.011000000000000001,0.0,0.006894879982911158,0.018092234042304735
2015-02-06,-0.002,0.0,-0.013977961033322198,0.007506179887953679
2015-02-09,-0.0046,0.0,-0.009609008449191353,-0.01832249384545652
2015-02-10,0.0105,0.0,0.0076734598702593165,0.0050736184758867105
2015-02-11,0.0003,0.0,-0.007097421473885529,-0.005736210769223609
2015-02-12,0.01,0.0,0.0007174088619611371,-0.020276629387646582
2015-02-13,0.004699999999999999,0.0,0.00504984423493756,0.015420447010752882
2015-02-17,0.0016,0.0,0.007371186660331351,0.0016902277199141065
2015-02-18,0.0003,0.0,-0.0010495464307502167,-0.0006472141627639429
2015-02-19,-0.0001,0.0,-0.0046651670713701195,0.0012729240034360136
2015-02-20,0.0060999999999999995,0.0,0.008644280652967925,0.011666570541318515
2015-02-23,-0.0008,0.0,0.0038372085172071685,0.0314420252624292
2015-02-24,0.0032,0.0,0.0014291584897996154,0.006955535753646116
2015-02-25,0.0001,0.0,0.00365013230214614,0.012019075204289255
2015-02-26,-0.0008,0.0,0.005888545617729665,-0.007996030872707362
2015-02-27,-0.0036,0.0,-0.004784655386741496,0.0005130311316606795
2015-03-02,0.0062,0.0,0.0011943814005496052,0.003974267862978201
2015-03-03,-0.0043,0.0,-0.0019909594599647642,-0.0073764924746974195
2015-03-04,-0.0040999999999999995,0.0,-0.0024215607888073577,-0.017602922168588955
2015-03-05,0.0015,0.0,0.008540917434873651,-0.009106707595805957
2015-03-06,-0.0129,0.0,-0.020873050665934798,-0.010121296348057305
2015-03-09,0.0037,0.0,-0.0003487220902511335,0.015496241725988803
2015-03-10,-0.0163,0.0,-0.02146090794096314,-0.014467963326759476
2015-03-11,-0.0003,0.0,-0.011104219173395312,-0.009412177675720921
2015-03-12,0.0128,0.0,0.013715510452800766,0.021364209544267664
2015-03-13,-0.0058,0.0,-0.0023560983638203654,-0.04247725391437127
2015-03-16,0.0124,0.0,0.007865107870527226,0.02957284524304949
2015-03-17,-0.0019,0.0,0.006947803723859586,-0.00265757117259997
2015-03-18,0.0109,0.0,0.016196684265036287,0.018287219817946475
2015-03-19,-0.0036,0.0,0.0004711479557385806,0.011873893491962318
2015-03-20,0.008100000000000001,0.0,0.010749564437723548,0.005031319398991682
2015-03-23,-0.0019,0.0,0.004239200007344053,0.011241352916449999
2015-03-24,-0.0051,0.0,-0.013371636682816108,-0.012356933928721368
2015-03-25,-0.015600000000000001,0.0,-0.011613559051866633,-0.01231380125869616
2015-03-26,-0.0022,0.0,0.001716184756191624,-0.008115971938983271
2015-03-27,0.0032,0.0,-0.007816532721593472,0.008801789903341399
2015-03-30,0.0124,0.0,0.014705131779736319,0.03672133304813145
2015-03-31,-0.0075,0.0,-0.008958458586610617,-0.018364846404825275
2015-04-01,-0.0038,0.0,0.0012421778517427958,-0.012988027879232172
2015-04-02,0.0034999999999999996,0.0,0.000853215812901788,0.00045507916327094423
2015-04-06,0.0060999999999999995,0.0,0.00610414101657131,0.012575090978000613
2015-04-07,-0.0022,0.0,7.880917010397864e-05,0.03583405447839007
2015-04-08,0.0037,0.0,-0.00170088217102538,-0.0027472548817105216
2015-04-09,0.0040999999999999995,0.0,0.007989852063624098,-0.022553303526353125
2015-04-10,0.0049,0.0,0.004357841681785679,-0.0022143625536841507
2015-04-13,-0.0038,0.0,-0.000578603458866938,-0.026438334558395966
2015-04-14,0.001,0.0,-0.002168219682269602,-0.005954967069098392
2015-04-15,0.005699999999999999,0.0,0.01266147418382589,0.008180148124292026
2015-04-16,-0.0008,0.0,0.003131461733068251,-0.013828746248732267
2015-04-17,-0.0123,0.0,-0.01330240462512736,-0.024914573435484998
2015-04-20,0.0095,0.0,0.013600003516469214,-0.013069903904067207
2015-04-21,-0.001,0.0,0.007054759213773731,0.001770587235863232
2015-04-22,0.0046,0.0,0.01600239276948594,-0.0038632608979905112
2015-04-23,0.0029,0.0,-0.0068935517741725485,0.019432697751432956
2015-04-24,0.0017000000000000001,0.0,0.007382255115340781,0.017388918208734755
2015-04-27,-0.0053,0.0,-0.0022512961520615897,-0.018388483830964288
2015-04-28,0.0027,0.0,0.002227780280391512,-0.0010440862985980313
2015-04-29,-0.0039000000000000003,0.0,-0.010122345408376993,-0.0037211949832794506
2015-04-30,-0.0111,0.0,-0.003061408518209418,-0.0032915728079100006
2015-05-01,0.0101,0.0,0.0022708453562476708,-0.009498725863185061
2015-05-04,0.0032,0.0,0.006890468355404373,0.0037853582722580013
2015-05-05,-0.011899999999999999,0.0,-0.003579954862413576,0.011053942099209636
2015-05-06,-0.0031,0.0,-0.0130579217050761,-0.0046235745796220865
2015-05-07,0.0039000000000000003,0.0,0.002113364349811857,0.008800461418827597
2015-05-08,0.0121,0.0,0.003971756877591525,0.016406808810666158
2015-05-11,-0.0039000000000000003,0.0,-0.0022435560087936124,-0.020963796514693617
2015-05-12,-0.0026,0.0,0.007058714255776376,0.010507133787181518
2015-05-13,0.0001,0.0,0.012966252421892853,0.004555253965520665
2015-05-14,0.0101,0.0,-0.0009820205201951059,0.016100414651178018
2015-05-15,0.0005,0.0,-0.0030027906801947087,0.011455269771695954
2015-05-18,0.0044,0.0,0.008950965126365045,0.01737446060289181
2015-05-19,-0.0009,0.0,0.00916816015460762,-0.026775491244818858
2015-05-20,-0.0005,0.0,0.0022724252722230156,0.006778913387493406
2015-05-21,0.0023,0.0,-0.0022812681568549586,-0.004373128252226143
2015-05-22,-0.0022,0.0,-0.00020919980670987184,0.00010763251012737814
2015-05-26,-0.0101,0.0,-0.010085643506628298,-0.0222952177149026
2015-05-27,0.009300000000000001,0.0,0.008135601706248226,0.0008216275083157056
2015-05-28,-0.0011,0.0,-0.005607685409335446,0.012578197677245412
2015-05-29,-0.0058,0.0,-0.003241445221407713,-0.00686274253464502
2015-06-01,0.0017000000000000001,0.0,0.0037585069645414792,-0.00091236916839171
2015-06-02,-0.0002,0.0,-0.0006666973272460139,-0.0034447210780223503
2015-06-03,0.0039000000000000003,0.0,0.0026225448640232003,0.007021798532886722
2015-06-04,-0.0088,0.0,-0.01677516595503323,-0.010823559104830639
2015-06-05,0.0006,0.0,-0.0023435712113027366,-0.03123752394743794
2015-06-08,-0.0066,0.0,0.0011189661897591033,-0.01981651909674829
2015-06-09,0.0002,0.0,-0.0008813565665178029,-0.002130111833320839
2015-06-10,0.011899999999999999,0.0,0.0029498069915222785,0.026743698047642726
2015-06-11,0.0021,0.0,0.010625247157219422,0.022575636889405823
2015-06-12,-0.0063,0.0,-0.002840594286414555,-0.020215642640565357
2015-06-15,-0.0045000000000000005,0.0,0.008898747666246792,0.02203158438229268
2015-06-16,0.005699999999999999,0.0,0.006212837271727702,0.009724747965635546
2015-06-17,0.0016,0.0,-0.0011874020355499967,0.009902552882825386
2015-06-18,0.009899999999999999,0.0,0.0008997431910926033,0.006508183171317324
2015-06-19,-0.0043,0.0,0.004158445483890761,-0.012918575717524588
2015-06-22,0.0063,0.0,0.022605448700690967,0.029240793647100548
2015-06-23,0.0012,0.0,-0.0038523563963304636,-0.0003542081724594356
2015-06-24,-0.0079,0.0,-0.011857221363087775,-0.010548936330038582
2015-06-25,-0.0025,0.0,0.0013746840374508833,0.014006312275666337
2015-06-26,-0.0006,0.0,-0.005711636962813014,0.024337948124774418
2015-06-29,-0.021400000000000002,0.0,-0.02298530989092638,-0.04743402199602753
2015-06-30,0.0033,0.0,0.001215277257241249,0.002900023066100383
2015-07-01,0.0060999999999999995,0.0,0.00742827494696062,0.009024975991874686
2015-07-02,-0.0011,0.0,0.00591575555239296,0.025031081022928805
2015-07-06,-0.0037,0.0,-0.003441939632338956,0.03072415106418712
2015-07-07,0.0053,0.0,0.01120763712062093,0.007497469666596096
2015-07-08,-0.0168,0.0,-0.019326003802606594,-0.015325827982880673
2015-07-09,0.0029,0.0,0.005083984299179159,0.0171461308804589
2015-07-10,0.0123,0.0,-0.001050507516205659,0.033356080325328136
2015-07-13,0.011399999999999999,0.0,0.002385233336518031,0.011785295112125019
2015-07-14,0.0048,0.0,0.009932830845468324,0.01956397135736435
2015-07-15,-0.0018,0.0,-0.005398544157706102,-0.010613595932384139
2015-07-16,0.0077,0.0,0.011472168259723107,-0.02569607919873474
2015-07-17,0.0005,0.0,0.004035495293390936,-0.01704466827101038
2015-07-20,-0.0001,0.0,0.008348621482792955,0.004350727717842653
2015-07-21,-0.0046,0.0,0.000633278979852321,0.0064145156593074714
2015-07-22,-0.0017000000000000001,0.0,0.004825490947725381,-0.03205115649758757
2015-07-23,-0.0058,0.0,-0.006384415641697998,-0.031067346849479656
2015-07-24,-0.0109,0.0,-0.015179735527114772,-0.013015966886041376
2015-07-27,-0.0074,0.0,-0.011889339512591631,-0.054939631648120574
2015-07-28,0.0123,0.0,0.009344659774104659,0.025385583328045344
2015-07-29,0.0075,0.0,0.0005017931912401933,0.0257758843448158
2015-07-30,0.001,0.0,-0.0023295227979257937,-0.038415381453089356
2015-07-31,-0.0015,0.0,-0.001964082593791788,0.010437282035176956
2015-08-03,-0.0034000000000000002,0.0,-0.0016959460347803902,-0.0053387773831970525
2015-08-04,-0.0014000000000000002,0.0,-0.0034157636955591654,0.0196629475697837
2015-08-05,0.0036,0.0,-0.008399015394587346,0.01040307915439433
2015-08-06,-0.0088,0.0,-0.00913629219438984,-0.012920311037985611
2015-08-07,-0.0036,0.0,-0.002061407353642515,-0.0011460711496253306
2015-08-10,0.0131,0.0,0.020050601729396433,0.03197028023593957
2015-08-11,-0.0098,0.0,-0.006040752001327464,-0.008181287296351267
2015-08-12,0.0007000000000000001,0.0,-0.003235003640759784,0.0034114200231773403
2015-08-13,-0.0014000000000000002,0.0,-0.005840316149685219,-0.019908066370041277
2015-08-14,0.0043,0.0,0.017084621502020923,0.014281237980064858
2015-08-17,0.006,0.0,0.010885418711529354,0.010228373594171367
2015-08-18,-0.0034999999999999996,0.0,0.008156034076534629,0.02302713375208972
2015-08-19,-0.0085,0.0,0.005033287286461236,-0.009189475834215857
2015-08-20,-0.022400000000000003,0.0,-0.027434395079718447,-0.028269180031318408
2015-08-21,-0.029500000000000002,0.0,-0.026953983900920176,-0.04497990139390333
2015-08-24,-0.0391,0.0,-0.03609477153872821,-0.03869367828620584
2015-08-25,-0.0116,0.0,-0.007955726725001175,-0.015816765855952177
2015-08-26,0.0368,0.0,0.040332710769068685,0.04015868198161118
2015-08-27,0.024,0.0,0.02539187219170356,0.05558326327756934
2015-08-28,0.0023,0.0,0.003515958753020231,0.029868624942608044
2015-08-31,-0.0074,0.0,-0.01674581235482163,-0.013775004843074198
2015-09-01,-0.0291,0.0,-0.030022881898241333,-0.04991277848238207
2015-09-02,0.0182,0.0,0.013609486180607488,0.04149910980862348
2015-09-03,0.0017000000000000001,0.0,0.002613322985992406,-0.007227470368563933
2015-09-04,-0.0139,0.0,-0.016726216977491788,0.023360027532600417
2015-09-08,0.0252,0.0,0.029215362115023836,0.03306087981537575
2015-09-09,-0.0134,0.0,-0.008121260398221739,-0.0018343959221393084
2015-09-10,0.0049,0.0,0.006963626736754644,-0.009462454987460647
2015-09-11,0.0044,0.0,0.006510719719858607,0.007447093413146985
2015-09-14,-0.0040999999999999995,0.0,-0.0033954433010345677,0.012097420276571806
2015-09-15,0.012199999999999999,0.0,0.009498186041912585,0.02420634805847186
2015-09-16,0.0085,0.0,0.0075827870582961055,0.0058142821161389175
2015-09-17,-0.0017000000000000001,0.0,-0.004703229099568766,0.03416078867711904
2015-09-18,-0.016200000000000003,0.0,-0.013636863169422805,-0.008528090490883019
2015-09-21,0.0036,0.0,0.003807953756867841,0.0037539176611690664
2015-09-22,-0.0129,0.0,-0.009119162021834111,-0.022919415216109396
2015-09-23,-0.0027,0.0,-0.010950650029415306,-0.005000063785571663
2015-09-24,-0.0036,0.0,0.002111529199435014,0.016392377812232517
2015-09-25,-0.0022,0.0,-0.006885487068075935,-0.011325810844587648
2015-09-28,-0.0263,0.0,-0.030806495373847456,-0.031459236498590906
2015-09-29,-0.0006,0.0,-0.0017247262763296417,-0.009916644441548234
2015-09-30,0.018799999999999997,0.0,0.015370058305632943,0.044185134538450785
2015-10-01,0.0013,0.0,0.003252963970651279,0.0017098137951403445
2015-10-02,0.0148,0.0,0.01130214949976312,0.033533176947319984
2015-10-05,0.019299999999999998,0.0,0.012681972306096204,0.03527769071619769
2015-10-06,-0.0043,0.0,-0.009509009259930683,-0.01137998446771536
2015-10-07,0.009399999999999999,0.0,0.017783765721241435,0.024267801075684506
2015-10-08,0.0085,0.0,0.00889784888337523,0.0264323106867271
2015-10-09,0.0012,0.0,-0.00603570186214242,-0.012113923983854373
2015-10-12,0.0006,0.0,0.0007718202986666134,0.012875146072667982
2015-10-13,-0.0073,0.0,-0.016982493492031153,0.04238331113284646
2015-10-14,-0.006,0.0,0.005392257302363288,-0.009631389922011074
2015-10-15,0.015600000000000001,0.0,0.006115737877906691,0.03149449614724609
2015-10-16,0.0034999999999999996,0.0,0.006634906180932694,-0.011741980265226666
2015-10-19,0.0,0.0,0.0035435674144945846,0.008723909589750337
2015-10-20,-0.0015,0.0,-0.010515142656612863,-0.007840288499010965
2015-10-21,-0.0073,0.0,-0.005289388113602149,0.0035224080086831266
2015-10-22,0.015,0.0,0.02140064103006074,0.021104384803008896
2015-10-23,0.0109,0.0,0.013964495060299594,6.901858469920454e-05
2015-10-26,-0.002,0.0,-0.0002367044062732786,0.015062619023934578
2015-10-27,-0.0042,0.0,0.001897794736434537,-0.006158597951429155
2015-10-28,0.0143,0.0,0.015432651002805798,0.006739293779983458
2015-10-29,-0.002,0.0,0.00023832773096465142,0.0006401941197319038
2015-10-30,-0.0042,0.0,-0.0048791600958021045,-0.016631792293324774
2015-11-02,0.0125,0.0,0.01659904959034181,0.024088996241072837
2015-11-03,0.0033,0.0,-0.002511115099449245,0.005722147214224943
2015-11-04,-0.0025,0.0,0.0026066873338553547,-0.006105100300692662
2015-11-05,-0.0007000000000000001,0.0,-0.0037640528464378802,0.010721395371218237
2015-11-06,0.0014000000000000002,0.0,-0.005351422837363694,-0.013707184683480061
2015-11-09,-0.0095,0.0,-0.007080100229526999,0.003547763631705239
2015-11-10,0.0013,0.0,0.012083665166708944,-0.02400597453366588
2015-11-11,-0.0043,0.0,0.0018770509265201001,0.019190577122249534
2015-11-12,-0.014499999999999999,0.0,-0.017629240970071396,-0.013987752271473993
2015-11-13,-0.0106,0.0,-0.006083589780019847,-0.01514787583956535
2015-11-16,0.0139,0.0,0.011157799109523081,0.010102118943178572
2015-11-17,-0.0011,0.0,-0.001762201520643265,0.008544732659721884
2015-11-18,0.0161,0.0,0.016783024115015994,0.021019243203191713
2015-11-19,-0.0013,0.0,-0.015778055084256146,-0.0018573503859675106
2015-11-20,0.0034999999999999996,0.0,0.004826107187604107,0.021310305728699696
2015-11-23,-0.0001,0.0,-0.006466880621903306,-0.0038811125459120247
2015-11-24,0.0021,0.0,-0.002174150704485329,0.0017489736871102936
2015-11-25,0.0007000000000000001,0.0,-0.008468738957584288,0.009244313737796972
2015-11-27,0.0009,0.0,-0.008534371176109756,0.018506951435342745
2015-11-30,-0.0048,0.0,-0.010622959583069783,-0.006017034756591906
2015-12-01,0.0097,0.0,0.015019821729637148,0.01716809490159392
2015-12-02,-0.0101,0.0,0.000514121617475171,-0.010160105208148808
2015-12-03,-0.015,0.0,-0.01503972960876735,-0.006774791433336293
2015-12-04,0.0187,0.0,0.02569668403305611,0.04750368326208532
2015-12-07,-0.0083,0.0,-0.009843874148987979,-0.02154923004343661
2015-12-08,-0.0058,0.0,-0.017725249066465033,-0.007084706625780406
2015-12-09,-0.0083,0.0,-0.007236566468121272,-0.00912576706269125
2015-12-10,0.003,0.0,0.005926367801150276,0.01448819812226881
2015-12-11,-0.0202,0.0,-0.022780982884985385,-0.002916074435389465
2015-12-14,0.0029,0.0,0.004922881342629363,0.0058553979474331806
2015-12-15,0.011000000000000001,0.0,0.01472581295897758,0.01960366192093414
2015-12-16,0.0147,0.0,0.009380091180833475,0.03728954656300951
2015-12-17,-0.0146,0.0,-0.023784132737751533,-0.03409785505239999
2015-12-18,-0.0169,0.0,-0.018174722614362215,-0.030442292122661842
2015-12-21,0.0074,0.0,0.00618949118777532,0.00561726983778413
2015-12-22,0.0089,0.0,0.006797478189470907,0.013777680623789632
2015-12-23,0.0129,0.0,0.019238117596591605,0.022300234170566424
2015-12-24,-0.0011,0.0,0.00988923524271043,-0.006402658887292787
2015-12-28,-0.0028000000000000004,0.0,-0.005305581890670989,0.023236380539679642
2015-12-29,0.0105,0.0,0.015021620026615381,0.006033770949854559
2015-12-30,-0.0074,0.0,-0.0013536435103621326,-0.01017267899971128
2015-12-31,-0.0092,0.0,-0.0045884892039778765,0.005562493679160277
2016-01-04,-0.0159,0.0,-0.009182409005962879,-0.0075524076106648925
2016-01-05,0.0013,0.0,-0.001032958914376106,0.0037630909102376667
2016-01-06,-0.0134,0.0,-0.008620610367580306,-0.009878012532863046
2016-01-07,-0.024399999999999998,0.0,-0.011527914914221846,-0.01797540204385508
2016-01-08,-0.0111,0.0,-0.005918335220506548,-0.012356083320027567
2016-01-11,-0.0006,0.0,-0.004385915445851635,0.01056964567970089
2016-01-12,0.0072,0.0,0.011147276494232507,-0.0012817905541020174
2016-01-13,-0.026600000000000002,0.0,-0.018528704019424018,-0.031365927898375306
2016-01-14,0.0165,0.0,0.01894344274042908,0.0005958166995016917
2016-01-15,-0.0213,0.0,-0.024730043167796825,-0.03803675145900649
2016-01-19,-0.0019,0.0,0.007939541608589642,-0.016340782621637615
2016-01-20,-0.009399999999999999,0.0,-0.017153744766593287,0.007498516631682585
2016-01-21,0.0045000000000000005,0.0,0.007790327326696835,0.0014819362997401178
2016-01-22,0.0208,0.0,0.02081715107772946,0.03335603185212154
2016-01-25,-0.017,0.0,-0.02440033966038391,-0.03298121686291736
2016-01-26,0.0152,0.0,0.02300085856932592,0.019006631226539405
2016-01-27,-0.0111,0.0,-0.00878946653062276,-0.01627454569708292
2016-01-28,0.0049,0.0,-0.002331090016208657,-0.003595666214081964
2016-01-29,0.025699999999999997,0.0,0.02960957997209104,0.04752089804614187
2016-02-01,-0.0004,0.0,-0.0029997795253528985,-0.02186486756308766
2016-02-02,-0.02,0.0,-0.031867393272112625,-0.015177307630865318
2016-02-03,0.0046,0.0,0.00037935324112847637,0.045372424853123046
2016-02-04,0.0027,0.0,0.004479265685143738,-0.006061148870780484
2016-02-05,-0.0206,0.0,-0.01647640060758905,-0.024400119985627314
2016-02-08,-0.0151,0.0,-0.013937991512358545,-0.03964142682889685
2016-02-09,-0.0008,0.0,-0.0003964395529130175,0.0004640260150733913
2016-02-10,0.0001,0.0,0.0031797063752060538,-0.022457080990590825
2016-02-11,-0.011699999999999999,0.0,-0.012909976900899432,-0.004573798652860622
2016-02-12,0.019799999999999998,0.0,0.027333164729628164,0.020564126334028886
2016-02-16,0.0178,0.0,0.018855401989617836,-0.0011481235243774694
2016-02-17,0.0174,0.0,0.019370579363827377,0.00605804308117993
2016-02-18,-0.0051,0.0,-0.0015742389502272245,-0.02736281673447079
2016-02-19,0.0006,0.0,-0.005940490107743345,-0.0016576538575183938
2016-02-22,0.0143,0.0,0.009951338242989001,0.03215085259409917
2016-02-23,-0.0121,0.0,-0.0023518090594362093,-0.019841880012954425
2016-02-24,0.0054,0.0,0.007631293826509317,-0.008134942342496189
2016-02-25,0.011000000000000001,0.0,0.00933873366541895,0.003914421106582539
2016-02-26,-0.0002,0.0,0.0020701916525237576,0.002743212615613691
2016-02-29,-0.0069,0.0,-0.009814887285361796,-0.04200696589684225
2016-03-01,0.023399999999999997,0.0,0.025273850293731644,0.03993307647054005
2016-03-02,0.0054,0.0,0.0013244542458573632,0.013933369293050397
2016-03-03,0.005,0.0,0.006857802732984724,-0.02699899950449753
2016-03-04,0.0037,0.0,-0.006119544276828499,0.022608258748176915
2016-03-07,0.0021,0.0,0.010603054259554268,-0.019300290158724396
2016-03-08,-0.0127,0.0,-0.015812283248116572,-0.018536207546492885
2016-03-09,0.005,0.0,-0.0048418356429984705,0.02412047620459338
2016-03-10,-0.001,0.0,-0.00229102251648718,-0.023485535376126854
2016-03-11,0.0169,0.0,0.014681991265296,-0.003235139298037794
2016-03-14,-0.0012,0.0,-0.0001209325813897261,-0.0165132306491608
2016-03-15,-0.0034999999999999996,0.0,-0.010595353094898665,-0.019028022365065584
2016-03-16,0.0063,0.0,0.008922845551781309,0.007040429027603726
2016-03-17,0.0070999999999999995,0.0,0.030045378481502228,0.0025852701392864615
2016-03-18,0.0054,0.0,-0.0025358019013631706,0.0007573649475787628
2016-03-21,0.001,0.0,0.0032464557789840896,-0.004774912603868855
2016-03-22,-0.0005,0.0,-0.0023382971771859482,-0.0025008129744701468
2016-03-23,-0.0085,0.0,-0.007167634170173452,-0.022426761863093832
2016-03-24,0.0,0.0,-0.01129427651727765,0.005344462256257416
2016-03-28,0.0004,0.0,-0.0067316299935508556,0.0011857823365789759
2016-03-29,0.010700000000000001,0.0,0.013714630518823379,0.00022007165849613486
2016-03-30,0.0040999999999999995,0.0,0.003977036844801393,0.03183483607286178
2016-03-31,-0.0011,0.0,0.009320079905241585,-0.018708303762440374
2016-04-01,0.0064,0.0,0.0020792413699122084,0.019442961613411296
2016-04-04,-0.0040999999999999995,0.0,-0.002881708683918613,-0.015152065095052134
2016-04-05,-0.009399999999999999,0.0,0.009069987862719866,-0.006373892961811462
2016-04-06,0.011399999999999999,0.0,0.006696463871182774,0.022970887811086173
2016-04-07,-0.0123,0.0,-0.01787456821511453,-0.003025770373619065
2016-04-08,0.0029,0.0,0.002797748885311929,0.024684159678961298
2016-04-11,-0.0028000000000000004,0.0,-0.002961670871319036,-0.01472095105651449
2016-04-12,0.009899999999999999,0.0,0.015336801638433394,0.05417543795390866
2016-04-13,0.0123,0.0,0.013235298893658449,0.022614219466993817
2016-04-14,0.0003,0.0,-0.004347961970276056,-0.010187401123161594
2016-04-15,-0.0004,0.0,0.0010508782105032289,-0.018779405341305677
2016-04-18,0.006500000000000001,0.0,0.023240644803585425,0.04262515894339142
2016-04-19,0.0028000000000000004,0.0,0.010930468727313016,0.02794045916206942
2016-04-20,0.0015,0.0,-0.015906970453702516,0.0027577601493810507
2016-04-21,-0.0048,0.0,-0.0055755748460368515,0.005620667374168953
2016-04-22,0.0012,0.0,-0.004193504513695153,0.021298937324298974
2016-04-25,-0.0024,0.0,0.0016389330078899443,-0.0005904314108933482
2016-04-26,0.0029,0.0,0.0019275902832837435,-0.0010762335307449673
2016-04-27,0.0021,0.0,0.014393886450350581,0.0034016065365762645
2016-04-28,-0.0096,0.0,-0.003614719730107867,0.0005847061393685783
2016-04-29,-0.005,0.0,0.000728058619285302,-0.004998117749725564
2016-05-02,0.0078000000000000005,0.0,0.009094334825409429,-0.0060718101638361
2016-05-03,-0.0105,0.0,-0.010634803735883852,-0.0017485167232666205
2016-05-04,-0.0066,0.0,-0.004338020255196093,-0.03181704633251882
2016-05-05,-0.0008,0.0,0.007478543348432603,-0.010449267288602047
2016-05-06,0.0038,0.0,0.007285386748239184,0.023708314803448698
2016-05-09,0.0005,0.0,-0.001592879634339214,0.005246026314077379
2016-05-10,0.0126,0.0,0.02075132596872007,0.02091642652780052
2016-05-11,-0.0089,0.0,-0.00757077080761694,-0.008835082827725549
2016-05-12,-0.0011,0.0,-0.0014698813236628798,0.014417578705116021
2016-05-13,-0.008199999999999999,0.0,-0.0130661578772291,-0.010156298037315535
2016-05-16,0.009899999999999999,0.0,0.006453631410683928,-0.013543160979265837
2016-05-17,-0.0095,0.0,-0.013387670479431013,-0.007661011475255014
2016-05-18,0.001,0.0,-0.016471149086617738,-0.040925476422984296
2016-05-19,-0.0032,0.0,0.0033245765901297325,-0.03201320828094459
2016-05-20,0.0075,0.0,0.011187520885719794,0.033386140090743706
2016-05-23,-0.0019,0.0,-0.0031307302347451994,0.013455655491789571
2016-05-24,0.0143,0.0,0.02100812582678188,0.013204572764495374
2016-05-25,0.0070999999999999995,0.0,0.009978111290311287,0.009352115642702257
2016-05-26,-0.0004,0.0,0.0020597027253161566,0.0018736640508497378
2016-05-27,0.0048,0.0,-0.010670497394934784,0.021616765893643985
2016-05-31,-0.0001,0.0,-0.0014488147019255143,-0.009909089136055836
2016-06-01,0.002,0.0,0.0054715239934119714,-0.008716580714122527
2016-06-02,0.0034999999999999996,0.0,0.013759121537159845,-0.003189126303241919
2016-06-03,-0.0038,0.0,0.007911815704249873,-0.0018218128062938961
2016-06-06,0.006,0.0,0.015100984304715355,0.01269472073863211
2016-06-07,0.0012,0.0,-0.00599840453963679,-0.0028735802074325995
2016-06-08,0.0037,0.0,-0.010024980716095418,0.01673204747918758
2016-06-09,-0.0027,0.0,0.0010126681552460118,-0.01685371204639327
2016-06-10,-0.0105,0.0,-0.010206988970035458,-0.013585955716286284
2016-06-13,-0.0084,0.0,-0.002217436822208395,-0.01958350677845664
2016-06-14,-0.0019,0.0,-0.002573949333447451,-0.015587651400903884
2016-06-15,-0.0011,0.0,0.0004033737687029783,0.01710468738246117
2016-06-16,0.0024,0.0,-0.006929994994945425,-0.00025987966485565206
2016-06-17,-0.003,0.0,-5.875682736559149e-05,-0.017017148070532895
2016-06-20,0.0070999999999999995,0.0,0.004416450797660744,0.010944442592121682
2016-06-21,0.0021,0.0,0.0044237481404748365,-0.01032407960869778
2016-06-22,-0.002,0.0,0.00101303335648817,0.006997606528352258
2016-06-23,0.014499999999999999,0.0,0.013880617515465633,0.03204401162207226
2016-06-24,-0.0369,0.0,-0.03478529289481031,-0.03228199466976695
2016-06-27,-0.0206,0.0,-0.020566668616364716,-0.04062916159210531
2016-06-28,0.0176,0.0,0.022501554941596037,0.02195916984355488
2016-06-29,0.0179,0.0,0.021179731103972206,0.050564406460153165
2016-06-30,0.014199999999999999,0.0,0.01087190850996144,0.016584372005275155
2016-07-01,0.0024,0.0,-0.0011843861254870166,0.02221259145181738
2016-07-05,-0.0084,0.0,0.002703569423863874,0.011880630905914884
2016-07-06,0.0062,0.0,0.005679056154926415,-0.010329359361925338
2016-07-07,0.0002,0.0,0.006566849257456466,0.01860820780159141
2016-07-08,0.0159,0.0,0.01849714478964836,0.03252930834655527
2016-07-11,0.0042,0.0,0.0007654729492427466,0.01907768037308928
2016-07-12,0.0075,0.0,0.002900956177988044,0.03489600799812011
2016-07-13,-0.0004,0.0,0.00047576833445757893,0.007201998372034528
2016-07-14,0.0051,0.0,0.00683581850022138,0.008949800037430292
2016-07-15,-0.0005,0.0,0.0034891752767427565,0.009217680051193673
2016-07-18,0.0024,0.0,-0.005461882802045752,-0.000555042451454216
2016-07-19,-0.0022,0.0,-0.0058271049384453905,0.00537501304011633
2016-07-20,0.0048,0.0,0.004321446709383366,-0.02106365310266537
2016-07-21,-0.0038,0.0,0.0064028213877891345,0.020772382100045166
2016-07-22,0.0048,0.0,-0.009948679875191904,-7.903124477595756e-05
2016-07-25,-0.0027,0.0,0.00018519099686969574,0.005351125262276398
2016-07-26,0.0013,0.0,-0.001982921520146349,0.007314950106514038
2016-07-27,-0.0014000000000000002,0.0,0.0014364694533115809,0.0008584695108293761
2016-07-28,0.0019,0.0,-0.0010801281816832354,0.0052502847305725825
2016-07-29,0.0017000000000000001,0.0,0.004115503462830215,0.00432258625315222
2016-08-01,-0.0016,0.0,0.008375340827352524,-0.02410844933266318
2016-08-02,-0.006999999999999999,0.0,-0.0046497241347712,-0.015650405667128053
2016-08-03,0.0045000000000000005,0.0,0.007349210633395215,0.023956222284956908
2016-08-04,0.0005,0.0,0.002967831540874692,-0.012648529303377048
2016-08-05,0.0092,0.0,0.004592516712902991,-0.001807412126227783
2016-08-08,-0.0006,0.0,0.002939738555934551,0.030364224060989424
2016-08-09,0.0005,0.0,-0.0006934123607173646,0.01892872497757635
2016-08-10,-0.0029,0.0,-0.007894267710098974,0.019538079297534986
2016-08-11,0.0054,0.0,0.005276218508778021,0.008010194651317167
2016-08-12,-0.0006,0.0,-0.0019127351824160253,0.004195107347192381
2016-08-15,0.0038,0.0,0.008665524181761433,0.016888868597888587
2016-08-16,-0.005699999999999999,0.0,-0.005850814132624261,0.0017052544511931998
2016-08-17,0.0012,0.0,-0.00201612385178101,0.0014644367625246473
2016-08-18,0.0032,0.0,0.012490806441281683,-0.015419802620130433
2016-08-19,-0.0011,0.0,0.005245305283215731,-0.010690454105432026
2016-08-22,-0.0002,0.0,0.007917591250266753,-0.020495136709493836
2016-08-23,0.0026,0.0,0.006546992189860169,0.026730131434197498
2016-08-24,-0.0055000000000000005,0.0,-0.006071991091304659,-0.011772257834297696
2016-08-25,-0.0008,0.0,-0.0033209926733868784,-0.0025727135544664345
2016-08-26,-0.0015,0.0,-0.0031406289479572282,0.0030696796550244067
2016-08-29,0.0053,0.0,0.011388937317606072,0.008108598767845305
2016-08-30,-0.0014000000000000002,0.0,-0.0005760279751905877,0.006606492175207784
2016-08-31,-0.0024,0.0,-0.01162198617455825,-0.010996589965457482
2016-09-01,0.0003,0.0,0.00017284913500027093,-0.020234823171284295
2016-09-02,0.0053,0.0,-0.00350157038133551,0.032562333243921646
2016-09-06,0.0027,0.0,0.003863904161741181,-0.005674294419965416
2016-09-07,0.0009,0.0,-0.006564303275001249,-0.004685830877891889
2016-09-08,-0.0018,0.0,-0.009643001591249456,-0.01273762439793301
2016-09-09,-0.0246,0.0,-0.023733972034098466,-0.038901386101159466
2016-09-12,0.0144,0.0,0.014026343678446575,0.019807795379053375
2016-09-13,-0.0148,0.0,-0.025149067133084,-0.007892594588651653
2016-09-14,-0.0008,0.0,0.004032414007278375,-0.015136240631171347
2016-09-15,0.010700000000000001,0.0,0.024445275951230215,0.018752208378710205
2016-09-16,-0.0036,0.0,-0.012812742422946107,-0.013445953386216309
2016-09-19,0.0005,0.0,0.012083023284278962,0.018323314937140307
2016-09-20,-0.0001,0.0,-0.004313618502114616,-0.016789253936067203
2016-09-21,0.011200000000000002,0.0,0.008206569277524004,0.016668520296430532
2016-09-22,0.006999999999999999,0.0,0.005992164049217303,0.019840615016151003
2016-09-23,-0.0059,0.0,-0.014885343098636004,-0.026162882805133143
2016-09-26,-0.0088,0.0,-0.0004972201646673228,-0.009243999326964559
2016-09-27,0.0064,0.0,0.009622725746169642,0.011012703327803613
2016-09-28,0.005600000000000001,0.0,0.0009853310960662243,-0.0033390184912512897
2016-09-29,-0.0098,0.0,-0.01142637439311048,-0.015183097675416278
2016-09-30,0.0088,0.0,-0.0006331189786761941,0.025973129577803247
2016-10-03,-0.0026,0.0,-0.00467162023104623,0.0006540427562870999
2016-10-04,-0.0045000000000000005,0.0,0.001516636125852934,-0.011110283696586587
2016-10-05,0.0058,0.0,-0.004886262294055078,0.0051672323986162345
2016-10-06,-0.0006,0.0,-0.003229008148242664,0.006051395218877295
2016-10-07,-0.0038,0.0,-0.0027562513641817984,0.01342459752153739
2016-10-10,0.0052,0.0,0.011922334818063375,0.018455252079510823
2016-10-11,-0.013000000000000001,0.0,-0.00438096885958838,-0.006121015893960352
2016-10-12,0.0006,0.0,-0.002161375255697747,0.02324786900868334
2016-10-13,-0.0040999999999999995,0.0,-0.008644447355453964,-0.026509112405627616
2016-10-14,0.0001,0.0,0.0030562987949801887,-0.019540741097689225
2016-10-17,-0.0029,0.0,-0.005069242480898165,-0.03518001244365684
2016-10-18,0.006,0.0,0.004166109134258965,0.01993146433134869
2016-10-19,0.0024,0.0,0.009323565201795348,-0.028522465219892604
2016-10-20,-0.0016,0.0,0.009163395680464382,-0.0022799573926939997
2016-10-21,0.0002,0.0,0.0019938558926146607,0.011223605189880718
2016-10-24,0.0054,0.0,0.004308208351784114,-0.01214296048780763
2016-10-25,-0.0046,0.0,-0.0008823402552444052,-0.01485686189593146
2016-10-26,-0.0023,0.0,-0.014071184477066347,-0.006308560420279528
2016-10-27,-0.0032,0.0,-0.0031959106744921684,0.006396974301172278
2016-10-28,-0.0029,0.0,-0.009461958522252872,-0.024661463504423227
2016-10-31,0.0002,0.0,0.015371028182801255,0.005047906743840591
2016-11-01,-0.0068000000000000005,0.0,-0.002144119280112316,0.0012248572022950203
2016-11-02,-0.0073,0.0,-0.006290406047558537,-0.0071863991531770375
2016-11-03,-0.004,0.0,-0.0051053344587594345,-0.002693083458849099
2016-11-04,-0.0012,0.0,-0.016923686289465844,0.016178841182190307
2016-11-07,0.022400000000000003,0.0,0.027009294058713933,0.03249689159145169
2016-11-08,0.004,0.0,0.014383107216094974,0.0051632832514993615
2016-11-09,0.014499999999999999,0.0,0.010027913813729233,0.014446238567243195
2016-11-10,0.0032,0.0,0.0076240913825417565,0.013513700050976253
2016-11-11,0.0018,0.0,0.006470641675639827,-0.0014319492437665764
2016-11-14,0.002,0.0,-0.00763324000566561,0.01197338039088364
2016-11-15,0.008,0.0,0.0140136577389848,0.01205028389693625
2016-11-16,-0.0012,0.0,0.007453366207758437,0.014430978240398915
2016-11-17,0.005600000000000001,0.0,0.007158337077559587,-0.0035023079468655726
2016-11-18,-0.0016,0.0,-0.0018789615364937975,-0.0007965982564218442
2016-11-21,0.0077,0.0,0.012782751042335436,0.015110726491821854
2016-11-22,0.0031,0.0,-0.006486790119941345,0.010022025196500008
2016-11-23,0.0015,0.0,0.0022066608140171207,0.017947602167943083
2016-11-25,0.004,0.0,0.01076077765621928,0.010917208610643688
2016-11-28,-0.0064,0.0,-0.014107559302948314,0.004507761734636521
2016-11-29,0.0012,0.0,0.00757165851891001,0.02908907056567267
2016-11-30,-0.0025,0.0,-0.005015551591566748,0.008711438928780436
2016-12-01,-0.0036,0.0,-0.016588930096711054,-0.019178809967131137
2016-12-02,0.0,0.0,-0.0005471018774901805,-0.01963513758618291
2016-12-05,0.0075,0.0,0.0014966744546159065,0.0192919075113729
2016-12-06,0.004699999999999999,0.0,0.006830194315499369,0.0010864417573306848
2016-12-07,0.0126,0.0,0.005335252412919768,0.020643367709145176
2016-12-08,0.0036,0.0,0.010335163957976184,0.00248289766655729
2016-12-09,0.0046,0.0,6.485406490906384e-05,0.02437489934611251
2016-12-12,-0.003,0.0,-0.0006361111666057344,0.012991735462621723
2016-12-13,0.006,0.0,0.0023773256807563194,-0.0076595750400954765
2016-12-14,-0.008199999999999999,0.0,-0.010115064649981027,-0.00665150634733028
2016-12-15,0.0046,0.0,0.012226430239536344,0.002006931507340293
2016-12-16,-0.0022,0.0,-0.0007248256396269919,-0.020852568703821343
2016-12-19,0.0022,0.0,-0.00016942065046097283,0.012063298459450318
2016-12-20,0.0044,0.0,-0.003364711834102435,0.003928021877247877
2016-12-21,-0.0024,0.0,0.005026053818320991,0.0032368162435313474
2016-12-22,-0.003,0.0,0.0017353240759609948,0.030707310174103178
2016-12-23,0.0019,0.0,-3.793314972943022e-05,0.0211206125558461
2016-12-27,0.0027,0.0,0.0043517629902726914,0.019044604187563485
2016-12-28,-0.0087,0.0,-0.015066681328462016,-0.016777306709813554
2016-12-29,-0.0004,0.0,-0.006673874251314874,-0.01674474373370373
2016-12-30,-0.0052,0.0,-0.010285445744978236,0.01077088914392044
2017-01-03,0.0083,0.0,0.010645429822197962,0.006771762783145899
2017-01-04,0.0079,0.0,0.009882701576628756,0.01108122808620011
2017-01-05,-0.0021,0.0,-0.006675919539277964,-0.0077648554196227924
2017-01-06,0.0029,0.0,0.007666590727187736,0.005346893415663648
2017-01-09,-0.0037,0.0,0.001362152296725714,0.028795450350363752
2017-01-10,0.0016,0.0,0.002808266672326063,-0.002110104368791386
2017-01-11,0.0031,0.0,0.009760280748888373,0.0002930771313089777
2017-01-12,-0.003,0.0,-0.004691165667728642,-0.0009117412782350212
2017-01-13,0.0029,0.0,0.0023070813884521076,0.007897623565883721
2017-01-17,-0.0049,0.0,-0.0018022227163442643,-0.022870503267475542
2017-01-18,0.0024,0.0,0.0023045905186191685,-0.021366391200764532
2017-01-19,-0.0038,0.0,0.001320142488464804,-0.012888576718786762
2017-01-20,0.0033,0.0,-0.004472019894587056,0.0014541261264960454
2017-01-23,-0.0029,0.0,0.006200523275980526,-0.014598301576915607
2017-01-24,0.008199999999999999,0.0,0.0033974998593976876,-0.0031723949946325537
2017-01-25,0.0084,0.0,0.007481548684509553,-0.002089648349122829
2017-01-26,-0.001,0.0,-0.00955865571941889,-0.006772502632795358
2017-01-27,-0.0012,0.0,0.0027000928324859034,-0.0032508614970563838
2017-01-30,-0.0068000000000000005,0.0,0.001343557001752503,-0.03151609113376041
2017-01-31,0.0,0.0,0.006866009084773446,-0.007694105027304787
2017-02-01,0.0003,0.0,0.00566881648921697,0.00521563623841176
2017-02-02,-0.0002,0.0,-0.009890032971440268,-0.002104449953016669
2017-02-03,0.008199999999999999,0.0,0.0033918520117151305,-0.0083283539134048
2017-02-06,-0.0027,0.0,-0.005494825334580047,-0.008610393376778644
2017-02-07,0.0,0.0,-0.005769224792711701,-0.0004352436473833045
2017-02-08,0.0007000000000000001,0.0,0.007891362807702093,0.011388415420683702
2017-02-09,0.0070999999999999995,0.0,0.008381189554306553,-0.013497096258127074
2017-02-10,0.0037,0.0,0.0036648519461410867,0.014094889097919911
2017-02-13,0.0049,0.0,0.008090234053342114,-0.00024803842451638636
2017-02-14,0.0045000000000000005,0.0,-0.0013755888499241845,0.008447547296690922
2017-02-15,0.0053,0.0,-0.00030302411956999436,0.016122099453236872
2017-02-16,-0.0016,0.0,-0.007033640989959487,-0.014378121823365059
2017-02-17,0.002,0.0,0.005253764947954717,-0.00881913642161356
2017-02-21,0.006,0.0,0.008270902542530295,0.005969268396333047
2017-02-22,-0.0015,0.0,0.0022606878679161954,0.007830792577228057
2017-02-23,-0.0012,0.0,0.005712222731032963,-0.009372341840338555
2017-02-24,0.0015,0.0,-0.0069311441126458755,-0.01791125931061272
2017-02-27,0.0021,0.0,-0.0013117351362865932,-0.007205121083041749
2017-02-28,-0.0042,0.0,-0.003151549749296069,-0.00046431152963617283
2017-03-01,0.0147,0.0,0.006322764656891359,0.034832186760442585
2017-03-02,-0.0069,0.0,-0.010133341209709655,-0.016329361420452507
2017-03-03,0.0008,0.0,0.007306829284083343,-0.0038104365190977383
2017-03-06,-0.0037,0.0,0.0033650527413374687,-0.007664062075367964
2017-03-07,-0.0034999999999999996,0.0,0.003401663505323686,-0.006801367049064961
2017-03-08,-0.0019,0.0,-0.0015099664299467854,-0.01596720069602781
2017-03-09,0.0005,0.0,-0.0007162223548450111,-0.005866394940923826
2017-03-10,0.0034000000000000002,0.0,0.010319413962758883,0.00697147555836837
2017-03-13,0.0013,0.0,-0.0009284015086958731,0.00268273654073045
2017-03-14,-0.0036,0.0,-0.001350247019739501,-0.004810244580595084
2017-03-15,0.0086,0.0,0.017067520121446786,-0.0031589393684251753
2017-03-16,-0.0007000000000000001,0.0,-0.002896430778523003,-0.008944120289237613
2017-03-17,-0.0008,0.0,-0.004527070358726569,-0.011337300838811393
2017-03-20,-0.0025,0.0,-0.002439985854016246,0.010814172656191008
2017-03-21,-0.0149,0.0,-0.01101151786469047,0.0002522548341731892
2017-03-22,0.0016,0.0,0.004757938776462161,0.00635744028352309
2017-03-23,-0.0003,0.0,0.0008008593043134338,0.021174385277884303
2017-03-24,-0.0005,0.0,0.0031241650061417303,-0.005135829670603838
2017-03-27,-0.0005,0.0,-0.01045747731883492,-0.0050692318454774316
2017-03-28,0.0073,0.0,0.0020061806530330675,-0.008825421407081991
2017-03-29,0.0018,0.0,0.0029472754910334163,0.005099999165440873
2017-03-30,0.0036,0.0,-0.002130970099471412,-0.0020013463007134517
2017-03-31,-0.0016,0.0,-0.009932706940121121,-0.0012067330858567533
2017-04-03,-0.0028000000000000004,0.0,-0.01028950229355639,0.002680198169694696
2017-04-04,0.0005,0.0,-0.005164841437250505,-0.003074027447438714
2017-04-05,-0.0044,0.0,-0.005405238515215868,-0.021571364396529735
2017-04-06,0.0031,0.0,-0.0032228895080675694,0.0030423763243758086
2017-04-07,-0.0008,0.0,0.0007987712141227371,-0.002403230417821726
2017-04-10,0.0008,0.0,0.01160425535551824,0.0010685382792142044
2017-04-11,-0.0005,0.0,-0.0013109107165726417,0.008288573439583297
2017-04-12,-0.0049,0.0,0.0032488959865052368,-0.009660050522771234
2017-04-13,-0.0075,0.0,-0.005564003192249449,-0.01375766493332261
2017-04-17,0.0089,0.0,0.0019648226390853,0.03508901020312061
2017-04-18,-0.0025,0.0,-0.003996180879037291,0.011207918681460167
2017-04-19,-0.0008,0.0,-0.0068659298920003995,-0.002579488700981304
2017-04-20,0.0083,0.0,0.013256585832645888,-0.0023292159557094846
2017-04-21,-0.0028000000000000004,0.0,-0.009944770722443855,-0.010025420921179144
2017-04-24,0.0118,0.0,0.020250472517705793,0.020337223689311755
2017-04-25,0.0066,0.0,0.010361289302614205,0.019938118641053135
2017-04-26,0.0004,0.0,-0.01222030857015054,0.03337945997838577
2017-04-27,0.0005,0.0,0.005559934109543776,-0.002893904318003781
2017-04-28,-0.003,0.0,0.006902131133895564,-0.0019451362813446339
2017-05-01,0.0021,0.0,-0.0027607836819811098,-0.002274012791339105
2017-05-02,0.0003,0.0,0.006625553176147698,0.0014056100583259782
2017-05-03,-0.0019,0.0,-0.01310969243915044,-0.007794852959824838
2017-05-04,0.0002,0.0,0.0019074849663238466,-0.014460477156471252
2017-05-05,0.0046,0.0,-0.005746721623503773,0.019976351200467
2017-05-08,-0.0004,0.0,0.0027578252221614613,0.0012271242540457816
2017-05-09,-0.0005,0.0,-0.011644059024204014,0.01698732289757147
2017-05-10,0.002,0.0,-0.014466475721700926,-0.0042796104515526335
2017-05-11,-0.0025,0.0,0.00011420004782710736,0.00040307619109964873
2017-05-12,-0.0018,0.0,0.01273139846249568,0.006740582444446164
2017-05-15,0.0053,0.0,0.0016666819982969756,-0.01876980698577161
2017-05-16,-0.0003,0.0,0.005048599008123458,-0.01838557270834116
2017-05-17,-0.0197,0.0,-0.01888353802753429,-0.01519847406956422
2017-05-18,0.004,0.0,0.002081159311910376,0.006710902445225903
2017-05-19,0.006999999999999999,0.0,0.01099560423600595,-0.015911251224728314
2017-05-22,0.005600000000000001,0.0,0.016065229013019405,-0.0026701470528816993
2017-05-23,0.0018,0.0,-0.005861527360565992,-0.011878929310306966
2017-05-24,0.0024,0.0,0.006071264473663036,-0.0032944718942772883
2017-05-25,0.0042,0.0,0.006493196467241856,0.026840458727350996
2017-05-26,0.0006,0.0,-0.008253486727519565,-0.006845393137519443
2017-05-30,-0.0019,0.0,0.00839076998564371,0.025547296946864567
2017-05-31,-0.0002,0.0,0.012198853250007479,-0.0034369281380280167
2017-06-01,0.009399999999999999,0.0,0.0035171482423668275,0.0024556808668624724
2017-06-02,0.0034999999999999996,0.0,0.014566791700056547,0.026309139572861295
2017-06-05,-0.0017000000000000001,0.0,-0.001227265081720513,0.01108877606367152
2017-06-06,-0.0028000000000000004,0.0,-0.0037093202536351124,0.015590152223294407
2017-06-07,0.0015,0.0,0.011089885757268849,0.028942651972818947
2017-06-08,0.0018,0.0,0.0033517399401305718,0.017301499752861525
2017-06-09,-0.0012,0.0,0.0009548644713792236,0.015601303942022483
2017-06-12,-0.0012,0.0,0.00847950131884259,-0.02465692381272411
2017-06-13,0.0055000000000000005,0.0,0.013734070335598317,-0.003673001477239336
2017-06-14,-0.0017000000000000001,0.0,0.004045360103401227,0.004338160520728357
2017-06-15,-0.003,0.0,-0.011703587361064725,-0.0005777248025315893
2017-06-16,-0.0004,0.0,-0.010186080492508512,0.009894112242695513
2017-06-19,0.0086,0.0,0.015813070603376077,0.005228298889509982
2017-06-20,-0.0073,0.0,-0.013018736666569358,0.006335370845178706
2017-06-21,-0.0007000000000000001,0.0,0.0003544060366538164,0.027363102997667074
2017-06-22,0.0002,0.0,-0.006446969974029353,0.008933597763807432
2017-06-23,0.0024,0.0,0.0013619312518871633,0.015273620691145478
2017-06-26,0.0004,0.0,-0.007535974539820538,0.00818356027328536
2017-06-27,-0.0085,0.0,0.0018881788930996887,0.002412292648643814
2017-06-28,0.0101,0.0,0.0038005026256360715,0.01683271640089598
2017-06-29,-0.0083,0.0,-0.008949444032251477,-0.01691142703090455
2017-06-30,0.0014000000000000002,0.0,0.00033350232090575646,0.005320052195265913
2017-07-03,0.0023,0.0,0.010016749566229544,0.005284527251611536
2017-07-05,0.0012,0.0,-0.007625466239583042,-0.01855470617575065
2017-07-06,-0.0095,0.0,-0.009590987442838185,-0.00832547503494823
2017-07-07,0.0069,0.0,0.0057009956243662474,0.010157577856852618
2017-07-10,0.0005,0.0,0.003957264751041543,0.004324012382322445
2017-07-11,0.0,0.0,0.0030924738389585776,-0.006691499320695652
2017-07-12,0.0072,0.0,0.0043977190471968484,0.016789092042465044
2017-07-13,0.0017000000000000001,0.0,0.003328297500315448,0.011585623617738362
2017-07-14,0.0042,0.0,0.0019590929962317112,-0.0034148399022032715
2017-07-17,0.0,0.0,0.0030678964358545548,0.0052358426103424555
2017-07-18,0.0004,0.0,-0.00012714668623760566,0.012016195872367276
2017-07-19,0.0059,0.0,0.0018893505018485095,0.018652752395145283
2017-07-20,-0.0001,0.0,-0.00015454530646274436,-0.011979104469360369
2017-07-21,-0.0008,0.0,0.001610671172806991,-0.014320314271971994
2017-07-24,-0.0003,0.0,0.014092766340829004,0.0006613565333436981
2017-07-25,0.0038,0.0,0.0008245776995993511,-0.008737490673359757
2017-07-26,-0.0006,0.0,0.001450811847711795,0.03411196017627827
2017-07-27,-0.0014000000000000002,0.0,0.007935312677027795,-0.012351761691127262
2017-07-28,-0.0017000000000000001,0.0,-0.0146721845218113,-0.01259124432555488
2017-07-31,-0.0011,0.0,-0.01196106094435159,0.00789615910973126
2017-08-01,0.0024,0.0,-0.004968802461852709,-0.002895570351153931
2017-08-02,-0.0008,0.0,-0.0014005749594689547,-0.032797750324278035
2017-08-03,-0.0021,0.0,0.013389456591910601,-0.0044226906055625185
2017-08-04,0.0025,0.0,0.005084427810291236,-0.010023586896539278
2017-08-07,0.0016,0.0,0.009329206950274293,-0.0049062326600983145
2017-08-08,-0.0023,0.0,-0.003579668817173867,-0.02498190242112141
2017-08-09,-0.0014000000000000002,0.0,-0.016800953284512577,-0.014143232556649392
2017-08-10,-0.0149,0.0,-0.029355504101951462,-0.02162484779794333
2017-08-11,0.0019,0.0,0.008435745662516881,0.0013374718400821282
2017-08-14,0.0103,0.0,0.011583553278443333,-0.0020023714234718437
2017-08-15,-0.0011,0.0,-0.009160728275373047,-0.011445653093514547
2017-08-16,0.0018,0.0,0.00895750633162151,-0.009587185525494405
2017-08-17,-0.016,0.0,-0.025575457486248517,-0.01919376099605175
2017-08-18,-0.0015,0.0,0.005764101391734913,-0.004350395169807604
2017-08-21,0.0006,0.0,0.009861635609060351,-0.016719873483963227
2017-08-22,0.010700000000000001,0.0,0.006001113217592934,0.02226812276528821
2017-08-23,-0.0032,0.0,-0.01006143358636863,-0.01418438048601456
2017-08-24,-0.0015,0.0,0.0039378080980387725,0.0028753205297847254
2017-08-25,0.0018,0.0,-0.004980621887871495,-0.010722505804896003
2017-08-28,0.0008,0.0,0.006348421962189212,0.004557999949255846
2017-08-29,0.001,0.0,-0.006410248961506028,-0.000910852762110831
2017-08-30,0.0053,0.0,0.010506314368110836,0.0070499760535199865
2017-08-31,0.0062,0.0,0.006910353783266742,0.01434020843568834
2017-09-01,0.0028000000000000004,0.0,0.00019280010130248585,0.009021357821294894
2017-09-05,-0.008,0.0,-0.013523235531794566,-0.008765771609754095
2017-09-06,0.0028000000000000004,0.0,0.004415627997188665,0.005240564501373032
2017-09-07,-0.0007000000000000001,0.0,-0.012503593695343899,-0.01893680654898053
2017-09-08,-0.0017000000000000001,0.0,-0.003319363263177233,-0.00380767914272139
2017-09-11,0.010700000000000001,0.0,0.008323510922337699,-0.01670036601213601
2017-09-12,0.0042,0.0,0.008592313496003302,-0.025842063428792514
2017-09-13,0.001,0.0,-0.006779278210819338,-0.0036136611847367127
2017-09-14,-0.0013,0.0,0.009612693337183252,-0.005387833189846387
2017-09-15,0.0019,0.0,5.6273242650214505e-05,0.02226998470085435
2017-09-18,0.0024,0.0,-0.0046507338434467384,0.011581977966350623
2017-09-19,0.0015,0.0,0.01035052302080581,0.01648106453079914
2017-09-20,0.0015,0.0,0.01209452850473889,-0.002896345355790141
2017-09-21,-0.0028000000000000004,0.0,-0.003863804797886666,0.0018217768076171505
2017-09-22,0.0013,0.0,-0.004194183649702261,0.017033011300745853
2017-09-25,-0.0026,0.0,-0.0023798281837105603,0.0032970210941258497
2017-09-26,0.0006,0.0,-0.0036301375062646685,0.005100953299607284
2017-09-27,0.0063,0.0,0.004453421078675095,0.009116655887507558
2017-09-28,0.0013,0.0,0.01123623004004606,-0.011351576592677803
2017-09-29,0.0034999999999999996,0.0,0.006087791787574816,-0.008107387551816513
2017-10-02,0.005,0.0,0.0060349426214258,-0.013497584112132767
2017-10-03,0.0026,0.0,0.004898719575694979,0.008577372634191475
2017-10-04,0.0005,0.0,0.00025311623527538127,-0.0034194366213660143
2017-10-05,0.0055000000000000005,0.0,0.01092042684480627,-0.0024237764265545884
2017-10-06,-0.0008,0.0,0.004858054801481107,0.003502896432086426
2017-10-09,-0.0023,0.0,-0.004509948808857649,-0.011140277947701267
2017-10-10,0.0024,0.0,0.003181042264339255,0.017131735907908636
2017-10-11,0.0016,0.0,0.01692334685859877,0.02792970779129033
2017-10-12,-0.0018,0.0,0.0009748726041174844,0.003594301379600983
2017-10-13,0.0004,0.0,-0.000651718649440686,-0.009148271900873637
2017-10-16,0.0017000000000000001,0.0,0.014730892005323423,-0.01847058139680899
2017-10-17,0.0001,0.0,0.0002784671230591111,0.02746450598544228
2017-10-18,0.0014000000000000002,0.0,-0.0053933047739349056,0.007802552381490795
2017-10-19,0.0002,0.0,0.004568507605472123,-0.016009249634620117
2017-10-20,0.005699999999999999,0.0,0.00015067567816778264,0.021935056802446555
2017-10-23,-0.0045000000000000005,0.0,-0.007513159808505138,-0.028837315102514256
2017-10-24,0.002,0.0,0.00417470433023915,-0.003597024311965098
2017-10-25,-0.005,0.0,-0.005679508946708056,-0.009914208935776384
2017-10-26,0.002,0.0,-0.002690465934639516,-0.002484811313836609
2017-10-27,0.008199999999999999,0.0,0.004848347347921882,-0.005095271484908778
2017-10-30,-0.0046,0.0,-0.008218869850087778,0.026688187348906427
2017-10-31,0.0023,0.0,0.009765331763780829,-0.0025994199951997854
2017-11-01,0.0005,0.0,-0.003922826793320106,0.005772782025424885
2017-11-02,0.0006,0.0,-0.002885593643038549,0.0011351723975425395
2017-11-03,0.003,0.0,0.015959473206533445,-0.018151342467979614
2017-11-06,0.0006,0.0,-0.002769339746689783,-0.006862663055352805
2017-11-07,-0.002,0.0,0.007501497273906001,0.00015830134319507914
2017-11-08,0.0012,0.0,0.009607381428386474,0.01422680392360536
2017-11-09,-0.0040999999999999995,0.0,-0.0049431971460580865,-0.010166578582180657
2017-11-10,0.0001,0.0,-0.00872227734108451,0.005066529208647839
2017-11-13,0.0009,0.0,0.0038727684077100167,-0.0035649189751958766
2017-11-14,-0.0022,0.0,0.002156502743587377,0.005129528630793325
2017-11-15,-0.0052,0.0,0.0010156428009882113,-0.04080255333468779
2017-11-16,0.0101,0.0,0.010671938746762154,0.021302669803626943
2017-11-17,-0.0014000000000000002,0.0,0.00630704653796428,-0.010426357557371124
2017-11-20,0.0021,0.0,0.010977483589189626,-0.0052914090860818035
2017-11-21,0.0067,0.0,0.00017706507867965102,-0.030408377128682426
2017-11-22,-0.0005,0.0,0.008623977529741166,-0.01531176855555328
2017-11-24,0.0021,0.0,0.0033185611008503804,0.011111952034270733
2017-11-27,-0.0006,0.0,-0.004044804947183645,0.030945121800807624
2017-11-28,0.0106,0.0,0.008711881596796183,0.004081041457360645
2017-11-29,0.0002,0.0,0.012146640369146615,-0.008845723265204346
2017-11-30,0.008199999999999999,0.0,0.01451785381758382,0.017391434908143724
2017-12-01,-0.0022,0.0,-0.013350882602301384,0.001077800597662749
2017-12-04,-0.0011,0.0,-0.0004552194903561786,-0.009515346169771881
2017-12-05,-0.0042,0.0,-0.004961924249537602,-0.0077696816448821985
2017-12-06,-0.0009,0.0,-0.0018870482261579165,-0.0064320077616659
2017-12-07,0.0042,0.0,0.00108647353826674,0.013993610430450078
2017-12-08,0.0051,0.0,-0.0039547893703692025,0.017576381220872222
2017-12-11,0.0027,0.0,0.008246896595268578,0.02775843856402312
2017-12-12,0.0007000000000000001,0.0,-0.005100441337747059,0.01358209308264719
2017-12-13,0.0002,0.0,-0.002011992261310036,0.009496029066377164
2017-12-14,-0.004699999999999999,0.0,-0.008375622998884552,-0.003889820825121117
2017-12-15,0.0092,0.0,0.004734188144978496,0.02493062063624403
2017-12-18,0.0066,0.0,0.01140099859237068,-0.004902111033412817
2017-12-19,-0.003,0.0,-0.0004634024216435581,0.025885766188629592
2017-12-20,0.0001,0.0,-0.0040277714908844835,0.0040986297231116065
2017-12-21,0.0024,0.0,-0.003432700299440581,0.022674168043721566
2017-12-22,-0.0007000000000000001,0.0,-0.003537985221234583,-0.011767808070672701
2017-12-26,-0.0007000000000000001,0.0,0.00551072734808841,0.013403792777354878
2017-12-27,0.0005,0.0,0.00141227772562965,0.006290555606321561
2017-12-28,0.0022,0.0,0.003787336866275228,0.0004188842104549252
2017-12-29,-0.005699999999999999,0.0,-0.007648189178626975,-0.016495710300983617
2018-01-02,0.0085,0.0001,0.007094553707359699,-0.0008529331765886495
2018-01-03,0.0059,0.0001,0.007483144877886864,0.032699685644500834
2018-01-04,0.0042,0.0001,-0.007193438422301059,0.02252564367623506
2018-01-05,0.0066,0.0001,0.016974059199880234,0.0104118473652213
2018-01-08,0.0019,0.0001,-0.002842640380273385,0.005411154998831037
2018-01-09,0.0015,0.0001,-0.0018609964985001391,-0.007821848776061723
2018-01-10,-0.0007000000000000001,0.0001,0.0079507863033668,-0.02598732305442428
2018-01-11,0.0086,0.0001,0.010220248381534415,-0.013277709901862144
2018-01-12,0.0066,0.0001,0.007084149092064932,0.0004419924153377687
2018-01-16,-0.0049,0.0001,-0.00835551855969879,-0.008250536223148995
2018-01-17,0.0095,0.0001,-0.00011539518290650087,-0.003569763064177951
2018-01-18,-0.0018,0.0001,-0.0004159061525454303,0.008917830872665143
2018-01-19,0.005699999999999999,0.0001,0.013448486634008112,0.014787666789904994
2018-01-22,0.0077,0.0001,0.0022517525174932614,0.012485750825202199
2018-01-23,0.0022,0.0001,0.011003596338659175,-0.021182192449132393
2018-01-24,-0.0013,0.0001,-0.008181280392598007,-0.004406559818228618
2018-01-25,0.0007000000000000001,0.0001,-0.003704787852881557,0.000746710574160334
2018-01-26,0.0111,0.0001,0.014505864834298023,-0.002745726506588802
2018-01-29,-0.0062,0.0001,-0.005980541480969005,-0.03801171234835807
2018-01-30,-0.0106,0.0001,-0.00602876706010126,0.012951817605766105
2018-01-31,-0.0007000000000000001,0.0001,-0.005153463164106849,0.00792325725193521
2018-02-01,0.0003,0.0001,-0.005980439667121234,-0.004679126981040261
2018-02-02,-0.0213,0.0001,-0.032842341879504564,-0.005346360535798528
2018-02-05,-0.0403,0.0001,-0.047663620516446355,-0.03677115520327171
2018-02-06,0.0167,0.0001,0.010140205945999601,0.028157384931110866
2018-02-07,-0.0038,0.0001,-0.012569990860336822,-0.0015652690616888342
2018-02-08,-0.036699999999999997,0.0001,-0.03453782962126497,-0.03667513491804904
2018-02-09,0.0137,0.0001,0.009736964174165998,0.03830402107768962
2018-02-12,0.013600000000000001,0.0001,0.0012939660308275258,0.018897605461461024
2018-02-13,0.0031,0.0001,0.018963517752240977,0.0010885541191356788
2018-02-14,0.0152,0.0001,0.010159963883677528,0.02806903727020312
2018-02-15,0.012199999999999999,0.0001,0.00451008226410637,-0.02289913544392601
2018-02-16,0.0003,0.0001,0.008328979405630627,0.001857488504779836
2018-02-20,-0.0062,0.0001,0.001360590668034833,-0.013446510851266556
2018-02-21,-0.0044,0.0001,-0.01143371850792871,-0.0057109074677339595
2018-02-22,0.0001,0.0001,-0.008966165503150169,-0.0021721099373939435
2018-02-23,0.0154,0.0001,0.009319219247945126,0.024941397491828745
2018-02-26,0.011200000000000002,0.0001,0.018534139330703858,0.01625882283074827
2018-02-27,-0.0125,0.0001,-0.014241710912255415,-0.015063805648939332
2018-02-28,-0.0111,0.0001,-0.015975270045293075,-0.01601486328639491
2018-03-01,-0.011899999999999999,0.0001,-0.01185968178146736,-0.008922834320867299
2018-03-02,0.006999999999999999,0.0001,0.014804741015264536,0.002318624417934316
2018-03-05,0.010700000000000001,0.0001,0.002165703051761583,0.02777406953577995
2018-03-06,0.0036,0.0001,0.0014013236569345741,-0.018387265107557293
2018-03-07,0.0005,0.0001,-0.00799602960770848,0.00372267705941951
2018-03-08,0.0037,0.0001,0.01760234108308716,0.011326100976087716
2018-03-09,0.0171,0.0001,0.028773384028546515,0.004870093842547143
2018-03-12,-0.0009,0.0001,0.00531080551881447,-0.00687696517055674
2018-03-13,-0.0067,0.0001,-0.007321303374516988,0.009889841746450358
2018-03-14,-0.0053,0.0001,-0.0009288449810748785,-0.00846087169815127
2018-03-15,-0.0017000000000000001,0.0001,-0.014722392863343167,-0.014182800071919143
2018-03-16,0.0025,0.0001,0.004460372624525485,-0.03780506893594467
2018-03-19,-0.0137,0.0001,-0.021898002072672913,-0.012837865242590361
2018-03-20,0.0014000000000000002,0.0001,-0.006726236655748989,0.0034896015562663894
2018-03-21,-0.0007000000000000001,0.0001,-0.004920308349739733,0.007800297988355159
2018-03-22,-0.0254,0.0001,-0.027387110515971997,-0.004362753308064542
2018-03-23,-0.021,0.0001,-0.017163711143258504,-0.027097786481042104
2018-03-26,0.026699999999999998,0.0001,0.03133290885000354,0.036820090323564494
2018-03-27,-0.0187,0.0001,-0.016826270679792997,-0.03356379300906988
2018-03-28,-0.0034999999999999996,0.0001,-0.009229713766266747,-0.005146654935481304
2018-03-29,0.0141,0.0001,0.018577364120594048,0.018185935044801333
2018-04-02,-0.023,0.0001,-0.023542846754259206,-0.019178248369131446
2018-04-03,0.0125,0.0001,0.020153790560958968,0.02418422439100146
2018-04-04,0.011699999999999999,0.0001,0.006141667602983134,0.004880802518136826
2018-04-05,0.0075,0.0001,-0.00968763427399763,0.003418855749762611
2018-04-06,-0.0219,0.0001,-0.02468393810096833,-0.009105610187057613
2018-04-09,0.003,0.0001,0.016770733832473524,-0.00914258085870921
2018-04-10,0.0177,0.0001,0.020873390248330778,0.03362429293032847
2018-04-11,-0.0049,0.0001,-0.005905111090689529,0.016395929208942783
2018-04-12,0.0084,0.0001,0.01418543311439897,0.020236400436512564
2018-04-13,-0.0037,0.0001,-0.000311200801245818,-0.0010431387313741497
2018-04-16,0.008199999999999999,0.0001,0.011325224662926554,0.029831539663014255
2018-04-17,0.0109,0.0001,0.007884014279811743,0.019328353214975304
2018-04-18,0.0013,0.0001,0.0019988800669878135,0.0018234105243043126
2018-04-19,-0.0049,0.0001,-0.003413561883647237,-0.008925436741784257
2018-04-20,-0.008100000000000001,0.0001,-0.011929341024469181,0.005640895067541274
2018-04-23,-0.0005,0.0001,-0.007328289993157027,0.009242686540036559
2018-04-24,-0.013000000000000001,0.0001,-0.011905191934007303,0.004763494353444119
2018-04-25,0.0011,0.0001,0.007419710055623019,-0.002965876026574901
2018-04-26,0.0095,0.0001,0.013796681583467864,0.008271417558522258
2018-04-27,0.0001,0.0001,0.0034308139416578936,-0.005653382660642639
2018-04-30,-0.008100000000000001,0.0001,-0.004704066872644157,-0.0063919821067209516
2018-05-01,0.0025,0.0001,0.018996734701022186,-0.00608923434914029
2018-05-02,-0.0062,0.0001,-0.004343838816880266,0.005027589529373021
2018-05-03,-0.0025,0.0001,0.00428327055959648,0.0017026231339176679
2018-05-04,0.013000000000000001,0.0001,0.02554761863016233,0.0035523304251351786
2018-05-07,0.0040999999999999995,0.0001,0.004653313772640091,-0.03550167352535948
2018-05-08,0.0007000000000000001,0.0001,0.002585430291913472,-0.0241430731280944
2018-05-09,0.009000000000000001,0.0001,0.01579592244918712,0.03188612267581287
2018-05-10,0.0085,0.0001,0.01935032693267584,0.010451476767015178
2018-05-11,0.0019,0.0001,0.004091425644916979,0.004761508313598782
2018-05-14,0.0005,0.0001,0.0030058449351360148,-0.004993453413257221
2018-05-15,-0.0055000000000000005,0.0001,-0.004708716837329955,-0.0014462750133930043
2018-05-16,0.005,0.0001,-0.002375513431021416,-0.019881611247512265
2018-05-17,0.0001,0.0001,0.007359693379860457,-0.027359641825463105
2018-05-18,-0.0023,0.0001,-0.003671545025138471,-0.02543381747661367
2018-05-21,0.0072,0.0001,-0.0034080760198488907,0.010515082386415674
2018-05-22,-0.0042,0.0001,-0.004888928337650676,0.004522787897942126
2018-05-23,0.0029,0.0001,-0.007760217898865018,0.010572548462199679
2018-05-24,-0.0016,0.0001,-0.007709941998190128,-0.0036094945691855468
2018-05-25,-0.0022,0.0001,-0.0018481357644962275,-0.02039409235852068
2018-05-29,-0.0103,0.0001,-0.01585704186534156,-0.0021368977418512627
2018-05-30,0.0131,0.0001,0.020092944059444746,0.013336460996854654
2018-05-31,-0.006999999999999999,0.0001,-0.016004163062149687,-0.00916823796265095
2018-06-01,0.0106,0.0001,0.012514425394629913,0.012964856473331286
2018-06-04,0.0048,0.0001,0.008573602539556831,-4.681223143137717e-05
2018-06-05,0.0016,0.0001,0.011063250442474887,-0.007744881589976904
2018-06-06,0.0086,0.0001,0.014677319120456014,0.003191777733153264
2018-06-07,-0.0014000000000000002,0.0001,0.00033849285073858057,-0.019521780087690253
2018-06-08,0.0031,0.0001,0.003877638473302923,0.007674521964116254
2018-06-11,0.0012,0.0001,0.0011038759759332926,-0.0006462580816419209
2018-06-12,0.0023,0.0001,0.009747462724410523,0.017292390977366803
2018-06-13,-0.0033,0.0001,-0.0071616992202049095,-0.029199018470302835
2018-06-14,0.0028000000000000004,0.0001,0.006359236821636483,0.020083963303763604
2018-06-15,-0.0007000000000000001,0.0001,-0.0010109025474675886,-0.0017062025288074611
2018-06-18,-0.0009,0.0001,0.0008964101608208339,-0.003226127096899322
2018-06-19,-0.0038,0.0001,-0.0051708371360759675,-0.01590827299954623
2018-06-20,0.0023,0.0001,0.01603363807021036,-0.008138627536323254
2018-06-21,-0.0073,0.0001,-0.011154988375831124,-0.02999856943714631
2018-06-22,0.0011,0.0001,0.0029808848007979883,0.014082178810205948
2018-06-25,-0.0148,0.0001,-0.012773728980648897,-0.0220088024416007
2018-06-26,0.0027,0.0001,0.006819872576821654,0.013650504949267016
2018-06-27,-0.0102,0.0001,-0.007072180726848576,-0.0015927175609899713
2018-06-28,0.0058,0.0001,0.008765805881070357,0.0008147348813603561
2018-06-29,0.0006,0.0001,0.007077497263663783,-0.002319877097791876
2018-07-02,0.0036,0.0001,-0.005587640689072085,9.817982175952421e-05
2018-07-03,-0.0044,0.0001,-0.004044039539099855,0.00871513683069677
2018-07-05,0.0087,0.0001,0.0012231771607043782,0.013337327937156612
2018-07-06,0.0088,0.0001,0.010559856191990215,0.013985194160625405
2018-07-09,0.009300000000000001,0.0001,0.0021449153104142085,0.02229074635468077
2018-07-10,0.0021,0.0001,-0.003651642835989555,0.0018949171632891245
2018-07-11,-0.006999999999999999,0.0001,-0.007084875169246709,0.01944402555748598
2018-07-12,0.0085,0.0001,0.017593941612143244,-0.0015913009128719253
2018-07-13,0.0008,0.0001,0.004735598586235915,0.018643630481410243
2018-07-16,-0.0016,0.0001,0.0005675911184881274,0.01761217153295747
2018-07-17,0.0048,0.0001,0.013939931702342222,-0.009356095471276905
2018-07-18,0.0026,0.0001,-0.0030536429747775587,0.01557102510934131
2018-07-19,-0.0034000000000000002,0.0001,-0.016277565375579152,-0.0002902467898614483
2018-07-20,-0.001,0.0001,-0.0033681219427333397,0.011010522698195675
2018-07-23,0.0016,0.0001,0.00014995778041322427,-0.014326304686747551
2018-07-24,0.0022,0.0001,0.010280945907083387,0.006485636814384959
2018-07-25,0.0083,0.0001,0.022078824040904322,-0.0025389067595547265
2018-07-26,-0.0021,0.0001,-0.010173076162346088,-0.007069621018853275
2018-07-27,-0.008199999999999999,0.0001,0.00771028323354503,0.009275246701872214
2018-07-30,-0.006999999999999999,0.0001,0.0031599114601934476,-0.010711416577754013
2018-07-31,0.0051,0.0001,0.010687885258785062,-0.024322325907404897
2018-08-01,-0.0013,0.0001,0.0013242121647924964,-0.02081850519300076
2018-08-02,0.0067,0.0001,0.022288884139839277,-0.006830757902847617
2018-08-03,0.0031,0.0001,0.003913553717617198,0.01836535921654171
2018-08-06,0.0046,0.0001,0.0019222462316359744,-0.0034323039076344726
2018-08-07,0.0029,0.0001,0.004082721680781061,-0.01755118931590553
2018-08-08,-0.0004,0.0001,-0.008718740281046067,0.01521420404440213
2018-08-09,-0.0005,0.0001,0.00278045929681435,0.003080815387020073
2018-08-10,-0.006,0.0001,-0.006384521569745667,-0.0027973875714076978
2018-08-13,-0.0046,0.0001,-0.0022101820686238997,-0.016793750486985372
2018-08-14,0.0069,0.0001,0.009476507993857066,0.02901289646863898
2018-08-15,-0.0091,0.0001,-0.015462516455170782,-0.013273454356929877
2018-08-16,0.0086,0.0001,0.017199286240631727,-0.01591531047345651
2018-08-17,0.003,0.0001,-0.0030845863250000523,-0.011611802264336583
2018-08-20,0.0025,0.0001,0.008403396657877,-0.008167592460145302
2018-08-21,0.0033,0.0001,-0.006428194520454836,0.002316146583928367
2018-08-22,0.0005,0.0001,0.0031498459598506925,0.011504483530210687
2018-08-23,-0.0019,0.0001,-0.006755529551614569,-0.012287304544502766
2018-08-24,0.0062,0.0001,0.006779654856537543,-8.601063245679359e-06
2018-08-27,0.0074,0.0001,0.003608124373707155,0.0404272878637988
2018-08-28,-0.0001,0.0001,-0.013541061406197393,0.0012739862858468086
2018-08-29,0.005600000000000001,0.0001,-0.0011088441711888978,0.00021050809184139694
2018-08-30,-0.0040999999999999995,0.0001,-0.0033535103002121486,-0.004614522379307128
2018-08-31,0.0008,0.0001,0.005045281557953709,-0.01605389216713561
2018-09-04,-0.0011,0.0001,-0.010039889427837847,0.006243393039033153
2018-09-05,-0.0040999999999999995,0.0001,-0.017171740733105564,0.008347798749529324
2018-09-06,-0.0044,0.0001,-0.00957859430759787,-0.013532573994582808
2018-09-07,-0.0018,0.0001,-0.0028158835639051916,0.011796835260081824
2018-09-10,0.0023,0.0001,-0.001372836575358512,-0.0007802258058241735
2018-09-11,0.0037,0.0001,-0.001084229150120179,0.009062866184886373
2018-09-12,0.0003,0.0001,0.00597450764544731,-0.009628729211040157
2018-09-13,0.0045000000000000005,0.0001,0.010900759097543268,-0.004989501105860721
2018-09-14,0.0012,0.0001,0.006188918770279207,-0.018959280957411718
2018-09-17,-0.0072,0.0001,-0.012792436797022527,-0.006056922580009001
2018-09-18,0.005699999999999999,0.0001,0.006496628013424862,0.0037306789590155725
2018-09-19,0.0005,0.0001,-0.000403709408252537,-0.00260468812732508
2018-09-20,0.0077,0.0001,-0.0009759570369061749,-0.0053764051431367
2018-09-21,-0.0013,0.0001,0.004575290902621953,-0.01761868925503298
2018-09-24,-0.0031,0.0001,-0.002229831326207967,-0.012533350080150905
2018-09-25,-0.0005,0.0001,-0.0032386147997287558,0.00611583570309958
2018-09-26,-0.004,0.0001,0.005245692569124078,-0.0007685695236852961
2018-09-27,0.0027,0.0001,0.007827590243329513,-0.005688884510350401
2018-09-28,-0.0003,0.0001,0.005408220785432316,0.003938911460314845
2018-10-01,0.0016,0.0001,0.009475309826867485,0.026697701728026383
2018-10-02,-0.0021,0.0001,0.002737554607280942,-0.0010052294051834916
2018-10-03,0.002,0.0001,-0.0056553656332694,0.030878537865084682
2018-10-04,-0.009300000000000001,0.0001,-0.011434723609352567,-0.005823830019029458
2018-10-05,-0.0064,0.0001,0.0002336352091555722,0.010387893477961072
2018-10-08,-0.0018,0.0001,-0.006329968871766665,-0.00940959881244966
2018-10-09,-0.0018,0.0001,-0.0012542339966783091,0.014184864611820868
2018-10-10,-0.0333,0.0001,-0.030482648183476624,-0.05944870931484319
2018-10-11,-0.0196,0.0001,-0.010207975378583947,-0.02185274025655351
2018-10-12,0.0139,0.0001,0.022392173992619814,0.013686110257162019
2018-10-15,-0.0048,0.0001,0.0011693279055196655,-0.03365368956470092
2018-10-16,0.0225,0.0001,0.02163456522868614,0.010591527263113742
2018-10-17,-0.0009,0.0001,0.0051712412915170996,0.014767795054980125
2018-10-18,-0.0154,0.0001,-0.011766206634358733,-0.012975277533449212
2018-10-19,-0.0024,0.0001,-0.003113132578360721,0.015077038874063723
2018-10-22,-0.0038,0.0001,0.005057999152306104,-0.0019840052653953117
2018-10-23,-0.0062,0.0001,-0.0027802026511731274,-0.0480442912321874
2018-10-24,-0.0333,0.0001,-0.03775925708002737,-0.039583806039772906
2018-10-25,0.019299999999999998,0.0001,0.0275785982918154,0.01743416413379129
2018-10-26,-0.0165,0.0001,-0.017806293609830635,-0.028197936715001395
2018-10-29,-0.0076,0.0001,-0.0035606019388679535,-0.015883650540580156
2018-10-30,0.0166,0.0001,0.007295556903804428,0.011185232721570147
2018-10-31,0.0121,0.0001,0.012274397487987367,0.0026510431124919264
2018-11-01,0.0129,0.0001,0.00723419773388951,0.034199559588962904
2018-11-02,-0.0053,0.0001,-0.011134845132143367,-0.0004864511865876932
2018-11-05,0.004,0.0001,-0.007744737190520569,-0.0036452364739965487
2018-11-06,0.005699999999999999,0.0001,0.019491001121501417,0.001767620768269644
2018-11-07,0.0212,0.0001,0.020543034569989498,0.0412618732702922
2018-11-08,-0.0028000000000000004,0.0001,-0.0010131531801044252,0.0018415894699398895
2018-11-09,-0.0104,0.0001,-0.003135116284330427,-0.010617434029479537
2018-11-12,-0.0206,0.0001,-0.021083357085991065,-0.04357997042872398
2018-11-13,-0.0013,0.0001,0.0022176105562421128,-0.007520125051489237
2018-11-14,-0.0078000000000000005,0.0001,-0.01607961407378037,-0.025687648949853283
2018-11-15,0.0118,0.0001,0.013317786806097173,-0.011043215831421174
2018-11-16,0.0015,0.0001,-0.0008277335487610954,0.014517894362246587
2018-11-19,-0.018799999999999997,0.0001,-0.015368003971312853,-0.028816533871518998
2018-11-20,-0.018500000000000003,0.0001,-0.017082070441179324,-0.029596633540714852
2018-11-21,0.0051,0.0001,-0.0033518397639667598,-0.006517056259984799
2018-11-23,-0.0055000000000000005,0.0001,-0.016889724230114846,0.003498470636516504
2018-11-26,0.016200000000000003,0.0001,0.01008133748609302,0.05021779023896375
2018-11-27,0.0011,0.0001,0.006017825026467908,0.0096892686225071
2018-11-28,0.0242,0.0001,0.027150847840684163,0.04449348722011525
2018-11-29,-0.0022,0.0001,0.0006115817665354338,-0.019969415992594528
2018-11-30,0.0079,0.0001,-0.004550177002375523,0.012856996892251938
2018-12-03,0.0113,0.0001,-0.005373006732609463,0.017866184285554185
2018-12-04,-0.0346,0.0001,-0.03826319271652074,-0.02418191135599402
2018-12-06,-0.0016,0.0001,-0.003431881892097467,-0.0018037548165705686
2018-12-07,-0.0236,0.0001,-0.02713955184793024,-0.04361520902138869
2018-12-10,0.001,0.0001,0.0034932873500740963,0.0005232188081484659
2018-12-11,-0.0008,0.0001,-0.0016208043747431425,-0.006923322611241506
2018-12-12,0.0068000000000000005,0.0001,-0.00041578337274135484,0.029017259387587393
2018-12-13,-0.0026,0.0001,-0.007890083789164256,0.005971132393642502
2018-12-14,-0.0189,0.0001,-0.017747888663563468,-0.019707891745399764
2018-12-17,-0.0213,0.0001,-0.020593401835769718,-0.02507115926010645
2018-12-18,-0.0003,0.0001,-0.0005207500986115641,0.011432544705136508
2018-12-19,-0.0158,0.0001,-0.0012714036617811717,-0.027217618549021334
2018-12-20,-0.016200000000000003,0.0001,-0.0176111137929076,-0.03366576834398468
2018-12-21,-0.0216,0.0001,-0.02060118450987614,-0.05403610491461419
2018-12-24,-0.0255,0.0001,-0.03153418179457601,-0.016592963486483286
2018-12-26,0.0507,0.0001,0.04867627546202502,0.07302904211556029
2018-12-27,0.0078000000000000005,0.0001,0.01133851706029684,0.01914118348560898
2018-12-28,-0.0003,0.0001,0.003506548376912283,0.00029138233457320537
2018-12-31,0.009000000000000001,0.0001,0.008240505297214176,0.034826352108054334
2019-01-02,0.0022,0.0001,0.004918260449409178,-0.010657668254136424
2019-01-03,-0.0245,0.0001,-0.023924517108249322,-0.015088493965236111
2019-01-04,0.0355,0.0001,0.023874927761534,0.03453022124168602
2019-01-07,0.009399999999999999,0.0001,-0.011008206169365438,0.006017771590917596
2019-01-08,0.0101,0.0001,0.024878060011971584,-0.003677288609674908
2019-01-09,0.0052,0.0001,0.010653330266435277,0.008059677228444875
2019-01-10,0.004,0.0001,0.0038614700478349843,0.0012199508089915983
2019-01-11,0.0,0.0001,-0.010729564273378865,0.0060096182693815696
2019-01-14,-0.006,0.0001,-0.013815701788392044,-0.015896056785767422
2019-01-15,0.0105,0.0001,0.019260480758097186,-0.0056397641868263975
2019-01-16,0.0028000000000000004,0.0001,-0.014544819054503035,0.011508672315753653
2019-01-17,0.0078000000000000005,0.0001,0.0059759532572406905,0.027979730224293783
2019-01-18,0.013000000000000001,0.0001,0.018690488863742485,0.027094164209820738
2019-01-22,-0.0152,0.0001,-0.01407868101119642,-0.02052772730869006
2019-01-23,0.0016,0.0001,0.0065737953086489375,0.007659491364956977
2019-01-24,0.0023,0.0001,0.0016922545400435945,-0.020580157313811926
2019-01-25,0.009000000000000001,0.0001,0.024296375398688112,0.007029200393508829
2019-01-28,-0.008,0.0001,-0.014256718397485605,0.005643211221370708
2019-01-29,-0.0019,0.0001,-0.010262176047805558,0.003857460121511441
2019-01-30,0.0151,0.0001,0.017048438842064657,0.007742109909931416
2019-01-31,0.0091,0.0001,0.018324559198376448,0.02364198783470769
2019-02-01,0.0013,0.0001,0.0011669618566405688,-0.00020398405512257403
2019-02-04,0.0073,0.0001,0.014127157316212474,0.019557936398066845
2019-02-05,0.0043,0.0001,0.001175087089687538,-0.013985185036838047
2019-02-06,-0.0021,0.0001,-0.0093474796382058,-0.010093719005049144
2019-02-07,-0.009300000000000001,0.0001,-0.0002622815865815237,-0.007648966874516039
2019-02-08,0.001,0.0001,0.011101010858411356,0.005432004045170084
2019-02-11,0.0014000000000000002,0.0001,0.011276852143702198,0.009427431447446196
2019-02-12,0.013600000000000001,0.0001,0.011058316054510676,0.017466978816999826
2019-02-13,0.0028000000000000004,0.0001,-0.004258074036476325,0.0008295256072622297
2019-02-14,-0.002,0.0001,-0.009147309453688026,0.003870993393300495
2019-02-15,0.0113,0.0001,0.010103978901764947,0.026603728800529577
2019-02-19,0.0019,0.0001,0.005788060831758234,-0.01857486000643604
2019-02-20,0.0019,0.0001,0.005326527998196269,-0.0020414535689624873
2019-02-21,-0.0037,0.0001,-0.012516859034276417,-0.0076873355134245034
2019-02-22,0.006500000000000001,0.0001,0.007948520827125015,0.010581282832322167
2019-02-25,0.0015,0.0001,0.0018307376425934982,0.015910793631283653
2019-02-26,-0.0016,0.0001,-0.0008132009677198952,-0.020524707375768367
2019-02-27,0.001,0.0001,0.0010697689278427215,0.008623300328640553
2019-02-28,-0.0031,0.0001,-0.004152930336375197,-0.028045061293670265
2019-03-01,0.0072,0.0001,0.011156329682516373,-0.0011239951209293779
2019-03-04,-0.0052,0.0001,-0.004181812262285104,-0.014031747527965929
2019-03-05,-0.0017000000000000001,0.0001,-6.0997708022873795e-05,-0.00600138901305889
2019-03-06,-0.0084,0.0001,-0.012532305025898947,-0.019436376040662843
2019-03-07,-0.008199999999999999,0.0001,-0.005487786708644165,-0.01781693840546204
2019-03-08,-0.0022,0.0001,-0.0027441383965392013,-0.00762705211626252
2019-03-11,0.0149,0.0001,0.0017947844385935898,0.015582244724412705
2019-03-12,0.0025,0.0001,0.005765504776590868,-0.022286964692300296
2019-03-13,0.0067,0.0001,0.005254104249919538,-0.010702597008608818
2019-03-14,-0.001,0.0001,0.005054075113311652,-0.0073880149220348105
2019-03-15,0.0048,0.0001,0.0039979213743741165,0.013490450521453848
2019-03-18,0.0046,0.0001,0.004215926414894701,0.01980111159039528
2019-03-19,-0.0009,0.0001,0.0006525688827559773,0.038193164681582306
2019-03-20,-0.0037,0.0001,-0.003555640728524473,-0.0033605192284229236
2019-03-21,0.011000000000000001,0.0001,0.008403654431566524,0.003393840544466955
2019-03-22,-0.0217,0.0001,-0.03277705391541767,-0.025786987286788538
2019-03-25,-0.0005,0.0001,0.01132689268592091,0.008717133971643662
2019-03-26,0.0076,0.0001,-0.002126370602823898,0.01176125639540637
2019-03-27,-0.005,0.0001,-0.006932338382326842,-0.021165801665327836
2019-03-28,0.004,0.0001,0.008333432176871186,0.0037762166451362684
2019-03-29,0.0066,0.0001,0.00921292978284619,0.007976604923954897
2019-04-01,0.011899999999999999,0.0001,0.01569250309640192,-0.003995373961181965
2019-04-02,-0.0005,0.0001,0.004564487793741678,-0.01734253358298758
2019-04-03,0.0027,0.0001,0.01087754757557442,0.020032088247722398
2019-04-04,0.0019,0.0001,0.003991756771756388,-0.028304644150223737
2019-04-05,0.0053,0.0001,0.0238291750701173,0.009192156342638157
2019-04-08,0.0008,0.0001,-0.00536484663845813,-0.002576855080365355
2019-04-09,-0.006500000000000001,0.0001,-0.004848599920503961,0.01066203601916302
2019-04-10,0.0048,0.0001,0.0027458878751789634,0.014634326836177498
2019-04-11,0.0,0.0001,-0.003214994633556101,-0.011938532957942956
2019-04-12,0.0064,0.0001,0.0084286480941907,0.025668306753434633
2019-04-15,-0.0009,0.0001,0.008505100400301724,-0.00892315909606339
2019-04-16,0.0013,0.0001,-0.0029548459657266894,0.02911339107438877
2019-04-17,-0.0032,0.0001,-0.007459552436189065,0.01865392439492634
2019-04-18,0.0011,0.0001,0.005882898322731132,0.0003212204892723991
2019-04-22,0.0011,0.0001,0.004745888296064161,0.012086238823517387
2019-04-23,0.0097,0.0001,0.02225175690824568,0.01514652961004441
2019-04-24,-0.0022,0.0001,0.0044940827854626575,-0.015288701883895027
2019-04-25,-0.0014000000000000002,0.0001,0.00026533681097976844,0.012846719487257331
2019-04-26,0.0053,0.0001,0.003444192520855632,0.012777168643556276
2019-04-29,0.0018,0.0001,0.003375075808821911,0.014086446558559928
2019-04-30,-0.0004,0.0001,-0.0012847158842473757,0.014263214686068688
2019-05-01,-0.0083,0.0001,-0.016680217293974602,0.008743898686204905
2019-05-02,-0.0016,0.0001,-0.0013290782328679413,0.0122625463439821
2019-05-03,0.0113,0.0001,0.010415881549033303,0.01355715827035697
2019-05-06,-0.0039000000000000003,0.0001,-0.0051458216582033894,-0.0037596730756450487
2019-05-07,-0.0169,0.0001,-0.01938534342529583,-0.016172171346508217
2019-05-08,-0.0021,0.0001,0.008765484249671999,-0.004261830945697705
2019-05-09,-0.0028000000000000004,0.0001,0.0018051122992878172,-0.006750485605565278
2019-05-10,0.0034999999999999996,0.0001,0.009620728192889307,0.0302966527291194
2019-05-13,-0.0265,0.0001,-0.030108921310690626,-0.027562194980462213
2019-05-14,0.0091,0.0001,0.0028771375680941356,0.03805719531120505
2019-05-15,0.0058,0.0001,0.004237048112827734,-0.0028692326123613515
2019-05-16,0.0091,0.0001,0.010856555322744647,0.011438436760797987
2019-05-17,-0.0070999999999999995,0.0001,-0.009056320162677118,-0.015026404144512298
2019-05-20,-0.006500000000000001,0.0001,-0.007466677051650235,-0.013627635159196558
2019-05-21,0.009000000000000001,0.0001,0.015275421383482726,0.007914066027415498
2019-05-22,-0.004,0.0001,-0.0018960176242060138,-0.0066977248551807
2019-05-23,-0.0137,0.0001,-0.01967966380256807,-0.023588543661788607
2019-05-24,0.0023,0.0001,-0.0001770944380176884,0.02795776430834486
2019-05-28,-0.0078000000000000005,0.0001,-0.011723064918725747,-0.0006500086340747492
2019-05-29,-0.0070999999999999995,0.0001,-0.005741147667845135,-0.019247141877111962
2019-05-30,0.0014000000000000002,0.0001,-0.005733947340894481,-0.005459194870301426
2019-05-31,-0.0137,0.0001,-0.014606954905895012,-0.0073655240990797245
2019-06-03,-0.0034000000000000002,0.0001,0.001182280555606227,0.003272300902984191
2019-06-04,0.0232,0.0001,0.02359999157628447,0.02200697101252439
2019-06-05,0.006999999999999999,0.0001,0.001462166988118415,0.022013364675441478
2019-06-06,0.0055000000000000005,0.0001,0.0018360040532526074,-0.01228585969123338
2019-06-07,0.0104,0.0001,0.011402385260567494,0.007262570263783843
2019-06-10,0.0054,0.0001,0.008662175326940372,0.030950053255389232
2019-06-11,-0.0012,0.0001,0.0042920951058154745,-0.037097688663823424
2019-06-12,-0.002,0.0001,-0.002695698384442,-0.0051647086366928005
2019-06-13,0.0052,0.0001,-0.0028788461546221246,0.020550213331697872
2019-06-14,-0.0027,0.0001,0.00649565733232644,-0.005264619955366733
2019-06-17,0.0015,0.0001,0.0035955549572116593,-0.008532731219911611
2019-06-18,0.0104,0.0001,0.013177060019683828,0.001543463501096469
2019-06-19,0.0032,0.0001,0.005343621474491624,-0.02415910746297052
2019-06-20,0.009000000000000001,0.0001,0.0026834728649373506,-0.006258194792029977
2019-06-21,-0.0021,0.0001,-0.0038923818731476114,-0.0015867959598051284
2019-06-24,-0.0034999999999999996,0.0001,-0.0016603758821705469,-0.012126663339053722
2019-06-25,-0.0098,0.0001,-0.0030760068041355624,-0.01267719350127963
2019-06-26,-0.0007000000000000001,0.0001,-0.00010184236431657515,-0.002725444634658982
2019-06-27,0.0059,0.0001,-0.013534780316847041,0.011816096418825769
2019-06-28,0.0068000000000000005,0.0001,0.005498677519512559,-0.013704055321764278
2019-07-01,0.0075,0.0001,0.00994055959802727,0.00576025485032624
2019-07-02,0.0014000000000000002,0.0001,0.009769782997241752,-0.002590099284830906
2019-07-03,0.0079,0.0001,0.01259991881648051,0.006234130610151915
2019-07-05,-0.001,0.0001,0.01490588835012625,-0.0132511720344505
2019-07-08,-0.0058,0.0001,0.003391560674950844,-0.03738314340171777
2019-07-09,0.0019,0.0001,0.01060853163302039,0.011363312542097591
2019-07-10,0.004,0.0001,0.010158049666448971,0.01660856522148231
2019-07-11,0.0019,0.0001,-0.006589476136062275,0.03522659104031888
2019-07-12,0.0053,0.0001,0.010854964169106893,0.017143777409105634
2019-07-15,-0.0005,0.0001,0.003495442591680409,0.022123759293445577
2019-07-16,-0.0032,0.0001,-0.006294570353099213,0.004246534069850926
2019-07-17,-0.0064,0.0001,-0.002485430119603751,-0.013294389387200074
2019-07-18,0.0034999999999999996,0.0001,0.006352616797800061,0.011591912672428303
2019-07-19,-0.005699999999999999,0.0001,-0.00841030044821843,-0.023181848966739024
2019-07-22,0.0025,0.0001,0.0019417555870820593,0.006821264622106527
2019-07-23,0.0064,0.0001,0.004960446156256164,0.0070642983553506145
2019-07-24,0.0066,0.0001,0.008270929428040275,-0.005652898473162614
2019-07-25,-0.0063,0.0001,-0.008755525918791023,0.008820537361963298
2019-07-26,0.008199999999999999,0.0001,0.011851677953850002,0.02625141627427453
2019-07-29,-0.0032,0.0001,-0.015060620446441027,0.0024280662825104074
2019-07-30,-0.0017000000000000001,0.0001,-0.0032569332556058287,0.009237754279477574
2019-07-31,-0.011000000000000001,0.0001,-0.02139348568883317,0.00855519390841243
2019-08-01,-0.0104,0.0001,-0.013222932702986447,-0.015081588512482404
2019-08-02,-0.0087,0.0001,-0.005224558150887316,-0.029598623051814012
2019-08-05,-0.030699999999999998,0.0001,-0.03034480918590533,-0.052709165004923876
2019-08-06,0.0129,0.0001,0.012422111216381112,0.02661631776409894
2019-08-07,0.0007000000000000001,0.0001,0.00135239881979319,0.004346820176619212
2019-08-08,0.0197,0.0001,0.029805974069812717,0.005496354630561946
2019-08-09,-0.0078000000000000005,0.0001,-0.014549684739461746,0.008288834715445064
2019-08-12,-0.0131,0.0001,-0.007288759089893232,-0.013784235013945151
2019-08-13,0.0147,0.0001,0.005390583427483422,0.041568299189763167
2019-08-14,-0.029500000000000002,0.0001,-0.03222555360575876,-0.022528704105018817
2019-08-15,0.0017000000000000001,0.0001,0.0029496147883970986,-0.003434871880451331
2019-08-16,0.0155,0.0001,0.010353966151362162,0.02179721145532221
2019-08-19,0.011399999999999999,0.0001,0.01291129161543129,0.005076988389865243
2019-08-20,-0.0075,0.0001,-0.0026906216497173,-0.020937789330227292
2019-08-21,0.0085,0.0001,0.0011991761660332032,0.007318147403799293
2019-08-22,-0.001,0.0001,-0.0012683493741368886,0.005942535534399671
2019-08-23,-0.026600000000000002,0.0001,-0.02875309674583736,-0.015396433383486615
2019-08-26,0.0108,0.0001,-0.0012042210733745732,0.0021854956155129856
2019-08-27,-0.0046,0.0001,-0.005559408815276497,0.00405781042329488
2019-08-28,0.0068000000000000005,0.0001,0.00199356480815885,0.00979744271449487
2019-08-29,0.013500000000000002,0.0001,0.022154489445016006,0.01496575709849629
2019-08-30,0.0003,0.0001,-0.004996479094057652,0.016353841417588104
2019-09-03,-0.0086,0.0001,0.0023247161829910317,-0.015582045200540084
2019-09-04,0.0108,0.0001,0.007658648584279991,0.03347114845657838
2019-09-05,0.014199999999999999,0.0001,0.026628207474330774,0.01439800597384501
2019-09-06,-0.0002,0.0001,0.0034168787131349083,-0.012401963974166734
2019-09-09,0.0007000000000000001,0.0001,0.0037780127124265833,0.012005521801492995
2019-09-10,0.0016,0.0001,0.006894568977095329,-0.017398030728157276
2019-09-11,0.0087,0.0001,0.014603051691597695,-0.004419641445437034
2019-09-12,0.0022,0.0001,0.01125895262789884,0.0008846643975310156
2019-09-13,-0.0002,0.0001,0.010934083779690042,0.00037439535742808753
2019-09-16,-0.0023,0.0001,-0.004265043496929868,-0.006074982169060174
2019-09-17,0.0017000000000000001,0.0001,-0.005956061651639256,-0.024335671127388877
2019-09-18,-0.0004,0.0001,-0.01701143517235785,-0.0182722245028802
2019-09-19,-0.0005,0.0001,-0.0027204172550657543,0.007034084646032182
2019-09-20,-0.0048,0.0001,0.00020816195271968683,0.0018305372076265097
2019-09-23,-0.0002,0.0001,0.0024025058291209634,-0.013505903244455922
2019-09-24,-0.01,0.0001,-0.00905534887870542,-0.00867054975059853
2019-09-25,0.0069,0.0001,0.004913017094808121,0.012473942972425107
2019-09-26,-0.004,0.0001,-0.007812526227439696,0.009470097943496188
2019-09-27,-0.0062,0.0001,-0.007767932922233761,-0.017472267252754938
2019-09-30,0.005,0.0001,0.007669366187173284,0.02726360389735911
2019-10-01,-0.0131,0.0001,-0.023996933776107725,-0.02051230272054637
2019-10-02,-0.0173,0.0001,-0.01248917638107198,-0.0019047550312799408
2019-10-03,0.008,0.0001,-0.000968377476521401,0.023851514339785593
2019-10-04,0.0139,0.0001,0.013122163663478063,0.0048599696682314975
2019-10-07,-0.0040999999999999995,0.0001,-0.007878042158578444,-0.008886167893726767
2019-10-08,-0.0161,0.0001,-0.018208772532270854,-0.016264018828955434
2019-10-09,0.0092,0.0001,0.0028187850572181507,0.026693049856170357
2019-10-10,0.006,0.0001,-0.0010613116093144972,-0.010549894496039713
2019-10-11,0.0123,0.0001,0.011048930299616538,0.009838674214288877
2019-10-14,-0.0018,0.0001,-0.008434912832654316,0.006975299216482273
2019-10-15,0.0103,0.0001,0.025985785326509612,0.020722209034881763
2019-10-16,-0.0024,0.0001,-0.004833197513546518,-0.016874594435549197
2019-10-17,0.0037,0.0001,-0.00024876301243563823,-0.006835273245535727
2019-10-18,-0.0049,0.0001,-0.008179959484537275,0.00028198122472236864
2019-10-21,0.0070999999999999995,0.0001,0.0005297885275583646,-0.004159257026608525
2019-10-22,-0.0034000000000000002,0.0001,-0.01869498532623889,-0.00048515776754237103
2019-10-23,0.0025,0.0001,0.0010653412868374711,0.016608685363656513
2019-10-24,0.0025,0.0001,0.004632040345463933,0.004193312360675754
2019-10-25,0.005,0.0001,-0.0042977114902509415,-0.029755048584603174
2019-10-28,0.0062,0.0001,0.00640954540750188,0.024971649754680043
2019-10-29,-0.0013,0.0001,-0.008746490924882286,0.014909272314262485
2019-10-30,0.0028000000000000004,0.0001,0.0027484424638569045,0.02391460514710381
2019-10-31,-0.0038,0.0001,-0.0013640916565039612,0.007636003478583693
2019-11-01,0.010700000000000001,0.0001,0.013930340507671142,-0.008580556840054761
2019-11-04,0.0039000000000000003,0.0001,0.006812721463573273,0.025336209613424227
2019-11-05,-0.0003,0.0001,-0.004565396090606199,0.0050955663915690725
2019-11-06,-0.0005,0.0001,0.005214021358480089,0.013041990375382175
2019-11-07,0.0038,0.0001,0.0011465411771911479,0.003485361118599634
2019-11-08,0.0031,0.0001,0.005473089668281794,0.0013997727584916778
2019-11-11,-0.0019,0.0001,0.002706397723943664,-0.0049935778414391275
2019-11-12,0.0016,0.0001,-0.00014880356517603285,0.024839894691318223
2019-11-13,0.0001,0.0001,-0.00782493161959845,0.00465023169068366
2019-11-14,0.0007000000000000001,0.0001,0.004730760563053685,-0.0011542845742914126
2019-11-15,0.0074,0.0001,0.0005278146525605103,-0.007314931914351309
2019-11-18,0.0003,0.0001,-0.0051482061935192265,0.007618258020572737
2019-11-19,0.0002,0.0001,-0.0065812431273452095,0.0011596054338851543
2019-11-20,-0.0033,0.0001,0.0021720471928660286,-0.001393164235164786
2019-11-21,-0.0015,0.0001,-0.0023645826034962626,0.01241995622521377
2019-11-22,0.0024,0.0001,-0.011602110712581428,0.013853088851634018
2019-11-25,0.0092,0.0001,0.013992100797123475,0.01275594293662178
2019-11-26,0.0019,0.0001,0.01510775387788045,0.006200600911496842
2019-11-27,0.0044,0.0001,0.015901248136248127,0.0077144544260823395
2019-11-29,-0.0042,0.0001,-0.007616437176427031,0.005197383698696763
2019-12-02,-0.0087,0.0001,-0.00805234918701098,-0.0010207496659749408
2019-12-03,-0.0066,0.0001,-0.0032351029593948037,-0.005887570847332282
2019-12-04,0.006,0.0001,0.011786937858124538,-0.0032731879467952194
2019-12-05,0.0013,0.0001,0.0016772609816047075,0.014095202605967132
2019-12-06,0.0091,0.0001,0.0023623965730165627,0.025014305905283325
2019-12-09,-0.0033,0.0001,0.00161057789092241,-0.018325366152434804
2019-12-10,-0.0008,0.0001,0.003230836633051565,0.005055502809127389
2019-12-11,0.0028000000000000004,0.0001,-0.005427351545294927,-0.0009710666614121024
2019-12-12,0.009000000000000001,0.0001,0.006840415841646949,-0.017773322468962214
2019-12-13,-0.0003,0.0001,0.0015469719364600753,-0.00030024609904269695
2019-12-16,0.0074,0.0001,0.007533772281556343,0.023440946847420076
2019-12-17,0.001,0.0001,0.004453792087537521,-0.008108663415391399
2019-12-18,-0.0005,0.0001,0.0046613532584957535,-0.009723086368374208
2019-12-19,0.0043,0.0001,0.00786133822149133,0.020344242667666
2019-12-20,0.0048,0.0001,0.004224414656336138,-0.00832369598357642
2019-12-23,0.001,0.0001,-0.007350848124318039,-0.011074099225283117
2019-12-24,0.0001,0.0001,0.004125180573939336,-0.003644545426398664
2019-12-26,0.0049,0.0001,0.01387259279267639,0.015591077519174625
2019-12-27,-0.0009,0.0001,0.011690506869831726,0.008114258692791285
2019-12-30,-0.005699999999999999,0.0001,-0.005765977173517708,-0.01409391476337266
2019-12-31,0.0028000000000000004,0.0001,0.0027178800494568117,-2.8314763075592758e-05
2020-01-02,0.0086,0.0001,0.017854164522342748,0.012731144602629278
2020-01-03,-0.0067,0.0001,0.0025054226762517644,-0.013770279168756522
2020-01-06,0.0036,0.0001,0.005885835918727955,-0.006950458653922099
2020-01-07,-0.0019,0.0001,0.0027286496826681647,-0.01726843808164206
2020-01-08,0.004699999999999999,0.0001,4.11429411104689e-05,0.01625569941905423
2020-01-09,0.006500000000000001,0.0001,0.010316001479228919,0.005716514466207744
2020-01-10,-0.0034000000000000002,0.0001,-0.008469115006638741,0.03543619748260207
2020-01-13,0.0073,0.0001,0.00651970115767036,0.018403446932012468
2020-01-14,-0.0006,0.0001,-0.0012421850260079328,-0.010869268092121326
2020-01-15,0.0016,0.0001,-0.0012205432753059386,0.0023976219192180133
2020-01-16,0.0088,0.0001,-0.004371483623710529,0.016447885157468093
2020-01-17,0.0028000000000000004,0.0001,-0.002274024526315717,0.009432990374697546
2020-01-21,-0.0032,0.0001,-0.0009700397040724236,0.0022939999144337415
2020-01-22,0.0008,0.0001,0.000546970972020279,0.007586914534327043
2020-01-23,0.0008,0.0001,-0.0015498494857331888,-0.0005804332126847366
2020-01-24,-0.0097,0.0001,-0.006869349017631779,-0.0033425102803976404
2020-01-27,-0.015600000000000001,0.0001,-0.011131456816398967,0.010212113035421695
2020-01-28,0.0102,0.0001,0.015668844070316695,0.007459625497831793
2020-01-29,-0.001,0.0001,-0.005958350474534473,-0.006282164140247512
2020-01-30,0.0034000000000000002,0.0001,0.003658318516485566,0.014499449639939132
2020-01-31,-0.0174,0.0001,-0.01938406793679494,-0.005122664143430554
2020-02-03,0.0084,0.0001,0.002985987662521628,0.022497184334077654
2020-02-04,0.015700000000000002,0.0001,0.00638935911889666,0.03750031133603699
2020-02-05,0.0097,0.0001,0.009197110813367293,0.012212163759951867
2020-02-06,0.0027,0.0001,-0.0026835515552710012,0.0006069640212384472
2020-02-07,-0.0055000000000000005,0.0001,0.008180356307060994,0.002168756009810351
2020-02-10,0.0073,0.0001,0.0067931464011261825,0.01907818998601947
2020-02-11,0.0027,0.0001,0.0014000594779644128,0.026885682878408517
2020-02-12,0.0066,0.0001,0.004209112599751519,0.030387346003514046
2020-02-13,-0.0009,0.0001,0.011029042060490792,-0.026100015648877654
2020-02-14,0.0014000000000000002,0.0001,-0.004419114533978386,0.012836027318185029
2020-02-18,-0.0019,0.0001,-0.002800233766534142,-0.011444459355828662
2020-02-19,0.006,0.0001,0.0012655327604071552,-0.021041891934068895
2020-02-20,-0.0034999999999999996,0.0001,-0.004171449552476523,0.001119804112799336
2020-02-21,-0.011200000000000002,0.0001,-0.011311660522297522,-0.016645681411651864
2020-02-24,-0.0339,0.0001,-0.02686372746238506,-0.04864119363117995
2020-02-25,-0.030899999999999997,0.0001,-0.03970765946536481,-0.05767487671887657
2020-02-26,-0.0052,0.0001,-0.00521801688987374,-0.02056344930446882
2020-02-27,-0.042199999999999994,0.0001,-0.031903889529407835,-0.05761551623862877
2020-02-28,-0.0078000000000000005,0.0001,-0.010898084221190867,-0.03059795857642907
2020-03-02,0.0431,0.0001,0.042095242641138585,0.05471014961612182
2020-03-03,-0.027999999999999997,0.0001,-0.033474216270445736,-0.03466597454893699
2020-03-04,0.0403,0.0001,0.02391944304686503,0.0504374468829601
2020-03-05,-0.0338,0.0001,-0.03434600388256713,-0.03966157185081497
2020-03-06,-0.0178,0.0001,-0.01028107708182373,-0.023942387014481422
2020-03-09,-0.0779,0.0001,-0.08073407409003953,-0.117189726289785
2020-03-10,0.047400000000000005,0.0001,0.03588047854022234,0.047468824783333745
2020-03-11,-0.0506,0.0001,-0.048808997737118186,-0.06380905628519712
2020-03-12,-0.09630000000000001,0.0001,-0.09568957920382,-0.11175254525308428
2020-03-13,0.0898,0.0001,0.09621464758274607,0.1189136098265858
2020-03-16,-0.1201,0.0001,-0.11425183750396722,-0.1629768210783339
2020-03-17,0.0588,0.0001,0.05721039678156804,0.07882254540191368
2020-03-18,-0.0556,0.0001,-0.052968678660758314,-0.09718984227088828
2020-03-19,0.0131,0.0001,0.0018773851858482494,0.003355947973290372
2020-03-20,-0.0415,0.0001,-0.03437136878263513,-0.05910884672374186
2020-03-23,-0.0256,0.0001,-0.024316536250694302,-0.034111347174290124
2020-03-24,0.0934,0.0001,0.10034861941051405,0.11696868379262022
2020-03-25,0.011699999999999999,0.0001,0.018506767016560198,0.01150115844503654
2020-03-26,0.0603,0.0001,0.05860185099661871,0.06201241145837051
2020-03-27,-0.0348,0.0001,-0.035629388798477234,-0.053143216223575124
2020-03-30,0.0317,0.0001,0.02630142016109491,0.04465169079537439
2020-03-31,-0.0144,0.0001,-0.027304851424869606,-0.04415851276722475
2020-04-01,-0.045,0.0,-0.045819387287637126,-0.07519895624913213
2020-04-02,0.021,0.0,0.021979831064643237,0.022379961686055973
2020-04-03,-0.016399999999999998,0.0,-0.023227982122234543,-0.0009608317517244905
2020-04-06,0.071,0.0,0.07549591670699234,0.10152577166345701
2020-04-07,-0.0011,0.0,-0.00046774084115390675,0.020061127055248294
2020-04-08,0.0342,0.0,0.037069477361053864,0.06288132290343511
2020-04-09,0.0159,0.0,0.011063704422085227,0.014354101176910744
2020-04-13,-0.0092,0.0,-0.020303433484255524,-0.013042562220874925
2020-04-14,0.030299999999999997,0.0,0.035212395273972824,0.02304092575758931
2020-04-15,-0.0215,0.0,-0.01763907122123704,-0.011838097611258067
2020-04-16,0.0062,0.0,0.005520238876749748,0.018012448022443332
2020-04-17,0.0273,0.0,0.024659236423593193,0.04354657144019536
2020-04-20,-0.015700000000000002,0.0,-0.017433098564555733,-0.011368076109289131
2020-04-21,-0.030899999999999997,0.0,-0.03175067215684982,-0.03392074994157587
2020-04-22,0.0231,0.0,0.019906674386491907,0.032799732159471136
2020-04-23,0.0012,0.0,-0.011455918681167418,0.005258835474258091
2020-04-24,0.0143,0.0,0.019252382893949482,0.035211353555936485
2020-04-27,0.0173,0.0,0.007895875473946365,0.011495108769558383
2020-04-28,-0.0045000000000000005,0.0,-0.006584526073265082,-0.02039536094274951
2020-04-29,0.0292,0.0,0.027280489069373227,0.03790142189222078
2020-04-30,-0.0118,0.0,-0.01014147245625472,0.0005843916986704133
2020-05-01,-0.0291,0.0,-0.03924944710845786,-0.03461308995540505
2020-05-04,0.0054,0.0,0.013020439760001067,0.0040878581190031595
2020-05-05,0.0095,0.0,0.013649725048040542,0.0237700761382626
2020-05-06,-0.0052,0.0,-0.0003267646329068114,-0.005308033113470533
2020-05-07,0.013300000000000001,0.0,0.021310146718922885,-0.009038064206900433
2020-05-08,0.019,0.0,0.014002284893645946,0.01071135022553277
2020-05-11,0.0006,0.0,-0.019115326190981115,-0.028184343947352676
2020-05-12,-0.0207,0.0,-0.018563524710741176,-0.03003693755716702
2020-05-13,-0.0189,0.0,-0.010586676385297488,-0.03082551570977047
2020-05-14,0.0115,0.0,0.018873481964621113,0.020940780746794015
2020-05-15,0.005699999999999999,0.0,0.002382838295623152,0.03650266350720407
2020-05-18,0.032400000000000005,0.0,0.031884512294770496,0.033816154813986504
2020-05-19,-0.0101,0.0,-0.008234150015165297,-0.013088886929792001
2020-05-20,0.018000000000000002,0.0,0.006682817400501997,0.018069179105319008
2020-05-21,-0.0070999999999999995,0.0,-0.011229587193715343,-0.048110791972998064
2020-05-22,0.0027,0.0,-0.0012330192768213407,-0.007063196792318072
2020-05-26,0.0123,0.0,0.022354472042593526,0.0060019339920611686
2020-05-27,0.0154,0.0,0.011379166360446787,0.023755644348772764
2020-05-28,-0.0040999999999999995,0.0,0.005882349805678399,-0.01695468502507527
2020-05-29,0.0059,0.0,0.006076130605618521,-0.01019904929374793
2020-06-01,0.0051,0.0,-0.005367070391995634,0.014713025009721322
2020-06-02,0.008100000000000001,0.0,0.022168928017607677,0.009585305943065177
2020-06-03,0.0141,0.0,0.008080872404754956,0.005936211356194609
2020-06-04,-0.0034000000000000002,0.0,0.0006041067497887746,-0.014919381307131226
2020-06-05,0.025,0.0,0.03586323573101936,0.02831453205038944
2020-06-08,0.013500000000000002,0.0,0.010247939108604668,0.028817060145028498
2020-06-09,-0.0086,0.0,-0.016232849149450407,0.008409915273250227
2020-06-10,-0.0055000000000000005,0.0,0.0011762318084054006,-0.025225634605603498
2020-06-11,-0.0591,0.0,-0.058568861986715584,-0.06076847410335777
2020-06-12,0.0129,0.0,0.005287578039775452,0.01749515353539349
2020-06-15,0.0108,0.0,0.004108117413116841,0.018996745652075445
2020-06-16,0.018799999999999997,0.0,0.016464411756618967,0.0378242505327159
2020-06-17,-0.0040999999999999995,0.0,0.002091800859747952,-0.018659222856669114
2020-06-18,0.0018,0.0,0.00011075199301256852,0.014175368161308856
2020-06-19,-0.0045000000000000005,0.0,-0.00025786352059158687,-0.02389073154278407
2020-06-22,0.0070999999999999995,0.0,0.01763016643441112,0.0027765700943977742
2020-06-23,0.0040999999999999995,0.0,0.01221567378189827,-0.0064175011611021515
2020-06-24,-0.0262,0.0,-0.017025057840671494,-0.010794373382563605
2020-06-25,0.0113,0.0,0.019179324182751423,0.03731837830217982
2020-06-26,-0.024300000000000002,0.0,-0.0343137204129286,-0.02113062610767988
2020-06-29,0.015,0.0,0.02282286768149606,0.026615506567626672
2020-06-30,0.0158,0.0,0.017988658567011342,0.013222946174379264
2020-07-01,0.0040999999999999995,0.0,0.0034354147346432524,0.029372181695233493
2020-07-02,0.0051,0.0,-0.0016135994728147113,0.025934360506058955
2020-07-06,0.0166,0.0,0.0067092400307463655,0.034031012339401465
2020-07-07,-0.0101,0.0,-0.016980223617512474,-0.014621392192464963
2020-07-08,0.0089,0.0,0.008884467101609929,0.006821749803887686
2020-07-09,-0.0054,0.0,-0.01268331041055577,-0.00810943237398203
2020-07-10,0.0111,0.0,0.006075739734425021,0.032840836832295106
2020-07-13,-0.011899999999999999,0.0,-0.01566585127492469,-0.02840449215133957
2020-07-14,0.013600000000000001,0.0,0.017917846415128273,0.019412478210946778
2020-07-15,0.011399999999999999,0.0,0.009659589624107609,0.03747436284308478
2020-07-16,-0.0038,0.0,-0.004599999902322353,0.007394597829980629
2020-07-17,0.003,0.0,0.011473509956653678,0.028071370501688682
2020-07-20,0.0103,0.0,0.008395407096921416,0.019298264031240842
2020-07-21,0.0015,0.0,0.005393919080933419,0.008075212985264521
2020-07-22,0.005,0.0,-0.001541301637042889,0.02577722734050235
2020-07-23,-0.012,0.0,-0.00980752531745362,-0.006357550432929158
2020-07-24,-0.0074,0.0,-0.006528080025880034,-0.004616268055351894
2020-07-27,0.0088,0.0,0.01002360076018689,0.004711025353588853
2020-07-28,-0.008100000000000001,0.0,-0.010918840974757565,-0.03062509855967544
2020-07-29,0.013600000000000001,0.0,0.007226887984260323,0.03851942614621745
2020-07-30,-0.0029,0.0,-0.004667809136547818,-0.009152843675934264
2020-07-31,0.0062,0.0,0.0033710879222110957,-0.0018235941281394968
2020-08-03,0.0097,0.0,0.016328700418745914,0.024925765138762716
2020-08-04,0.0037,0.0,0.00953786669847611,-0.006989249744374556
2020-08-05,0.0078000000000000005,0.0,0.0003463958035781001,-0.008022281890670143
2020-08-06,0.0053,0.0,0.009370811559238315,-0.0005079571834498012
2020-08-07,0.0002,0.0,-0.0027029771265954647,-0.00014765359939504405
2020-08-10,0.0023,0.0,0.005309974055853142,0.007195404713147998
2020-08-11,-0.0083,0.0,-0.011214479405850167,-0.0032800672821487516
2020-08-12,0.013999999999999999,0.0,0.004847783769637388,0.03200666261895864
2020-08-13,-0.0002,0.0,0.006320931075606444,-0.0013668989585692926
2020-08-14,-0.0004,0.0,0.0025682407242423066,0.005006377785077962
2020-08-17,0.0045000000000000005,0.0,-0.00310205542797941,0.004831477408343737
2020-08-18,0.0023,0.0,-0.009495728624611618,-0.005271828557933348
2020-08-19,-0.0038,0.0,-0.00704624625491394,0.0011152508675353447
2020-08-20,0.0031,0.0,-0.004225867397882728,0.009417286142124809
2020-08-21,0.0026,0.0,0.0004266008836056852,0.02935503217694142
2020-08-24,0.0092,0.0,0.013226423584437399,0.02072706675875762
2020-08-25,0.0034999999999999996,0.0,0.012873412733802622,-0.00446992234268406
2020-08-26,0.01,0.0,0.007871408981588918,0.02174103537374674
2020-08-27,0.0018,0.0,0.01059555634551459,-0.0005396879258012955
2020-08-28,0.006999999999999999,0.0,0.014453727354301886,0.03129994545723883
2020-08-31,-0.0004,0.0,-0.0030175393693265143,-0.02334041776557214
2020-09-01,0.0092,0.0,-0.0011822112061094878,0.0034464003245328594
2020-09-02,0.0127,0.0,0.018196163718189124,0.008030347670829727
2020-09-03,-0.037000000000000005,0.0,-0.03303574761488628,-0.04588150464391986
2020-09-04,-0.0087,0.0,0.0062536572684839305,-0.012515540074572108
2020-09-08,-0.029300000000000003,0.0,-0.020161615702496485,-0.05930352738688573
2020-09-09,0.0207,0.0,0.025760030586199047,0.0019506924465688379
2020-09-10,-0.016399999999999998,0.0,-0.005630400848869134,-0.018244645235737822
2020-09-11,-0.0005,0.0,-0.0069655428757932425,0.020009429611912377
2020-09-14,0.0158,0.0,0.01716002622188477,0.0410320567151931
2020-09-15,0.005699999999999999,0.0,0.004121024525303297,0.002523728787382014
2020-09-16,-0.004,0.0,0.007122155032984969,0.0016835495066098369
2020-09-17,-0.0085,0.0,-0.004791462200670986,-0.022321704123823102
2020-09-18,-0.0089,0.0,-0.02802192546549858,-0.03076425637620238
2020-09-21,-0.010700000000000001,0.0,-0.0019113603983439559,0.003471352263123919
2020-09-22,0.0101,0.0,0.004547687359067698,0.022991929156973546
2020-09-23,-0.024700000000000003,0.0,-0.019636957235492428,-0.036071767362312296
2020-09-24,0.0026,0.0,-0.0002441584363181257,-0.0011193838341188845
2020-09-25,0.0171,0.0,0.018820485562484078,0.035398069385880096
2020-09-28,0.0165,0.0,0.02068764135878967,0.02646481891781989
2020-09-29,-0.0042,0.0,-0.002787067234468601,-0.009433739112341855
2020-09-30,0.0079,0.0,0.0020850032345805444,0.014756186502868971
2020-10-01,0.0078000000000000005,0.0,0.016813679501044957,0.010640318881792593
2020-10-02,-0.0097,0.0,-0.006995560086589369,-0.017549633426000112
2020-10-05,0.0194,0.0,0.019501253873206753,0.016054372885592885
2020-10-06,-0.0128,0.0,-0.008141214220150825,-0.003350451447488481
2020-10-07,0.0184,0.0,0.01524117522606105,0.018112728481297302
2020-10-08,0.008,0.0,0.020097917636057797,-0.005067292160736116
2020-10-09,0.009300000000000001,0.0,0.010937259118191003,0.037450982702619554
2020-10-12,0.0154,0.0,0.017926412319020674,0.03772187496380856
2020-10-13,-0.0042,0.0,-0.0017873004768378426,0.002354519470941679
2020-10-14,-0.006500000000000001,0.0,-0.012021545134901612,-0.00868172435157915
2020-10-15,-0.0008,0.0,-0.007967775661160567,0.0023032835538975486
2020-10-16,-0.0006,0.0,0.0010002764365406127,-0.019923748680168617
2020-10-19,-0.015300000000000001,0.0,-0.012845929047963079,-0.019494930427207527
2020-10-20,0.0034999999999999996,0.0,0.012215112198079029,0.00894072001858897
2020-10-21,-0.0034999999999999996,0.0,-0.00041985374979121694,-0.006646945668261421
2020-10-22,0.0066,0.0,-2.324962926717085e-05,0.01514788443655873
2020-10-23,0.0038,0.0,0.007354950208952706,-0.0049030962169257265
2020-10-26,-0.018500000000000003,0.0,-0.013047636398410752,-0.020972811745894188
2020-10-27,-0.0023,0.0,0.004259425101873229,-0.023808425527788814
2020-10-28,-0.0342,0.0,-0.03185718039760495,-0.044251737996086844
2020-10-29,0.0113,0.0,0.003845362756386009,0.006854524951948505
2020-10-30,-0.014499999999999999,0.0,-0.0069432239940036816,-0.03642555779588331
2020-11-02,0.011699999999999999,0.0,0.007329805095765351,0.010293959105393057
2020-11-03,0.019299999999999998,0.0,0.023154929734772647,0.025866716650738152
2020-11-04,0.0225,0.0,0.012831300655581614,0.021615027793137773
2020-11-05,0.0212,0.0,0.0262573393785758,0.040664818431296844
2020-11-06,0.0001,0.0,-0.00460524973498792,-0.008916374829553637
2020-11-09,0.0083,0.0,0.01535820776521549,0.023989409043254924
2020-11-10,-0.0016,0.0,0.009751599830362423,0.008279400918638803
2020-11-11,0.0088,0.0,0.016405558724972503,0.003632553417812866
2020-11-12,-0.009399999999999999,0.0,-0.016521558386866052,0.007705730269587013
2020-11-13,0.0131,0.0,0.007386919407435918,-0.0010978567441734532
2020-11-16,0.012199999999999999,0.0,0.0069481341797394,0.023516545196448815
2020-11-17,-0.002,0.0,0.0024054043845540994,-0.0013157505968819832
2020-11-18,-0.009399999999999999,0.0,-0.006992955410482353,-0.0014467840862069144
2020-11-19,0.0058,0.0,0.007027008486550082,-0.013409426381241587
2020-11-20,-0.0051,0.0,-0.0029234826747107654,-0.022487212319412152
2020-11-23,0.008199999999999999,0.0,0.01207853319606263,-0.0003296014706834511
2020-11-24,0.015600000000000001,0.0,0.019928345758706,0.020829304998803862
2020-11-25,0.0002,0.0,0.0110673041514678,0.0016627811600137558
2020-11-27,0.0042,0.0,0.004067348409139989,0.005936774787741027
2020-11-30,-0.0052,0.0,-0.003700146675254887,-0.010087117196661515
2020-12-01,0.009899999999999999,0.0,-0.0015774295703591418,0.0034547267749581428
2020-12-02,0.0011,0.0,-0.007029052769596495,-0.017014205199937255
2020-12-03,0.0017000000000000001,0.0,-0.002462086095669372,-0.003471376054952212
2020-12-04,0.0101,0.0,0.002828997213556537,0.02045057598325352
2020-12-07,0.0002,0.0,0.0017878200053547408,0.014184833259994352
2020-12-08,0.004699999999999999,0.0,0.011452051326106728,-0.0006553194296522805
2020-12-09,-0.0103,0.0,-0.012855889487358187,0.0012744707628653314
2020-12-10,0.0024,0.0,-0.00047589608745079656,-0.015179656672681818
2020-12-11,-0.0018,0.0,-0.004846130490594981,0.00828682608701985
2020-12-14,-0.0026,0.0,-0.0016028027033473669,-0.018067163130784193
2020-12-15,0.0129,0.0,0.00963598707272445,0.020148075628508927
2020-12-16,0.0016,0.0,0.00445262050904213,-0.010841622147876635
2020-12-17,0.0078000000000000005,0.0,0.009856472268023542,-0.002975983723355797
2020-12-18,-0.0014000000000000002,0.0,0.0009261279912429852,-0.009174970949725898
2020-12-21,-0.0024,0.0,0.002565860500814368,0.016204055457313606
2020-12-22,0.0005,0.0,0.0008463701093036149,-0.008346262404262842
2020-12-23,0.0011,0.0,0.0021502586935121908,0.00990835044981553
2020-12-24,0.0023,0.0,0.01352492172313233,0.005136139999503051
2020-12-28,0.0049,0.0,0.004749120121986548,0.010510270110434353
2020-12-29,-0.0039000000000000003,0.0,0.0012608128837047518,-0.0007861107319955749
2020-12-30,0.0027,0.0,0.0031699392913010992,0.012079706246198741
2020-12-31,0.004,0.0,0.0012390553019403948,-0.011049222301912187
2021-01-04,-0.0141,0.0,-0.01685857689245403,-0.01769031362142316
2021-01-05,0.0086,0.0,0.003551010189981012,0.01595912511617331
2021-01-06,0.0079,0.0,0.008090550211127107,0.0024135922460839926
2021-01-07,0.0176,0.0,0.013909130894384005,0.027763593818312737
2021-01-08,0.0051,0.0,0.002547788503849716,-0.007152322574544524
2021-01-11,-0.0052,0.0,0.0025939629393134274,0.0031258022397470967
2021-01-12,0.0037,0.0,0.0029706559593187516,-0.0046461907370893805
2021-01-13,0.0006,0.0,0.007893729191626833,-0.002955313479876796
2021-01-14,-0.0012,0.0,0.0005832041014343318,0.009226082259955618
2021-01-15,-0.0086,0.0,-0.0030605338576341658,0.0035174433988764877
2021-01-19,0.0092,0.0,0.005460354678349741,0.00432382398053184
2021-01-20,0.0127,0.0,0.01373466446671346,0.007920362309900715
2021-01-21,-0.0004,0.0,0.016308133600316684,0.012934924159214354
2021-01-22,-0.0007000000000000001,0.0,0.004615695346550553,-0.03989584355738482
2021-01-25,0.0029,0.0,0.0093221288284776,0.02196362227218571
2021-01-26,-0.0033,0.0,-0.0017316967369115708,0.01327521886104971
2021-01-27,-0.0253,0.0,-0.019802051514877482,-0.047284410139808906
2021-01-28,0.009300000000000001,0.0,0.0020726291206217455,0.0282797855741291
2021-01-29,-0.0184,0.0,-0.023669827896187205,-0.018960368559282955
2021-02-01,0.0172,0.0,0.019989780393681978,0.0286135055479345
2021-02-02,0.0148,0.0,0.02005208622821667,-0.012115342716362061
2021-02-03,0.0014000000000000002,0.0,-0.001099975328105608,-0.0048037236392597755
2021-02-04,0.012199999999999999,0.0,0.011099028066981126,0.013279106894588829
2021-02-05,0.005699999999999999,0.0,0.003498061475845798,0.001884945288900838
2021-02-08,0.0096,0.0,0.008490316539407418,0.0072475628861957
2021-02-09,0.0005,0.0,-0.006992863709229057,-0.003205887395072708
2021-02-10,-0.0008,0.0,-0.009760975693209387,-0.039874278496992245
2021-02-11,0.002,0.0,0.0015451116224040947,-9.763790281504649e-05
2021-02-12,0.0049,0.0,-0.00599096742428888,-0.00302065528212211
2021-02-16,-0.0014000000000000002,0.0,-0.007513626578553208,-0.003014829007862161
2021-02-17,-0.002,0.0,-0.006113557068757153,-0.009334308137293136
2021-02-18,-0.0063,0.0,-0.01289268664994922,-0.008242538556418148
2021-02-19,0.0016,0.0,0.0031338496632043493,0.0059076876241539785
2021-02-22,-0.0111,0.0,-0.0138836207441169,0.009625417584670587
2021-02-23,-0.0011,0.0,-0.0015903698083698779,-0.01261647591406951
2021-02-24,0.0115,0.0,0.005147550465968147,0.03782704043544288
2021-02-25,-0.027200000000000002,0.0,-0.03187079711458164,-0.038671362462920515
2021-02-26,-0.0028000000000000004,0.0,0.00042409600157679653,-0.015795007280785887
2021-03-01,0.0262,0.0,0.02847728023684804,0.014380542327474072
2021-03-02,-0.0105,0.0,-0.013446789447184044,-0.0019750210697285723
2021-03-03,-0.0155,0.0,-0.013231216805897643,-0.04075888785872537
2021-03-04,-0.0167,0.0,-0.015547280728054528,-0.009395280068158455
2021-03-05,0.0187,0.0,0.019669010526528943,0.028952979859101936
2021-03-08,-0.0067,0.0,0.003305075012262391,-0.01647727793698406
2021-03-09,0.0177,0.0,0.015128687039226024,0.013906697620991995
2021-03-10,0.0067,0.0,0.00929051749169541,0.015227995332529633
2021-03-11,0.0141,0.0,0.016698577741483103,0.020354111602824763
2021-03-12,0.0011,0.0,-0.00043579032788521087,0.01142637607065371
2021-03-15,0.0069,0.0,-0.000504094439712454,0.008876539495058693
2021-03-16,-0.0040999999999999995,0.0,0.00018046000067058546,-0.012365471320187994
2021-03-17,0.0034000000000000002,0.0,0.004971956963401819,0.011630370339256839
2021-03-18,-0.018600000000000002,0.0,-0.018371363822773507,-0.040512349066412295
2021-03-19,0.0023,0.0,0.002355909021914134,0.014384939482718238
2021-03-22,0.005600000000000001,0.0,0.005636505120699181,0.007924777564850372
2021-03-23,-0.0116,0.0,-0.017336689993806408,-0.030339414498204244
2021-03-24,-0.0097,0.0,-0.007972289177707016,-0.026510423113437633
2021-03-25,0.0067,0.0,-0.004778304138886851,0.004201599026634486
2021-03-26,0.015600000000000001,0.0,0.015306666143153774,-0.00451697625229254
2021-03-29,-0.0048,0.0,-0.014362774374611115,0.012570244497953773
2021-03-30,-0.0003,0.0,-0.0026632095878889235,0.01264726819256582
2021-03-31,0.0063,0.0,0.010652858303086307,-0.006783782342855144
2021-04-01,0.0127,0.0,0.010906211177965652,0.014861599306771483
2021-04-05,0.0128,0.0,0.00961083827040008,0.03958483462312561
2021-04-06,0.0,0.0,0.0030607584412158406,0.005371897854433247
2021-04-07,-0.0011,0.0,-0.002977468420667577,-0.015347464442046594
2021-04-08,0.0062,0.0,0.0034434732096142516,-0.02139561677526132
2021-04-09,0.006500000000000001,0.0,0.0038300752569594356,-0.013981255567437777
2021-04-12,-0.0004,0.0,0.008926324748911165,0.0155946395059713
2021-04-13,0.0040999999999999995,0.0,0.008081901626138257,0.009528275560937112
2021-04-14,-0.0034000000000000002,0.0,-0.0005786500886734887,-0.022377114219107805
2021-04-15,0.0106,0.0,0.0028902131715409785,0.023313728699505418
2021-04-16,0.0027,0.0,0.006382255641740615,-0.001557471240971488
2021-04-19,-0.0072,0.0,-0.015568172315442108,-0.018585995996458236
2021-04-20,-0.009300000000000001,0.0,-0.006508803982648564,-0.01932776466262602
2021-04-21,0.011000000000000001,0.0,0.003737262028077677,0.007840720310314797
2021-04-22,-0.0078000000000000005,0.0,0.004260228619327314,0.012567686353692967
2021-04-23,0.0126,0.0,0.0017500096049765258,0.0033429278860085364
2021-04-26,0.0040999999999999995,0.0,0.011548857772276537,-0.00028766522351910025
2021-04-27,-0.0003,0.0,0.004495011005273806,0.01772407260432617
2021-04-28,-0.0007000000000000001,0.0,-0.012136707276123104,0.019553620025927722
2021-04-29,0.004,0.0,0.0022272007195416514,-0.00833285221488934
2021-04-30,-0.008199999999999999,0.0,0.0006388152826499148,0.01749844265039343
2021-05-03,0.0018,0.0,0.008694734620148753,0.017317590174241983
2021-05-04,-0.0089,0.0,-0.01960947691708958,-0.03200862014217858
2021-05-05,-0.0005,0.0,-0.004040599209368771,0.023981749992292162
2021-05-06,0.0049,0.0,-0.0027595600316897865,-0.013988726782706833
2021-05-07,0.0084,0.0,0.001676837351084098,0.02014329155172201
2021-05-10,-0.013500000000000002,0.0,-0.017815504107168464,-0.03343643042754412
2021-05-11,-0.0063,0.0,0.005024911352290591,-0.032701906429536645
2021-05-12,-0.023399999999999997,0.0,-0.022835662758253213,-0.018851149230329725
2021-05-13,0.0104,0.0,0.00870001251551554,0.019207632405367152
2021-05-14,0.0179,0.0,0.01551252889423839,0.022035133767144863
2021-05-17,-0.0024,0.0,0.0015151188459453764,-0.000593030567099832
2021-05-18,-0.006999999999999999,0.0,-0.002929187054152487,-0.01060665030148805
2021-05-19,-0.0034000000000000002,0.0,-0.009472648151057717,-0.008072847452758256
2021-05-20,0.011399999999999999,0.0,0.02035837373439517,4.5553569046414416e-05
2021-05-21,-0.0004,0.0,-0.007505312054284577,0.0073906986456463986
2021-05-24,0.009899999999999999,0.0,0.007868729112488615,0.01307282884709502
2021-05-25,-0.003,0.0,-0.0004490821726355161,-0.007351117063143264
2021-05-26,0.0046,0.0,0.015087548141814863,-0.0019244975796723568
2021-05-27,0.0027,0.0,0.00023123632541934697,-0.00044765373467445767
2021-05-28,0.0004,0.0,0.00191199264391099,-0.02042386245540557
2021-06-01,0.0003,0.0,0.00821456834614775,-0.0039599589208802865
2021-06-02,0.0011,0.0,0.004736106446755958,-0.012200057074684736
2021-06-03,-0.0053,0.0,0.001509571556148559,0.010655291494065192
2021-06-04,0.009000000000000001,0.0,0.015249355568467196,-0.0014853100652366495
2021-06-07,0.0014000000000000002,0.0,0.002746353753345232,-0.004471401463505309
2021-06-08,0.0018,0.0,0.005482577854933165,0.0024554772171544084
2021-06-09,-0.0029,0.0,0.0025828654061248913,0.007056001491095626
2021-06-10,0.0040999999999999995,0.0,0.0036341539757169822,0.011562837159350022
2021-06-11,0.0037,0.0,0.013476441966229363,0.004923252200753081
2021-06-14,0.0015,0.0,-0.01130099227585232,0.031535601317507905
2021-06-15,-0.003,0.0,-0.009089775039137549,-0.0042282667954850195
2021-06-16,-0.0046,0.0,0.004203911739342347,-0.0016420769133363754
2021-06-17,0.0001,0.0,0.00249936809821894,0.03758845469332613
2021-06-18,-0.0123,0.0,-0.016646345781988602,-0.02832306853163951
2021-06-21,0.013600000000000001,0.0,0.015692215149843675,0.03082102784964866
2021-06-22,0.0058,0.0,0.012356155252653468,0.013540699601566878
2021-06-23,0.0,0.0,-0.0038086695122388392,-0.018199908093332506
2021-06-24,0.0069,0.0,0.011449695674658584,0.0003052651794142932
2021-06-25,0.0031,0.0,0.0020440037358454713,0.015388645396314873
2021-06-28,0.0021,0.0,0.0010996056499760142,-0.01731381207167722
2021-06-29,0.0001,0.0,-0.0006213916709060521,-0.0025210363247075273
2021-06-30,0.0007000000000000001,0.0,0.007416585092409417,0.01363460617426006
2021-07-01,0.0044,0.0,-0.002936416816730945,0.0023508802308543544
2021-07-02,0.005600000000000001,0.0,0.0030017775587063023,0.010849667677994045
2021-07-06,-0.0027,0.0,0.001189997048637162,-0.01280523620738451
2021-07-07,0.001,0.0,-0.006960907846372841,-0.007390842500094416
2021-07-08,-0.0086,0.0,-0.01883980326298472,-0.019743142751513218
2021-07-09,0.0126,0.0,0.01590208258648693,0.011439622034098169
2021-07-12,0.0023,0.0,0.00202840840364054,0.011568514688864892
2021-07-13,-0.0055000000000000005,0.0,-0.006707907032996108,-0.006210558231231195
2021-07-14,-0.0025,0.0,-0.0018841313393627964,0.02374616044675114
2021-07-15,-0.0038,0.0,-0.010203928755267756,0.0025256915981647556
2021-07-16,-0.0076,0.0,0.010467164091885087,-0.006173422461603757
2021-07-19,-0.014199999999999999,0.0,-0.020678911524380172,0.012332662958577458
2021-07-20,0.017,0.0,0.01397793860771643,0.020478745344699217
2021-07-21,0.0095,0.0,0.0002654929390770184,0.001136944639089985
2021-07-22,0.001,0.0,-0.0018994237393986544,0.003291056709946172
2021-07-23,0.009899999999999999,0.0,0.019234111530675127,-0.0022343262212180665
2021-07-26,0.0018,0.0,0.0016392637909050092,0.00932567281722527
2021-07-27,-0.006500000000000001,0.0,-0.003033098103833128,0.010203788073775396
2021-07-28,0.0027,0.0,-0.0006250481413951278,0.012167110991872811
2021-07-29,0.0040999999999999995,0.0,0.015241086092923076,-0.00041035726522132155
2021-07-30,-0.006500000000000001,0.0,-0.0057476119647424445,-0.010554229409596386
2021-08-02,-0.0012,0.0,-0.009343394606555346,0.004971708971624893
2021-08-03,0.0073,0.0,0.011870468335874126,0.025604262032893142
2021-08-04,-0.0039000000000000003,0.0,-0.006508216463985989,-0.010683577079435628
2021-08-05,0.0074,0.0,0.010943489540762269,0.003793895750974192
2021-08-06,0.0009,0.0,0.0014966228072126196,0.016010178025987403
2021-08-09,0.0,0.0,0.001379608947064174,0.002904954357906426
2021-08-10,0.0006,0.0,0.0011801722017732888,0.0054170420199828664
2021-08-11,0.002,0.0,-0.0039842167699276915,0.009148286310957092
2021-08-12,0.0024,0.0,-0.0073432197527312296,-0.007615565112688532
2021-08-13,0.0002,0.0,0.006065660011520765,-0.0018691100436147854
2021-08-16,-0.0003,0.0,-0.0014352864021500117,0.01413040231552491
2021-08-17,-0.0079,0.0,-0.006382936918723126,-0.012516824542520726
2021-08-18,-0.0096,0.0,-0.012804589626474475,-0.015287169302251387
2021-08-19,-0.0013,0.0,-0.014327746340387398,0.0023475655601970635
2021-08-20,0.0092,0.0,0.0008727850476578179,0.017241969934891153
2021-08-23,0.010700000000000001,0.0,0.019205458122086655,0.04880463440766057
2021-08-24,0.004,0.0,-0.0012317571458139902,-0.005997522226904737
2021-08-25,0.0027,0.0,3.567558613849081e-06,0.005382843941194915
2021-08-26,-0.006500000000000001,0.0,-0.016029728839685398,0.01923637997540681
2021-08-27,0.010700000000000001,0.0,0.007087759157056933,0.014329924110548986
2021-08-30,0.0034999999999999996,0.0,0.0008632230666155718,0.009723559987499672
2021-08-31,-0.0013,0.0,-0.0029876288151865216,-0.021741662181025533
2021-09-01,0.0011,0.0,0.00034218847316430255,0.014782234125399741
2021-09-02,0.0034999999999999996,0.0,-0.0007733185007925574,0.016501433923523073
2021-09-03,-0.0002,0.0,-0.004115336619285986,0.010993295105209269
2021-09-07,-0.0036,0.0,-0.003985773170504897,-0.007203322977000758
2021-09-08,-0.0033,0.0,-0.0015675638325588458,0.00077129046814559
2021-09-09,-0.0028000000000000004,0.0,-0.003997376316083157,-0.0045931275709819586
2021-09-10,-0.0076,0.0,0.0030734108871058744,0.0017952416049232412
2021-09-13,0.0014000000000000002,0.0,0.00238860345057966,0.0016138089434356102
2021-09-14,-0.0066,0.0,-0.005891655088479219,0.0022181614046316075
2021-09-15,0.0088,0.0,0.00435928586979408,-0.006966495011333023
2021-09-16,-0.0005,0.0,0.005659587389220081,-0.005190050022599917
2021-09-17,-0.0074,0.0,-0.014159904179630266,-0.048838387074644204
2021-09-20,-0.018600000000000002,0.0,-0.02910683293563373,-0.02623434714200312
2021-09-21,0.0003,0.0,-0.006159077667293174,0.010984232937455032
2021-09-22,0.01,0.0,0.01358220099117907,0.009431132881918
2021-09-23,0.0128,0.0,0.005271626983948925,0.048966446360098594
2021-09-24,0.0009,0.0,0.008729906011624173,-0.012508773234158294
2021-09-27,-0.0011,0.0,-0.0015647221513799571,-0.006104077609097814
2021-09-28,-0.0217,0.0,-0.031573785206319024,-0.04095455164620497
2021-09-29,0.0004,0.0,-0.0013674036116149023,-0.006418571493885918
2021-09-30,-0.0103,0.0,0.000609036329698753,-0.019875498921253103
2021-10-01,0.011200000000000002,0.0,0.005455738216966165,-0.005752307322310418
2021-10-04,-0.014199999999999999,0.0,-0.022778325550364194,-0.031958582280194325
2021-10-05,0.0106,0.0,0.013499139183802633,0.041689149188940705
2021-10-06,0.0034000000000000002,0.0,0.011299237934590249,0.0007846736895041101
2021-10-07,0.0101,0.0,0.016171979275827277,0.025649763607322365
2021-10-08,-0.0027,0.0,-0.0051002595401009945,-0.02103087577020253
2021-10-11,-0.0072,0.0,-0.006349389928587926,-0.010994546001223848
2021-10-12,-0.0007000000000000001,0.0,0.0010159341998760743,0.0064395926722940105
2021-10-13,0.0043,0.0,0.011364042148721103,0.0031786126353887546
2021-10-14,0.0165,0.0,0.029703457420210196,0.014349410319630294
2021-10-15,0.0064,0.0,0.005389315037102929,0.005686341016266094
2021-10-18,0.004,0.0,0.011852718500506537,0.005544982590534759
2021-10-19,0.006999999999999999,0.0,0.0045012483363225456,0.02051342574946748
2021-10-20,0.0034000000000000002,0.0,0.00677835594868557,0.020967791681698482
2021-10-21,0.0036,0.0,-0.002610609628578091,-0.01353626758948329
2021-10-22,-0.0025,0.0,-0.007644955807858467,-0.03163121892286478
2021-10-25,0.005600000000000001,0.0,0.007883426073863494,0.004564208689159743
2021-10-26,0.0005,0.0,-0.00548115488308652,0.0006354709377268143
2021-10-27,-0.0076,0.0,-0.0023443732620471473,-8.578155095292743e-05
2021-10-28,0.0111,0.0,0.007299177850581051,0.029052786430887913
2021-10-29,0.0021,0.0,0.0022558291818015825,-0.006499413457878474
2021-11-01,0.005,0.0,0.004141584209883392,0.03481151162244914
2021-11-02,0.0025,0.0,6.75672186346548e-05,0.006717100713336067
2021-11-03,0.0079,0.0,0.008392718395027636,-0.01414928895250582
2021-11-04,0.0039000000000000003,0.0,0.010366357909297179,0.018215518809013957
2021-11-05,0.0037,0.0,0.02292883992031434,0.008557407863529485
2021-11-08,0.0016,0.0,-0.006208595914152382,0.0059561323864416905
2021-11-09,-0.0034000000000000002,0.0,-0.0018414682104110557,-0.026421673371694734
2021-11-10,-0.0104,0.0,-0.011837833906002097,-0.017779992024857697
2021-11-11,0.0017000000000000001,0.0,-0.004385128911070496,0.004324767403655904
2021-11-12,0.0074,0.0,0.008871761966874414,0.007419804828064178
2021-11-15,-0.0006,0.0,-0.006467122271576887,0.008606315485109782
2021-11-16,0.0044,0.0,0.003575757885341248,0.022952159449995548
2021-11-17,-0.0040999999999999995,0.0,0.0033776703704655126,0.015592484586451719
2021-11-18,0.0014000000000000002,0.0,-0.011662621591546074,0.01898294533731421
2021-11-19,-0.0025,0.0,-0.0012718075901305573,-0.005359534020551147
2021-11-22,-0.005699999999999999,0.0,-0.003217674527863732,0.016196178803244546
2021-11-23,-0.0002,0.0,-0.006562645217129922,0.0032672884001935
2021-11-24,0.003,0.0,0.0059683422942707915,0.015603839610558291
2021-11-26,-0.0223,0.0,-0.02041716417764511,-0.032409851054300755
2021-11-29,0.011000000000000001,0.0,0.008470108503074888,-0.004981832351332536
2021-11-30,-0.0195,0.0,-0.012196713483504151,-0.05666442999566319
2021-12-01,-0.0159,0.0,-0.024467287626987508,-0.018177721848809454
2021-12-02,0.015300000000000001,0.0,0.01901942661796506,0.010490523312649838
2021-12-03,-0.0118,0.0,-0.013603089729117848,-0.015502186293377407
2021-12-06,0.012,0.0,0.005013613114293931,0.027843261483453466
2021-12-07,0.0222,0.0,0.02074961672195163,0.0077279396617033445
2021-12-08,0.0046,0.0,0.00206786880261033,-0.01836933617385947
2021-12-09,-0.0104,0.0,-0.005573971975838888,-0.010009194658152556
2021-12-10,0.0070999999999999995,0.0,-0.0026510589951847007,0.014191199206968427
2021-12-13,-0.0104,0.0,-0.011958376216863615,-0.01734752991279558
2021-12-14,-0.0076,0.0,-0.01080282396883618,-0.01718153460675444
2021-12-15,0.016200000000000003,0.0,0.025775130067853272,-0.0009467987865322894
2021-12-16,-0.011899999999999999,0.0,-0.01927722545220499,-0.016727230772619762
2021-12-17,-0.0066,0.0,-0.00026648397917913066,-0.018885546094552383
2021-12-20,-0.0126,0.0,-0.024002127976718753,-0.01050542106248617
2021-12-21,0.0206,0.0,0.022425031052326086,0.03975688416571399
2021-12-22,0.0097,0.0,0.008496430185312405,0.004870323890384362
2021-12-23,0.0072,0.0,0.009228807241189303,0.015014915747056854
2021-12-27,0.0123,0.0,0.007516231390680473,0.018465669852439828
2021-12-28,-0.0026,0.0,-0.015250208239847716,0.006187592928682628
2021-12-29,0.0007000000000000001,0.0,-0.00939986765646656,0.021957902123573875
2021-12-30,-0.0017000000000000001,0.0,0.0061949075136013285,0.006812290628950278
2021-12-31,-0.0031,0.0,-0.0021357960184260347,0.005680341284534081
2022-01-03,0.0072,0.0,0.0013717082625606357,0.020230857200683575
2022-01-04,-0.0027,0.0,0.002578477990290398,-0.009455122654440522
2022-01-05,-0.0226,0.0,-0.027688669029529208,-0.029547661971332035
2022-01-06,0.0,0.0,-0.005054507147331596,0.004681933926853406
2022-01-07,-0.0049,0.0,-0.012945453701501373,0.01062337014724343
2022-01-10,-0.0014000000000000002,0.0,0.0056081031144537595,0.01593290596183318
2022-01-11,0.0108,0.0,0.022748877706897208,0.04526859846899175
2022-01-12,0.0013,0.0,-0.00519051168244679,-0.0134272516315684
2022-01-13,-0.0155,0.0,-0.014100992995540738,-0.020792908171950217
2022-01-14,0.0008,0.0,0.006530802883897696,-0.022826044355584142
2022-01-18,-0.0206,0.0,-0.007707052524761839,-0.034258736022105905
2022-01-19,-0.0102,0.0,-0.02574339342171155,-0.03598761362367805
2022-01-20,-0.0115,0.0,-0.011053457550743741,0.0010544166662039191
2022-01-21,-0.0209,0.0,-0.017281888024490134,-0.016841245175830438
2022-01-24,0.0053,0.0,-0.004472487472775728,-0.007988285048085568
2022-01-25,-0.014199999999999999,0.0,-0.012086180158850005,-0.013911403151331181
2022-01-26,-0.0029,0.0,-0.002116613026872411,0.006323571707015263
2022-01-27,-0.0076,0.0,-0.003506334263779604,0.014003271759466362
2022-01-28,0.0246,0.0,0.020464308934672163,0.0433341723385388
2022-01-31,0.0232,0.0,0.025362455112517463,0.03182621975121249
2022-02-01,0.0087,0.0,0.0044159309336120585,0.009970523975457916
2022-02-02,0.0051,0.0,0.008443876226593748,0.01517821801811123
2022-02-03,-0.0248,0.0,-0.024278268447961507,-0.028123363774790175
2022-02-04,0.0089,0.0,0.006049287714736533,0.0049058406996821515
2022-02-07,-0.0024,0.0,-0.011795367356409701,-0.0200038573683709
2022-02-08,0.0102,0.0,0.02010179767016639,0.027720790404160745
2022-02-09,0.016,0.0,0.02250579104079323,0.010794289462473513
2022-02-10,-0.0169,0.0,-0.011838462194707583,-0.02576831046235084
2022-02-11,-0.0191,0.0,-0.02376703480997932,-0.013890635538789262
2022-02-14,-0.0034999999999999996,0.0,-0.006188936397415455,-0.005394299704773722
2022-02-15,0.018500000000000003,0.0,0.028539276346084774,0.03959253222364273
2022-02-16,-0.0002,0.0,0.004008454574414166,-0.015793647103149504
2022-02-17,-0.0229,0.0,-0.028745441293233514,-0.019345657555669117
2022-02-18,-0.0085,0.0,-0.008685602982435365,-0.02943438713375983
2022-02-22,-0.011699999999999999,0.0,-0.011284460139074658,-0.03597747273086048
2022-02-23,-0.0195,0.0,-0.02123136779586448,-0.03979372836475037
2022-02-24,0.0187,0.0,0.012285847963476043,0.025855108173581363
2022-02-25,0.022400000000000003,0.0,0.029837909646428712,0.01973622361232611
2022-02-28,0.0003,0.0,0.0035497954599603846,-0.01870102370421983
2022-03-01,-0.0155,0.0,-0.01720060945937706,-0.003679072149421682
2022-03-02,0.0182,0.0,0.007836320680446207,0.010322765684489492
2022-03-03,-0.0086,0.0,-0.012725728127367351,-0.012816371088530223
2022-03-04,-0.0109,0.0,-0.011372408434313858,-0.010743617785234241
2022-03-07,-0.031400000000000004,0.0,-0.026371703034811993,-0.04744408058378658
2022-03-08,-0.0053,0.0,-0.008062743264527791,-0.001974757102561374
2022-03-09,0.0279,0.0,0.034454451776789304,0.04471869588609391
2022-03-10,-0.004699999999999999,0.0,-0.004238048075081024,-0.00758865678293048
2022-03-11,-0.0148,0.0,-0.019906345829015758,-0.0049821837762457685
2022-03-14,-0.0104,0.0,-0.028403980028258703,-0.021762336751372326
2022-03-15,0.0215,0.0,0.013695320857800796,0.013272334714899853
2022-03-16,0.026000000000000002,0.0,0.01620828380261657,0.036526643143687365
2022-03-17,0.014199999999999999,0.0,0.012849229575167818,0.005037132097748323
2022-03-18,0.0132,0.0,0.014904248622769999,0.022275623825038993
2022-03-21,-0.0017000000000000001,0.0,0.006671730886318927,-0.0036966342771788865
2022-03-22,0.013000000000000001,0.0,0.012540697759430931,0.010361176632188152
2022-03-23,-0.0125,0.0,-0.020171816215535623,-0.008354133037533896
2022-03-24,0.014199999999999999,0.0,0.02864886918053358,0.02575671355043461
2022-03-25,0.0028000000000000004,0.0,0.004396080068722203,-0.037275744088730044
2022-03-28,0.0073,0.0,0.005278330216158074,0.004996994837843547
2022-03-29,0.0143,0.0,0.012289502828153,0.020418248711044286
2022-03-30,-0.008199999999999999,0.0,-0.017070980018082778,-0.004009976698532519
2022-03-31,-0.0154,0.0,-0.011743783056403192,-0.027637004739305714
2022-04-01,0.0039000000000000003,0.0,0.00590906812388978,-0.010857036858227451
2022-04-04,0.009300000000000001,0.0,0.018967650367091735,0.01370548751696923
2022-04-05,-0.015300000000000001,0.0,-0.00869261269311885,-0.010595905837965075
2022-04-06,-0.0123,0.0,-0.007159217965570744,-0.04447708142549138
2022-04-07,0.0034000000000000002,0.0,0.011002451870051036,-0.016402866536080866
2022-04-08,-0.0038,0.0,-0.005909767636041169,-0.013146659600401074
2022-04-11,-0.0154,0.0,-0.01850873091223054,-0.05583954721574873
2022-04-12,-0.0029,0.0,-0.0035206520507483257,-0.012118189238556697
2022-04-13,0.0139,0.0,0.005748391596350521,0.029299470277116456
2022-04-14,-0.0128,0.0,-0.013997485433967213,-0.03142836107256879
2022-04-18,-0.0019,0.0,-0.004265637970296809,-0.0006778134073065387
2022-04-19,0.0176,0.0,0.021529966901033436,0.010514436948280905
2022-04-20,-0.0027,0.0,-0.003069225325307935,0.0022035377550951906
2022-04-21,-0.0173,0.0,-0.029593086351765954,-0.013643049879463619
2022-04-22,-0.0274,0.0,-0.02747329668761862,-0.017750677393560753
2022-04-25,0.006999999999999999,0.0,0.01566175306823365,0.010010402945214431
2022-04-26,-0.029900000000000003,0.0,-0.041715921137317744,-0.024476291551454345
2022-04-27,0.0013,0.0,-0.0037319075477946937,0.00709319408748927
2022-04-28,0.0245,0.0,0.024364035570878736,0.02518236126071976
2022-04-29,-0.0354,0.0,-0.04399255700713073,-0.02578859829479332
2022-05-02,0.008,0.0,0.004307226274806816,0.0020048429511580895
2022-05-03,0.0040999999999999995,0.0,0.004225220897043634,0.0075390771500217085
2022-05-04,0.0301,0.0,0.021566493277693388,0.07279773732585709
2022-05-05,-0.038,0.0,-0.03636298011901417,-0.037532168822311834
2022-05-06,-0.0085,0.0,-0.006132619147664985,-0.022544380707204124
2022-05-09,-0.0352,0.0,-0.04339471390286733,-0.04181907986775065
2022-05-10,0.0022,0.0,0.0021703953089024564,-0.0049120266179028624
2022-05-11,-0.019299999999999998,0.0,-0.01269131408520217,-0.027221299440651478
2022-05-12,0.0015,0.0,0.00020457794241886848,-0.01897865158914375
2022-05-13,0.0274,0.0,0.029962518549377613,0.03849877076032214
2022-05-16,-0.0059,0.0,-0.0020244005869764366,-0.02925069163410705
2022-05-17,0.0213,0.0,0.019649693085681333,0.032659221201338295
2022-05-18,-0.0406,0.0,-0.034574841865297065,-0.04775858659187529
2022-05-19,-0.0034000000000000002,0.0,-0.0011347138333583718,0.007126403667943256
2022-05-20,-0.0005,0.0,-0.006896994714498382,0.02999476024374012
2022-05-23,0.0175,0.0,0.020642944821666207,-0.0002707674397607017
2022-05-24,-0.0121,0.0,-0.00679227893165053,-0.032380680775445245
2022-05-25,0.0121,0.0,0.017036247331610743,0.0017948986572142514
2022-05-26,0.0218,0.0,0.01761614551616318,0.020352173111000096
2022-05-27,0.0258,0.0,0.028575170480156356,0.045557429205590055
2022-05-31,-0.0070999999999999995,0.0,0.001432829378958343,-0.01402846374983499
2022-06-01,-0.0074,0.0,-0.006053390273775313,-0.01786215559314097
2022-06-02,0.0208,0.0,0.028161746421332907,0.011284063640552715
2022-06-03,-0.0163,0.0,-0.008199287030411465,-0.030050936595198925
2022-06-06,0.0033,0.0,0.0029842649469733907,-0.0019291484270983414
2022-06-07,0.01,0.0,0.014081280835645691,0.01140020294583539
2022-06-08,-0.0102,0.0,-0.01210430412291966,-0.03322057795430242
2022-06-09,-0.024300000000000002,0.0,-0.01763990894663637,-0.03280946428952365
2022-06-10,-0.03,0.0,-0.030635275799385277,-0.03133015443080282
2022-06-13,-0.0412,0.0,-0.044722944470755886,-0.048913778868643294
2022-06-14,-0.0026,0.0,-0.0028160731868123413,-0.02078541912278652
2022-06-15,0.0155,0.0,0.014992169868723995,0.03133274542970667
2022-06-16,-0.0352,0.0,-0.03283954174019209,-0.034805851625729745
2022-06-17,0.0045000000000000005,0.0,0.0073885323452752664,0.009821759986471145
2022-06-21,0.023799999999999998,0.0,0.01642357146272509,0.013806385942514265
2022-06-22,-0.0019,0.0,-0.006039062235065338,-0.02299236574413171
2022-06-23,0.011200000000000002,0.0,0.01343617662670024,0.014951651486092213
2022-06-24,0.0313,0.0,0.034304252341000416,0.026313426111454815
2022-06-27,-0.0027,0.0,-0.0021802179714235,-0.022165525551948975
2022-06-28,-0.0209,0.0,-0.00432256564718906,-0.014986254693162523
2022-06-29,-0.0019,0.0,0.005144046384728859,0.00999053874006111
2022-06-30,-0.0096,0.0,-0.01007525076967653,-0.0037484115720775417
2022-07-01,0.0115,0.0,0.016102978293797865,0.03291773251360699
2022-07-05,0.0048,0.0,0.013251703500159296,0.01856880836740138
2022-07-06,0.0017000000000000001,0.0,0.004034223947319616,-0.013958906392449257
2022-07-07,0.0176,0.0,0.006644925288722953,0.038591917050986385
2022-07-08,-0.0007000000000000001,0.0,-3.697743743879243e-05,0.0005998185075191366
2022-07-11,-0.0138,0.0,-0.013420902023748526,-0.011968459449722088
2022-07-12,-0.0089,0.0,0.004603811258343568,0.009976994338908748
2022-07-13,-0.0039000000000000003,0.0,-0.015399303778912627,0.0009053621096610648
2022-07-14,-0.0040999999999999995,0.0,0.005727343342192772,0.016313545328791555
2022-07-15,0.0196,0.0,0.018711678017223735,0.026122128763061567
2022-07-18,-0.0070999999999999995,0.0,-0.0011296822437448003,-0.014648666774902347
2022-07-19,0.0281,0.0,0.026371909721941564,0.026609516459614763
2022-07-20,0.0089,0.0,0.01012505941997071,0.009553420447560286
2022-07-21,0.0097,0.0,0.016956612561008628,-0.010812461045048375
2022-07-22,-0.0118,0.0,-0.011133523840054197,-0.016344762558705817
2022-07-25,0.0012,0.0,0.007983127848633316,-0.0002535671244741941
2022-07-26,-0.0132,0.0,-0.01356116871792141,-0.024697013468197623
2022-07-27,0.027200000000000002,0.0,0.024772244113052348,0.004315503405523384
2022-07-28,0.011899999999999999,0.0,0.010680713207569843,-0.014415338681994438
2022-07-29,0.014499999999999999,0.0,0.011495581052735817,0.028478198446090577
2022-08-01,-0.002,0.0001,-0.0024879530328474134,-0.015907406220016896
2022-08-02,-0.005,0.0001,0.0038550824228891236,0.01245019710683074
2022-08-03,0.0167,0.0001,0.00960832769703757,0.011776082351237989
2022-08-04,-0.0005,0.0001,-0.010676022792410141,0.00429315305190454
2022-08-05,-0.0004,0.0001,-0.00022717528398298565,-0.020576475901457676
2022-08-08,0.0,0.0001,0.010906766017018881,-0.008875165059300196
2022-08-09,-0.0067,0.0001,0.00019372269742443424,-0.011796696233056611
2022-08-10,0.0235,0.0001,0.0321374920827449,0.03855559388416247
2022-08-11,-0.0007000000000000001,0.0001,0.007488285401668576,0.022364048346773826
2022-08-12,0.0176,0.0001,0.013322596482375784,0.03619779459522118
2022-08-15,0.0038,0.0001,0.004868228376997901,-0.015197930227008279
2022-08-16,0.0019,0.0001,-0.014534717489229146,0.0025300530416213873
2022-08-17,-0.0092,0.0001,-0.012707478807239674,-0.014314272894130278
2022-08-18,0.0027,0.0001,0.006862784086948587,-0.005338032278577315
2022-08-19,-0.0149,0.0001,-0.02436676676135435,-0.011246257226591982
2022-08-22,-0.0213,0.0001,-0.033935786091229,-0.005843673635686285
2022-08-23,-0.0011,0.0001,-0.008932030455090863,-0.007777652091066219
2022-08-24,0.0039000000000000003,0.0001,0.005637141330297774,0.020533670464737256
2022-08-25,0.014499999999999999,0.0001,0.022223769634867475,0.03817673791268934
2022-08-26,-0.0337,0.0001,-0.01702475481569766,-0.05855327522179083
2022-08-29,-0.0070999999999999995,0.0001,0.0023037180150504203,0.015336776251718311
2022-08-30,-0.0111,0.0001,-0.02024799610360033,0.008936766596276784
2022-08-31,-0.0075,0.0001,-0.02170657597739979,-0.005664103492498288
2022-09-01,0.0,0.0001,0.0013671835715294044,0.023677651168863494
2022-09-02,-0.009899999999999999,0.0001,-0.0027911211556668042,-0.009401848662842775
2022-09-06,-0.0051,0.0001,-0.014846958418656162,0.009330083937016013
2022-09-07,0.0192,0.0001,0.016367408138884272,0.03397584999758639
2022-09-08,0.0078000000000000005,0.0001,0.005438517953673216,-0.0018263764929685414
2022-09-09,0.0167,0.0001,0.01740150083105549,0.02533260231816917
2022-09-12,0.010700000000000001,0.0001,0.010068568978250234,0.011574457225256515
2022-09-13,-0.0429,0.0001,-0.03913189528982132,-0.06262945882325571
2022-09-14,0.0044,0.0001,0.011591905656767503,-0.010277414863163813
2022-09-15,-0.0104,0.0001,-0.009405654326688618,-0.024351701881923586
2022-09-16,-0.0098,0.0001,-0.004518379316675942,-0.02984917412808884
2022-09-19,0.0072,0.0001,0.020322441183665035,0.025117951810674093
2022-09-20,-0.0115,0.0001,-0.017360943921669612,-0.04213432646931987
2022-09-21,-0.0168,0.0001,-0.022812812342027613,-0.020783050390230325
2022-09-22,-0.011399999999999999,0.0001,-0.007593842467185026,-0.02331274050488234
2022-09-23,-0.018500000000000003,0.0001,-0.006222037168569308,-0.041389149770622205
2022-09-26,-0.0102,0.0001,-0.008528046633683197,-0.0032133714559529672
2022-09-27,-0.0004,0.0001,0.00711578390352,-0.011594975194298945
2022-09-28,0.021400000000000002,0.0001,0.020099398806049835,0.044549811936450634
2022-09-29,-0.0216,0.0001,-0.015178682008449976,-0.03056980673067765
2022-09-30,-0.0143,0.0001,-0.017585914399598515,-0.013982220956302159
2022-10-03,0.0256,0.0001,0.03052251110759886,0.031462706298561065
2022-10-04,0.0329,0.0001,0.036075319714084966,0.05177077525550096
2022-10-05,-0.0021,0.0001,0.001082569764056673,0.010279535080853528
2022-10-06,-0.0085,0.0001,0.0008823574981919383,-0.017295830233535252
2022-10-07,-0.028999999999999998,0.0001,-0.0215495277791836,-0.037837191724771534
2022-10-10,-0.008,0.0001,-0.011034297228010342,0.013970816908656926
2022-10-11,-0.006999999999999999,0.0001,-0.000670858071995401,-0.017073776127008864
2022-10-12,-0.0027,0.0001,-0.01263690257585523,0.02157015867970906
2022-10-13,0.0241,0.0001,0.031112389972779483,0.025860839647477454
2022-10-14,-0.0245,0.0001,-0.006381447848225796,-0.03959578037939042
2022-10-17,0.0274,0.0001,0.031555163419966795,0.01220955226752464
2022-10-18,0.011899999999999999,0.0001,0.015928134424475816,0.0036967886312806995
2022-10-19,-0.0087,0.0001,-0.007455705441845483,-0.035480066465216224
2022-10-20,-0.008,0.0001,-0.0018965167245772543,-0.018341721663230517
2022-10-21,0.023,0.0001,0.0210372353804858,0.039472695712939154
2022-10-24,0.0103,0.0001,0.015423994822316874,0.012526066178486303
2022-10-25,0.0178,0.0001,0.01700194891657452,0.014762725905776947
2022-10-26,-0.0066,0.0001,-0.008344287169950403,-0.02283488699307324
2022-10-27,-0.0054,0.0001,-0.003675169692696808,-0.01656893463975872
2022-10-28,0.0233,0.0001,0.02387772832722551,0.010105568705599716
2022-10-31,-0.0068000000000000005,0.0001,-0.016767514480032424,-0.026463543834384495
2022-11-01,-0.0034999999999999996,0.0001,0.01055722046546951,0.022418878508911392
2022-11-02,-0.026699999999999998,0.0001,-0.024833402733308668,-0.03139753134511899
2022-11-03,-0.0103,0.0001,-0.019991139440972774,-0.026112319395223686
2022-11-04,0.0116,0.0001,0.0193843125253962,0.024365519015423248
2022-11-07,0.0087,0.0001,0.009519926317791878,0.03208444899426161
2022-11-08,0.0051,0.0001,0.00739013106416141,-0.0022319179063762826
2022-11-09,-0.022400000000000003,0.0001,-0.016941921770499135,-0.030640477547711185
2022-11-10,0.056799999999999996,0.0001,0.05216652977056156,0.05640657279468007
2022-11-11,0.0106,0.0001,-0.006937769742052139,-0.008357653916317511
2022-11-14,-0.0095,0.0001,-0.00912207918080614,0.0067468163605417285
2022-11-15,0.0103,0.0001,0.012832902607137722,0.060851580466686844
2022-11-16,-0.0102,0.0001,-0.0028753085965673966,-0.023539927819794606
2022-11-17,-0.0042,0.0001,-0.007959677094238081,-0.02801505864730239
2022-11-18,0.004,0.0001,0.003328171372522178,0.02484986659762793
2022-11-21,-0.0052,0.0001,-0.001675932221878339,0.0078780104211807
2022-11-22,0.013600000000000001,0.0001,0.012615984383490526,0.024255361676284348
2022-11-23,0.0063,0.0001,0.005737278903845056,0.02857924028135683
2022-11-25,-0.0003,0.0001,0.0023143470997566496,-0.0051043588944986685
2022-11-28,-0.0155,0.0001,-0.02076588863422877,-0.01633992044912162
2022-11-29,-0.0018,0.0001,0.00918688681366838,0.008591971996399357
2022-11-30,0.031200000000000002,0.0001,0.026396898699960807,0.03618720627832688
2022-12-01,-0.0002,0.0002,0.001133106107352994,0.006425225603439951
2022-12-02,-0.0008,0.0002,-0.001771680215154798,-0.004266878337906837
2022-12-05,-0.0202,0.0002,-0.02355754308214959,-0.019884898660681948
2022-12-06,-0.0151,0.0002,-0.010628351017884315,-0.017325351590295673
2022-12-07,-0.0024,0.0002,0.005068021527721929,-0.030496722592908903
2022-12-08,0.0076,0.0002,0.017867732405690246,0.011192777430654022
2022-12-09,-0.008,0.0002,-0.003239082063491111,-0.030166210199108152
2022-12-12,0.0141,0.0002,0.012368408878425803,0.006575662679891756
2022-12-13,0.0066,0.0002,0.01312446906341423,-0.014436806695295209
2022-12-14,-0.005600000000000001,0.0002,-0.013612496600619542,0.004066034362297346
2022-12-15,-0.025699999999999997,0.0002,-0.02430797955749176,-0.03791289435555939
2022-12-16,-0.0102,0.0002,-0.005830107111514787,-0.01857260195053021
2022-12-19,-0.01,0.0002,-0.005372816749805267,0.004321892566766621
2022-12-20,0.0013,0.0002,-0.004891655602540263,0.011585151571765236
2022-12-21,0.015300000000000001,0.0002,0.0069189471638238685,0.01695329820076987
2022-12-22,-0.0152,0.0002,-0.003689060183620844,-0.04855971408020242
2022-12-23,0.0052,0.0002,0.003011245520868722,0.015937269906180968
2022-12-27,-0.005,0.0002,-0.014353356306757303,-0.010136677745854356
2022-12-28,-0.0124,0.0002,-0.01919497777258519,-0.02113854573585535
2022-12-29,0.0187,0.0002,0.019786779533296182,0.034524717263680615
2022-12-30,-0.0022,0.0002,0.00622461322154482,-0.011570167151190434
2023-01-03,-0.004699999999999999,0.0002,-0.0037371450113185853,-0.007224223015624095
2023-01-04,0.008100000000000001,0.0002,0.016631726166367183,0.022867184886901534
2023-01-05,-0.011399999999999999,0.0002,-0.009015602176383416,-0.006865608578847071
2023-01-06,0.022099999999999998,0.0002,0.026020224290291098,0.02025029203423404
2023-01-09,0.0003,0.0002,0.007439449797692023,0.020566627091074166
2023-01-10,0.0079,0.0002,0.0064597864785079576,0.026227616467967927
2023-01-11,0.0125,0.0002,0.015284771933945143,0.04248375254075341
2023-01-12,0.0045000000000000005,0.0002,0.0029667391688049725,0.005144574655334481
2023-01-13,0.0046,0.0002,0.0014881907899896873,0.00900964005006423
2023-01-17,-0.0018,0.0002,0.003227146837274712,0.012309733543965676
2023-01-18,-0.0155,0.0002,-0.01978885538602497,-0.01398780260229692
2023-01-19,-0.0086,0.0002,-0.007220249100125292,-0.009185849191138691
2023-01-20,0.0194,0.0002,0.015283046976514747,0.023885557808807596
2023-01-23,0.0128,0.0002,0.013095554186022781,0.012526300472605915
2023-01-24,-0.0016,0.0002,-0.004075198541660548,-0.011027792455404098
2023-01-25,0.0,0.0002,0.00772958198491289,-0.008848562905557468
2023-01-26,0.0108,0.0002,0.012124839455205596,0.019759996660114576
2023-01-27,0.0034000000000000002,0.0002,0.0046980725781207286,0.00028469120349025373
2023-01-30,-0.0138,0.0002,-0.002618790940797327,-0.037404599485457504
2023-01-31,0.0158,0.0002,-0.0016585354711164285,0.021369744536213226
2023-02-01,0.011899999999999999,0.0002,0.005620529245356794,0.038531890465706195
2023-02-02,0.0154,0.0002,-0.0011359620920747744,0.03895870249201904
2023-02-03,-0.0108,0.0002,-0.010138699653668912,-0.04177403060453921
2023-02-06,-0.0073,0.0002,-0.0038495035665344905,-0.021108005003218848
2023-02-07,0.0125,0.0002,0.017229298864998424,0.027122382014244734
2023-02-08,-0.0118,0.0002,-0.009449092650276285,-0.014125827180076773
2023-02-09,-0.009399999999999999,0.0002,-0.014246477817248792,-0.011126650232754914
2023-02-10,0.0012,0.0002,0.012876786803063455,-0.00012102515954160145
2023-02-13,0.011399999999999999,0.0002,0.01394335316882457,0.015752032356667146
2023-02-14,0.0012,0.0002,0.000166619315133176,-0.012399420551977725
2023-02-15,0.005,0.0002,-0.0014646480353750703,0.02300159635895903
2023-02-16,-0.0137,0.0002,-0.010464569153707713,-0.03211094055965778
2023-02-17,-0.0028000000000000004,0.0002,-0.005318768602601261,-0.0054802409626200635
2023-02-21,-0.0216,0.0002,-0.02386905520452263,-0.006707867271857181
2023-02-22,-0.0004,0.0002,0.0014586311015978006,0.014640209082182824
2023-02-23,0.004699999999999999,0.0002,0.00661807076125261,0.006158827067169083
2023-02-24,-0.0108,0.0002,-0.015434571258277905,-0.01399373222752334
2023-02-27,0.0031,0.0002,0.011523984790999602,-0.004078953262579328
2023-02-28,-0.0026,0.0002,-0.008392217549409331,-0.010138451822180665
2023-03-01,-0.0040999999999999995,0.0002,-0.010622745942553606,-0.008443612222683552
2023-03-02,0.0067,0.0002,0.009144983756787354,0.027374197729191127
2023-03-03,0.0161,0.0002,0.01740060127336474,0.015120466756274828
2023-03-06,-0.0013,0.0002,-0.0003684288925106196,0.006311890454913049
2023-03-07,-0.014499999999999999,0.0002,-0.016608624216103905,-0.012713682196930589
2023-03-08,0.0008,0.0002,0.0015448471863379314,0.006850012651877036
2023-03-09,-0.0202,0.0002,-0.023274791864922685,-0.029912636383735754
2023-03-10,-0.0168,0.0002,-0.026718425398574115,-0.011461484571990851
2023-03-13,-0.0034000000000000002,0.0002,0.001695202201360684,-0.001955185696280183
2023-03-14,0.0172,0.0002,0.011276214895721665,0.02397383704571632
2023-03-15,-0.0079,0.0002,-0.008886384878959002,-0.016527146039499216
2023-03-16,0.0176,0.0002,0.022657552656348924,-0.006522768178291938
2023-03-17,-0.0121,0.0002,-0.011499012922433887,-0.005361750395952541
2023-03-20,0.0084,0.0002,0.026120622314155337,0.021667269363865496
2023-03-21,0.0149,0.0002,0.006527000750854782,0.012747405875883638
2023-03-22,-0.0174,0.0002,-0.02167451017785042,-0.02473414799943528
2023-03-23,0.0021,0.0002,0.0030917172854753746,0.007031362390066608
2023-03-24,0.0046,0.0002,0.013577209301136582,-0.007084050136893474
2023-03-27,0.0028000000000000004,0.0002,0.0016618375140086687,0.013772786167344151
2023-03-28,-0.0017000000000000001,0.0002,-0.01029397481169015,0.007994631515596292
2023-03-29,0.0139,0.0002,0.021522860096133363,0.03021292770531568
2023-03-30,0.0051,0.0002,-0.00028951088715425315,0.019740239273655508
2023-03-31,0.015300000000000001,0.0002,0.014463499689191932,-0.005889236818644574
2023-04-03,0.0028000000000000004,0.0002,0.008761840924076409,0.011259202970620266
2023-04-04,-0.0072,0.0002,-0.01101226370523293,-0.01499469117610038
2023-04-05,-0.0039000000000000003,0.0002,-0.006345137081463084,0.010685033659690707
2023-04-06,0.0034000000000000002,0.0002,0.006869290325401068,0.01944516814486829
2023-04-10,0.002,0.0002,0.001109703912475296,0.014291303028129755
2023-04-11,0.0006,0.0002,0.0027945027457111685,8.638223912714137e-05
2023-04-12,-0.0051,0.0002,-0.010676841924742527,0.03239048529524078
2023-04-13,0.0139,0.0002,0.013531879293317346,0.017808284157382805
2023-04-14,-0.0023,0.0002,-0.008800121107043335,-0.016885625823183467
2023-04-17,0.0033,0.0002,-0.006138190650785409,0.018150155754927205
2023-04-18,0.0004,0.0002,0.011829592949603725,-0.018915019005676204
2023-04-19,-0.0004,0.0002,0.0028278896108382212,0.02646699182649529
2023-04-20,-0.0060999999999999995,0.0002,3.682583122028034e-05,0.006589666722303847
2023-04-21,0.0008,0.0002,-0.0049372330621865685,0.019861749663365725
2023-04-24,0.0,0.0002,0.00017640939414386244,0.014971828989056793
2023-04-25,-0.0176,0.0002,-0.018539557672278675,-0.016729548342286273
2023-04-26,-0.0040999999999999995,0.0002,-0.012697456096867489,-0.022862985421963564
2023-04-27,0.018500000000000003,0.0002,0.02229337565660056,0.01643139170138333
2023-04-28,0.0078000000000000005,0.0002,0.0036022663648579956,0.018542643054530624
2023-05-01,-0.0002,0.0002,-0.0011283400835143877,-0.002381717235351586
2023-05-02,-0.0127,0.0002,-0.021908749570804437,-0.010744801007949287
2023-05-03,-0.005699999999999999,0.0002,0.0009022709352104877,-0.01613274944868993
2023-05-04,-0.0078000000000000005,0.0002,-0.00267076733304629,-0.020285761542764975
2023-05-05,0.0191,0.0002,0.021918129948833263,0.02960341340918669
2023-05-08,0.0007000000000000001,0.0002,-0.0046820317039379155,0.011768450224882755
2023-05-09,-0.0043,0.0002,-0.00734900297309168,-0.004852679186728247
2023-05-10,0.0043,0.0002,0.012342620183634004,-0.0071564576759907145
2023-05-11,-0.002,0.0002,-0.0033980023597723168,-0.02479160417869539
2023-05-12,-0.0022,0.0002,-0.0001734409690440408,0.025595990680108226
2023-05-15,0.0046,0.0002,0.005831553166646516,-0.009050792590421576
2023-05-16,-0.0072,0.0002,-0.013901634013209986,-0.020716591358591274
2023-05-17,0.0131,0.0002,0.02304653754801645,0.007636991801653863
2023-05-18,0.009899999999999999,0.0002,-0.002252584641643626,0.025756141379232222
2023-05-19,-0.0026,0.0002,-0.0008445752362567083,-0.013200690586666985
2023-05-22,0.0017000000000000001,0.0002,0.001492775099557098,0.010294533403715155
2023-05-23,-0.011000000000000001,0.0002,-0.02084705302977906,-0.009691126963693824
2023-05-24,-0.0072,0.0002,-0.004763889981726389,-0.024526507014829425
2023-05-25,0.006500000000000001,0.0002,0.010121213167181132,0.01114256480750111
2023-05-26,0.0132,0.0002,0.013870050532746231,0.0008562307636729381
2023-05-30,-0.0001,0.0002,-0.004969758562543714,-0.001867089695390674
2023-05-31,-0.006,0.0002,-0.0028207308931080272,0.002826015669887269
2023-06-01,0.0102,0.0002,0.01756681446681798,0.010456382978597899
2023-06-02,0.016200000000000003,0.0002,0.017938071865078103,0.0089762236559713
2023-06-05,-0.0026,0.0002,0.00860480715210377,-0.00871853064114942
2023-06-06,0.0046,0.0002,0.01035777186293769,0.003812525323998953
2023-06-07,-0.0036,0.0002,0.0015938857278189385,0.0002858440094367073
2023-06-08,0.0059,0.0002,0.015005796412784817,-0.023495197665152814
2023-06-09,0.0003,0.0002,-0.003518141772783217,-0.024633849711579003
2023-06-12,0.009399999999999999,0.0002,0.006465308336578038,0.0192187863965353
2023-06-13,0.0074,0.0002,0.01099727051941145,0.008242298894436445
2023-06-14,-0.0003,0.0002,0.003321841677311385,-3.413119281858162e-05
2023-06-15,0.012199999999999999,0.0002,0.02205857268611711,0.018965277757920167
2023-06-16,-0.0045000000000000005,0.0002,0.003069163228948051,-0.007929730801311544
2023-06-20,-0.0048,0.0002,-0.0033386118420043,-0.012324256738745059
2023-06-21,-0.005600000000000001,0.0002,-0.003861988828116185,-0.005675785531640071
2023-06-22,0.0032,0.0002,0.0018319880174972284,0.013386930534017646
2023-06-23,-0.0084,0.0002,-0.010324663542217604,-0.006189778312532043
2023-06-26,-0.0048,0.0002,-0.007265280142049218,-0.005915223298228201
2023-06-27,0.0121,0.0002,0.018181827135090683,0.0014764725405775054
2023-06-28,0.0003,0.0002,-0.0022724902866901185,0.0036493522977971565
2023-06-29,0.0044,0.0002,0.002565149921457841,-0.010124468341719308
2023-06-30,0.011399999999999999,0.0002,0.012810809513762627,0.00561369923737261
2023-07-03,0.0015,0.0002,-0.0013133042808753475,0.004007047396643901
2023-07-05,-0.0029,0.0002,-0.00391601788215258,-0.002156470501824372
2023-07-06,-0.009399999999999999,0.0002,-0.022714598627939488,0.0027728709658768036
2023-07-07,-0.0013,0.0002,0.0015020578787673757,0.010396833312358009
2023-07-10,0.0036,0.0002,0.0021360365213303925,0.011377421099726186
2023-07-11,0.0076,0.0002,0.009283193096941105,0.005450685199389471
2023-07-12,0.0074,0.0002,0.010211714533388183,0.009446791210637068
2023-07-13,0.009000000000000001,0.0002,-0.002176952059149064,0.008380390648447337
2023-07-14,-0.0025,0.0002,0.013174187880615022,0.020518778328812822
2023-07-17,0.0048,0.0002,0.006388811623665461,0.01255251957861752
2023-07-18,0.0078000000000000005,0.0002,0.009566521946161031,0.0012536172046827307
2023-07-19,0.0025,0.0002,-0.008044589307155804,-0.008302556114260748
2023-07-20,-0.008100000000000001,0.0002,-0.0034212523921815807,0.006495918713219264
2023-07-21,-0.0005,0.0002,0.0029145406893635833,-0.012535443518382003
2023-07-24,0.0031,0.0002,0.001708364863418394,0.009095546986015357
2023-07-25,0.0025,0.0002,0.004992914806142002,0.005732438442733656
2023-07-26,0.0001,0.0002,0.00916943126288353,0.014766573136387729
2023-07-27,-0.0074,0.0002,-0.008466128372754251,-0.021557694680123203
2023-07-28,0.0113,0.0002,0.006697239212022358,0.021079972631760133
2023-07-31,0.0025,0.0002,0.012019435786163242,0.006088943473981224
2023-08-01,-0.0034000000000000002,0.0002,-0.0005589703013067694,0.0065753450518476865
2023-08-02,-0.0149,0.0002,-0.014820325283935095,-0.0006753511252830235
2023-08-03,-0.0019,0.0002,0.013811809028482957,-0.0009741343924726372
2023-08-04,-0.0048,0.0002,-0.002563004065965198,-0.00921021375769033
2023-08-07,0.0077,0.0002,0.007847956966168307,0.02212380189276275
2023-08-08,-0.004699999999999999,0.0002,-0.001777744507195924,-0.025285042616647123
2023-08-09,-0.0078000000000000005,0.0002,-0.00908333921454063,-0.007446136263311954
2023-08-10,0.0001,0.0002,0.002692413950193698,-0.013190517688676127
2023-08-11,-0.0011,0.0002,0.0010788180322449795,-0.01783924507040409
2023-08-14,0.0051,0.0002,0.0021984241838347517,-0.014865558457532119
2023-08-15,-0.0118,0.0002,-0.012212722197023696,-0.037851194188600217
2023-08-16,-0.008100000000000001,0.0002,-0.004935507035713564,0.0009655734908215746
2023-08-17,-0.0087,0.0002,-0.0050884859452202495,0.0007827178748930243
2023-08-18,0.0004,0.0002,0.005260996777354337,0.002093024288355316
2023-08-21,0.0064,0.0002,0.012526718579371503,0.022650224905403436
2023-08-22,-0.0032,0.0002,-0.00045893052073040484,-0.0035748332575254653
2023-08-23,0.0108,0.0002,0.01521911390849405,0.007440789316684509
2023-08-24,-0.014199999999999999,0.0002,-0.015444387721028649,-0.033062558417905744
2023-08-25,0.006500000000000001,0.0002,0.006023584476028223,0.019153486312973318
2023-08-28,0.0063,0.0002,0.013969153032728835,0.019535629317883593
2023-08-29,0.015,0.0002,0.003670711968781985,0.03697956541764517
2023-08-30,0.0040999999999999995,0.0002,0.0075291687788599055,-0.00539485890026642
2023-08-31,-0.0008,0.0002,0.020192487838788076,-0.004686393560216968
2023-09-01,0.0026,0.0002,-0.00800613315174376,-0.01485733164030588
2023-09-05,-0.0054,0.0002,0.005082745532333277,0.008887530932385826
2023-09-06,-0.0070999999999999995,0.0002,-0.017163726372302148,0.0007126529305434814
2023-09-07,-0.004,0.0002,-0.0007514596930674919,0.002074749768471561
2023-09-08,0.0012,0.0002,0.012360040808124431,0.0016055767484699827
2023-09-11,0.0066,0.0002,0.016859395477100997,0.006839678010925697
2023-09-12,-0.0059,0.0002,-0.010753536787555838,-0.012371792446443845
2023-09-13,0.0003,0.0002,-0.0070622308233612265,0.015622721701647265
2023-09-14,0.0083,0.0002,4.241132595173645e-05,0.002442581935974963
2023-09-15,-0.0121,0.0002,-0.006813461596412086,-0.0032511362116862
2023-09-18,-0.0004,0.0002,-0.0021156797212670423,0.003728703993097283
2023-09-19,-0.0026,0.0002,-0.0018390853352439128,-0.01681781395082172
2023-09-20,-0.0095,0.0002,-0.007166671505516103,-0.0318231996319846
2023-09-21,-0.0168,0.0002,-0.013527733760241412,-0.03221357152061733
2023-09-22,-0.0025,0.0002,0.0015445762626698826,-0.0034337805606874934
2023-09-25,0.0039000000000000003,0.0002,0.005337248618260181,-0.012279926427627307
2023-09-26,-0.0146,0.0002,-0.02406867098383253,-0.010060250607799765
2023-09-27,0.0013,0.0002,0.011105725694694544,0.017605466561721746
2023-09-28,0.006500000000000001,0.0002,-0.010173166439080866,0.016236686774482423
2023-09-29,-0.0027,0.0002,0.005704073648023966,-0.026330837412865224
2023-10-02,-0.0014000000000000002,0.0002,-0.004586715939175135,-0.033647868103047054
2023-10-03,-0.0149,0.0002,-0.015540312756372703,-0.007120459944005093
2023-10-04,0.0077,0.0002,0.005006290937983925,0.0307698560795287
2023-10-05,-0.0015,0.0002,-0.0032381361595113837,-0.00706876553985513
2023-10-06,0.0121,0.0002,0.012547692645932602,0.02323640142401271
2023-10-09,0.0059,0.0002,0.004715939771790055,0.004321292905720984
2023-10-10,0.006,0.0002,-0.0003418593395499563,-0.0005941325597767982
2023-10-11,0.0033,0.0002,0.009220767347299458,0.018256598094389023
2023-10-12,-0.008100000000000001,0.0002,-0.011185919841936369,-0.017726705495220645
2023-10-13,-0.0059,0.0002,0.0031233903702325883,0.004346593244858111
2023-10-16,0.0113,0.0002,0.010897805634190452,0.0386546743041746
2023-10-17,0.0009,0.0002,-0.0029868006090667987,-0.00015003315061493656
2023-10-18,-0.0146,0.0002,-0.011290076808727225,0.007062008668763956
2023-10-19,-0.0092,0.0002,-0.00304895647730708,-0.02961877707364654
2023-10-20,-0.0132,0.0002,-0.0184640206682626,-0.004201985448526765
2023-10-23,-0.0023,0.0002,-0.0035313352848748173,-0.002508945339288713
2023-10-24,0.0074,0.0002,0.016944868654144817,0.045211805180276406
2023-10-25,-0.015700000000000002,0.0002,-0.02143590541876759,-0.01947748817181887
2023-10-26,-0.011399999999999999,0.0002,-0.01620060693285167,-0.025379781884854093
2023-10-27,-0.0052,0.0002,-0.003596598294284707,0.015931643979900913
2023-10-30,0.0115,0.0002,0.004401281144582484,-0.005737746948749311
2023-10-31,0.0063,0.0002,-0.008671680847617335,0.014634024428064938
2023-11-01,0.009300000000000001,0.0002,-0.000653420028273131,0.0019500678655949718
2023-11-02,0.0194,0.0002,0.022310213072727778,0.04457681158859279
2023-11-03,0.011000000000000001,0.0002,0.015676719200504268,0.013233727918341102
2023-11-06,0.0001,0.0002,0.004383124049730591,0.012293483996824022
2023-11-07,0.0034999999999999996,0.0002,0.006512555936187472,0.0043712364641620175
2023-11-08,-0.0003,0.0002,-0.007514600972346555,-0.015215103956617836
2023-11-09,-0.0089,0.0002,-0.004080292929398302,-0.04087947052230681
2023-11-10,0.0149,0.0002,0.02271019124240488,0.044321536563701386
2023-11-13,-0.0005,0.0002,-0.004341382998190524,0.0029008892274466837
2023-11-14,0.0218,0.0002,0.028291655922466866,0.012797539472450164
2023-11-15,0.0018,0.0002,4.37424160119822e-05,-0.0016434040478319743
2023-11-16,-0.0011,0.0002,0.0006558769671115161,0.012513383954825253
2023-11-17,0.0025,0.0002,0.005375275623729654,-0.016963445059414953
2023-11-20,0.0073,0.0002,-0.0014987252995567932,0.04108479693912926
2023-11-21,-0.0032,0.0002,0.006595936463092554,-0.007280477684250558
2023-11-22,0.004699999999999999,0.0002,-0.00012610359854384068,0.0013562165925620584
2023-11-24,0.0011,0.0002,0.0010295977932885713,0.019453389814127035
2023-11-27,-0.0023,0.0002,-0.004843059985500532,0.00020289774489853563
2023-11-28,0.0005,0.0002,0.003954580179796239,-0.012877211442519347
2023-11-29,0.0001,0.0002,0.003390783597712481,0.013063053783944272
2023-11-30,0.0034999999999999996,0.0002,0.00420377529571053,0.011043079338442856
2023-12-01,0.008100000000000001,0.0002,0.01757795790477867,0.02634056658238982
2023-12-04,-0.0044,0.0002,-0.002047237776243273,-0.018175194397806006
2023-12-05,-0.0021,0.0002,-0.004041750826166445,-0.018018006344117172
2023-12-06,-0.004,0.0002,-0.02156691711870759,0.0036856990697174794
2023-12-07,0.008100000000000001,0.0002,0.0068996112320507605,0.004759679212383871
2023-12-08,0.0044,0.0002,0.003147184117952955,-0.02379902746634153
2023-12-11,0.0036,0.0002,-0.0013109298213400643,-0.003195341137575806
2023-12-12,0.0034000000000000002,0.0002,-0.0014442870763921546,0.013286148963490894
2023-12-13,0.0154,0.0002,0.019714024544571617,0.010193004091874427
2023-12-14,0.005,0.0002,0.012159738686699477,0.024348238065301217
2023-12-15,-0.0006,0.0002,0.011913192293001959,-0.007559907556124804
2023-12-18,0.0042,0.0002,0.011974352974746798,0.004286628854409471
2023-12-19,0.0072,0.0002,0.0033204162749273683,-0.012919443501133372
2023-12-20,-0.0155,0.0002,-0.01330786810354188,-0.031056320187061857
2023-12-21,0.0109,0.0002,0.0028893921700186907,0.011711034570346389
2023-12-22,0.002,0.0002,0.007181065525221831,0.010710477080280799
2023-12-26,0.0048,0.0002,0.00763148639272397,0.008943989064320484
2023-12-27,0.0016,0.0002,-0.0016683447203495712,0.016867647750732476
2023-12-28,-0.0001,0.0002,-0.00018553327696404037,-0.03010286889383078
2023-12-29,-0.0043,0.0002,-0.005298520473422036,-0.005153958046774837
2024-01-02,-0.006999999999999999,0.0002,-0.010430505882474529,-0.011016984061472243
2024-01-03,-0.0101,0.0002,-0.0011999189960798747,-0.02748226699933857
2024-01-04,-0.0033,0.0002,0.016841109371842394,-0.0047874696100552614
2024-01-05,0.0015,0.0002,0.0072706373931742535,-0.008273632338095947
2024-01-08,0.0149,0.0002,0.022147594176662858,0.025373284604549982
2024-01-09,-0.0021,0.0002,-0.0005069607273621347,-0.007435603899704523
2024-01-10,0.0051,0.0002,0.0034821157557969576,0.013707940181001842
2024-01-11,-0.0014000000000000002,0.0002,0.013015479472902018,-0.014328804119151488
2024-01-12,-0.0001,0.0002,-0.001817957227007996,0.017508994507349118
2024-01-16,-0.004699999999999999,0.0002,-0.0016177587417793948,-0.000527155402333592
2024-01-17,-0.0059,0.0002,-0.0060627856462769445,0.017090507139619165
2024-01-18,0.0087,0.0002,0.013009833792198099,0.009528603257218183
2024-01-19,0.011899999999999999,0.0002,0.01217857933960916,0.008606033955625607
2024-01-22,0.0038,0.0002,0.008125772044711843,0.006901285065427968
2024-01-23,0.0022,0.0002,-0.005190106613834107,-0.0035257198742216977
2024-01-24,-0.0001,0.0002,-0.00014771667719604465,-0.014451094563880884
2024-01-25,0.0046,0.0002,0.013820955734919014,0.006269700672373141
2024-01-26,-0.0002,0.0002,-0.006121936958930526,-0.0010868801202729183
2024-01-29,0.0085,0.0002,0.004883768910313394,0.00212170960198022
2024-01-30,-0.0012,0.0002,0.008022015597833424,-0.006801766988709079
2024-01-31,-0.0174,0.0002,-0.014264856241023709,-0.036031049573237973
2024-02-01,0.012199999999999999,0.0002,0.01951962190745995,0.01794333590309257
2024-02-02,0.009899999999999999,0.0002,-0.0036097436936316355,-0.005677050137778534
2024-02-05,-0.0042,0.0002,-0.002699381047318394,0.018137110791393286
2024-02-06,0.0027,0.0002,-0.004753894627814449,0.0040188293254531625
2024-02-07,0.0077,0.0002,-0.0004865441493153022,0.023179540876798313
2024-02-08,0.0021,0.0002,0.005271534011801123,-0.013858700280710888
2024-02-09,0.006500000000000001,0.0002,0.014540267174426585,0.013309308462639254
2024-02-12,0.0004,0.0002,-0.008454536660265797,-0.00124307407925734
2024-02-13,-0.016,0.0002,-0.022406755506104,-0.0070843308768771185
2024-02-14,0.011399999999999999,0.0002,0.008289057753928457,0.027006692234510618
2024-02-15,0.0067,0.0002,0.006470375792527233,-0.013938642578846316
2024-02-16,-0.0053,0.0002,-0.013124563991417088,0.009141891509605241
2024-02-20,-0.0073,0.0002,0.007519289674943773,-0.030128720466761745
2024-02-21,-0.0002,0.0002,0.0040693473698833835,0.01842900269200058
2024-02-22,0.0202,0.0002,0.018484959594034032,0.025609492494299623
2024-02-23,0.0002,0.0002,-0.002520532812048671,-0.016267832256865476
2024-02-26,-0.0026,0.0002,0.012621691538299588,0.006509932064777347
2024-02-27,0.0026,0.0002,0.01729205960772017,0.004002589481152117
2024-02-28,-0.0026,0.0002,-0.005144817995114054,-0.017064950152463745
2024-02-29,0.0053,0.0002,0.008032812321131379,-0.0032928191221883473
2024-03-01,0.0076,0.0002,0.01609041485301185,0.01659972947761067
2024-03-04,-0.0018,0.0002,-0.008751846267882779,-0.021297736811643896
2024-03-05,-0.010700000000000001,0.0002,-0.013884258400902919,-0.025800516051912553
2024-03-06,0.0053,0.0002,0.014355843167269613,0.032721752047008675
2024-03-07,0.0102,0.0002,0.00633201998859097,0.002671735060459118
2024-03-08,-0.0066,0.0002,-0.008818089972803377,-0.0033474079190268717
2024-03-11,-0.002,0.0002,-0.010010105852823914,0.0037020652119144487
2024-03-12,0.0104,0.0002,0.00609210571353862,0.026964741294674903
2024-03-13,-0.0014000000000000002,0.0002,0.0034298304457338427,0.01049684321090801
2024-03-14,-0.0042,0.0002,-0.00891833558632581,-0.040474035229957385
2024-03-15,-0.0058,0.0002,-0.013580291740248164,-0.014195308601394304
2024-03-18,0.0053,0.0002,0.0017951124299371,0.023449167144903298
2024-03-19,0.0054,0.0002,0.017072731358627274,-0.0038895539625804763
2024-03-20,0.0102,0.0002,0.011775810504772135,0.038706958892901204
2024-03-21,0.0042,0.0002,0.0010997392502092892,0.009019420902337138
2024-03-22,-0.0023,0.0002,-0.0008868257887699216,-0.019880920930209607
2024-03-25,-0.0027,0.0002,0.0005415062016372408,0.004464998832485929
2024-03-26,-0.0026,0.0002,-0.001398644134983799,0.023805613126877064
2024-03-27,0.0088,0.0002,-0.002213841861027298,0.0022076239183464667
2024-03-28,0.0011,0.0002,0.0034130846594504923,0.009315926282913152
2024-04-01,-0.0026,0.0002,-0.0035377017413036264,-0.015578802032966898
2024-04-02,-0.0085,0.0002,-0.002749496736672454,-0.0190825218455319
2024-04-03,0.0017000000000000001,0.0002,-0.006465457164644704,0.003921024748510683
2024-04-04,-0.012199999999999999,0.0002,-0.005159831873013049,-0.008587660769271857
2024-04-05,0.0106,0.0002,0.007851221676978614,0.018817611534851862
2024-04-08,0.0001,0.0002,-0.010334538781002427,0.003198335010232965
2024-04-09,0.0013,0.0002,0.010111699091175628,0.03537174741160789
2024-04-10,-0.01,0.0002,-0.012894533486158813,-0.027968993497104102
2024-04-11,0.0073,0.0002,0.010037333345092036,-0.016317538934990446
2024-04-12,-0.015300000000000001,0.0002,-0.015961645690987573,-0.011947600214013206
2024-04-15,-0.0129,0.0002,-0.005611243399056206,-0.014015988997265888
2024-04-16,-0.0023,0.0002,0.0050607269539841805,-0.022876952392579832
2024-04-17,-0.0064,0.0002,0.0010215594851932983,0.015868788516808372
2024-04-18,-0.0027,0.0002,0.002176850588996134,-0.013148844210924703
2024-04-19,-0.008199999999999999,0.0002,-0.018102334240808496,-0.030181993290567435
2024-04-22,0.0087,0.0002,-0.0016317428149911915,0.01733640814035737
2024-04-23,0.0127,0.0002,0.014302530488108915,0.02560947626180521
2024-04-24,-0.0001,0.0002,-0.005821021881495649,0.032890324802248974
2024-04-25,-0.004699999999999999,0.0002,-0.0014179691200202388,-0.027381338941122817
2024-04-26,0.0103,0.0002,0.011675338411453209,-0.00424602534838868
2024-04-29,0.0033,0.0002,-0.005355320148551332,0.0006127216550078132
2024-04-30,-0.0167,0.0002,-0.022963178521304594,-0.027672014827965337
2024-05-01,-0.0027,0.0002,-0.009584840642466744,-0.004385028225811845
2024-05-02,0.0101,0.0002,0.004777859264650682,0.003384204675573524
2024-05-03,0.0118,0.0002,0.01079637307056337,-0.006263519817939072
2024-05-06,0.0108,0.0002,0.015435232282303682,0.007948537323382958
2024-05-07,0.0005,0.0002,0.009313128561771885,0.010707902717974643
2024-05-08,-0.0009,0.0002,-0.006757425608756252,0.010020065830367303
2024-05-09,0.0052,0.0002,0.0019277572964874756,-0.0022545631596322976
2024-05-10,0.0009,0.0002,0.011081305146535289,0.00885115617450404
2024-05-13,-0.0004,0.0002,0.005589261163616405,0.0054243958672227964
2024-05-14,0.005600000000000001,0.0002,0.007392004036491178,0.0005535909842491578
2024-05-15,0.0115,0.0002,-0.0031117931200138394,0.010216681864554865
2024-05-16,-0.0025,0.0002,-0.008598092792724943,-0.00243309637989228
2024-05-17,0.0011,0.0002,0.0024109846191369693,0.04069911363074755
2024-05-20,0.0014000000000000002,0.0002,-0.002048403377956166,0.004302924323401654
2024-05-21,0.0016,0.0002,0.014553771010323542,-0.010168389163754798
2024-05-22,-0.0034999999999999996,0.0002,-0.002623281513904534,-0.0066013910794286
2024-05-23,-0.0084,0.0002,-0.0062980833304673465,-0.018528886231728804
2024-05-24,0.0070999999999999995,0.0002,0.0004104030739798878,0.02534519662900917
2024-05-28,-0.0004,0.0002,-0.006738830159867162,-0.030556417564843168
2024-05-29,-0.0077,0.0002,-0.011639925897971488,-0.025127941902075
2024-05-30,-0.0053,0.0002,-0.008983347084637388,0.004918873913920366
2024-05-31,0.0068000000000000005,0.0002,0.00561010563685499,0.014891988825665439
2024-06-03,0.0005,0.0002,0.003175372166325023,0.0012512881468278575
2024-06-04,-0.0006,0.0002,0.0012071951262879377,0.009498067506463518
2024-06-05,0.0123,0.0002,0.018969516868890007,-0.0023921240337044535
2024-06-06,-0.0006,0.0002,-0.008907505370541354,0.0045368346786404876
2024-06-07,-0.0023,0.0002,-0.000663997262540435,-0.0187407281249626
2024-06-10,0.0027,0.0002,0.004521409407012288,-0.01424944865782611
2024-06-11,0.002,0.0002,0.012399748052821482,0.009794351415500136
2024-06-12,0.009399999999999999,0.0002,0.008306645593950788,0.001265173169412282
2024-06-13,0.0005,0.0002,0.002870256689003933,-0.004140082087952945
2024-06-14,-0.0016,0.0002,-0.006498305394500526,0.0069005069384431615
2024-06-17,0.0078000000000000005,0.0002,0.010788089477083321,-0.004267514382995211
2024-06-18,0.002,0.0002,0.004824955822584639,0.011364556522612508
2024-06-20,-0.003,0.0002,-0.006703059920430607,0.027793784895749664
2024-06-21,-0.0013,0.0002,-0.003799067322646702,-0.0042404519074697574
2024-06-24,-0.0026,0.0002,-0.0025087232925177496,0.01031152408662074
2024-06-25,0.0031,0.0002,0.007087008321812299,0.015091182557751394
2024-06-26,0.0016,0.0002,-0.0054214440219458055,-0.01540975034667294
2024-06-27,0.0014000000000000002,0.0002,0.0073263945704061285,-0.017069835923595296
2024-06-28,-0.0034999999999999996,0.0002,-0.005319275254022105,-0.004232509833337663
2024-07-01,0.0023,0.0002,0.014685992170845558,-0.026634127937487557
2024-07-02,0.005699999999999999,0.0002,0.015295279849064656,0.008290210044833728
2024-07-03,0.0048,0.0002,0.002521699058090662,0.010141001747988725
2024-07-05,0.0048,0.0002,0.001107443001687055,0.01309105430612364
2024-07-08,0.001,0.0002,0.016946574780474663,0.007890234510539128
2024-07-09,0.0,0.0002,0.0043088557858765265,0.01898614693546956
2024-07-10,0.0097,0.0002,0.013613470254285219,0.008251395013313704
2024-07-11,-0.006,0.0002,-0.008396151618174667,0.011443892022306697
2024-07-12,0.0058,0.0002,0.005273292252644242,0.015305477803140429
2024-07-15,0.0038,0.0002,0.00922890592695501,0.01267700678176893
2024-07-16,0.008199999999999999,0.0002,0.012422378685630706,0.00883139743959783
2024-07-17,-0.0149,0.0002,-0.019868762882948622,-0.0056061330286059806
2024-07-18,-0.0095,0.0002,-0.0012816969484248553,-0.02253638964533298
2024-07-19,-0.0068000000000000005,0.0002,-0.004534503117135261,0.0017081449673314697
2024-07-22,0.0108,0.0002,0.005047722913000508,0.030079431041307184
2024-07-23,-0.0007000000000000001,0.0002,0.005939472770632167,-0.009911912727757228
2024-07-24,-0.024,0.0002,-0.024812570249841553,-0.04416645669274912
2024-07-25,-0.003,0.0002,0.002290376791379209,-0.014135507799943324
2024-07-26,0.011000000000000001,0.0002,0.007779560532106111,0.014118818593869313
2024-07-29,-0.0002,0.0002,0.002410881063646118,0.0052216463352773735
2024-07-30,-0.0049,0.0002,-0.014928369852502867,0.006310433212740527
2024-07-31,0.0152,0.0002,0.017881180968313266,0.04674519785074654
2024-08-01,-0.0161,0.0002,-0.02546733624997325,0.0022407837394734106
2024-08-02,-0.021099999999999997,0.0002,-0.019753779506703414,-0.023184965977024567
2024-08-05,-0.0302,0.0002,-0.046027621935465786,-0.044294670384561016
2024-08-06,0.01,0.0002,0.00989877576264026,-0.0035084480256418874
2024-08-07,-0.0083,0.0002,-0.003394372126519761,0.0011811716704577028
2024-08-08,0.023799999999999998,0.0002,0.02719241402681661,0.0386122056136735
2024-08-09,0.0043,0.0002,0.012217988288653142,0.0020762034896589345
2024-08-12,-0.0008,0.0002,-0.007321082724579533,-0.002947252555193902
2024-08-13,0.0169,0.0002,0.02718197395839536,0.02073434169746991
2024-08-14,0.003,0.0002,0.013520622201592745,-0.03185984308389359
2024-08-15,0.0177,0.0002,0.010368721337978682,0.02262604423193982
2024-08-16,0.0022,0.0002,-0.00255410451093079,0.007842557361872662
2024-08-19,0.0098,0.0002,0.006470490622018194,0.011408104420209883
2024-08-20,-0.0031,0.0002,-0.0029428730483436957,-0.018544724023874727
2024-08-21,0.0051,0.0002,0.006584732230895398,0.007683925288130749
2024-08-22,-0.0096,0.0002,-0.02499305997038158,-0.005348083386349344
2024-08-23,0.0129,0.0002,0.016975432606867395,0.042436378229855735
2024-08-26,-0.0034000000000000002,0.0002,-0.004721187038691385,0.010852187148846603
2024-08-27,0.0005,0.0002,-0.00567550975753565,0.009379196181591984
2024-08-28,-0.0066,0.0002,-0.0002616978881122813,-0.00889928011889443
2024-08-29,0.0007000000000000001,0.0002,-0.0011939327300958867,-0.01745929971774638
2024-08-30,0.0098,0.0002,0.017321737770518254,0.0065609343663786904
2024-09-03,-0.0226,0.0002,-0.018915037403950456,-0.048158431453965055
2024-09-04,-0.0022,0.0002,-0.00393935792496601,-0.0038958269739714966
2024-09-05,-0.0031,0.0002,0.004647517305856917,0.0113364012250098
2024-09-06,-0.0182,0.0002,-0.012782815231763679,-0.008543569572060358
2024-09-09,0.0109,0.0002,0.0079811949029949,0.027289006076723448
2024-09-10,0.004,0.0002,-0.005953848735255655,0.0059083786624589685
2024-09-11,0.0104,0.0002,0.007216851333754273,0.027848917403396744
2024-09-12,0.008,0.0002,0.012210982130822737,0.006996680684565387
2024-09-13,0.006999999999999999,0.0002,0.005777024765738192,-0.01796958181860092
2024-09-16,0.0016,0.0002,0.013097289547394085,0.004423463079909164
2024-09-17,0.0008,0.0002,0.002746415346198326,0.001986722654454806
2024-09-18,-0.0025,0.0002,-0.0009744222974372841,-0.027294572201778784
2024-09-19,0.0177,0.0002,0.020551645534432374,0.015981621356341322
2024-09-20,-0.0026,0.0002,-0.007921966932920143,-0.037304266177769003
2024-09-23,0.0021,0.0002,0.0016100562938877214,-0.0035498523579339043
2024-09-24,0.0024,0.0002,-0.0015138464610518604,0.02051641484888329
2024-09-25,-0.0029,0.0002,-0.017529842224555493,-0.012426504487212659
2024-09-26,0.0043,0.0002,-0.006710748947678371,0.02443751902974504
2024-09-27,-0.0009,0.0002,0.004071337299383354,0.002432990409452615
2024-09-30,0.0036,0.0002,0.001065678173633981,-0.005313985450945888
2024-10-01,-0.0097,0.0002,-0.010190782143183525,-0.037134240751515474
2024-10-02,0.0,0.0002,-0.009102294405306625,0.010941250222503437
2024-10-03,-0.0023,0.0002,-0.005752735363736231,0.006757880797310964
2024-10-04,0.0103,0.0002,0.015559108273756351,-0.007072573596415729
2024-10-07,-0.0097,0.0002,-0.00880108451919451,-0.018136015125084094
2024-10-08,0.0087,0.0002,0.005688278412873979,0.027250224980200008
2024-10-09,0.0069,0.0002,0.01690196050449405,-0.0011125663566889572
2024-10-10,-0.002,0.0002,-0.0020992512759079643,0.003344876566330159
2024-10-11,0.0075,0.0002,0.0055604981374450645,-0.017234084665168473
2024-10-14,0.006999999999999999,0.0002,0.014553781241775048,-0.003455320013883339
2024-10-15,-0.0072,0.0002,-0.017934583844701167,0.0012253655610549165
2024-10-16,0.0052,0.0002,0.00898445354104872,-0.00945728701598146
2024-10-17,-0.0005,0.0002,-0.007295650731784629,-0.020495297561346736
2024-10-18,0.0036,0.0002,-0.0011224351899365628,-0.01447303346758118
2024-10-21,-0.0029,0.0002,-0.0069604676335066245,-0.008686415005781075
2024-10-22,-0.0011,0.0002,3.143028711460042e-06,-0.02317031357121427
2024-10-23,-0.0097,0.0002,-0.008735021751728704,-0.01380233380104807
2024-10-24,0.0029,0.0002,0.005110215213485089,0.011995196424670526
2024-10-25,-0.0008,0.0002,0.0008077182200259488,0.020858248473043576
2024-10-28,0.0038,0.0002,0.012985257307193975,-0.00029130257444639487
2024-10-29,0.0015,0.0002,0.012517166490194506,0.025000445992995793
2024-10-30,-0.0032,0.0002,0.0015865210313382428,0.004103711827714845
2024-10-31,-0.018000000000000002,0.0002,-0.01290938515804719,-0.02612209371826143
2024-11-01,0.004699999999999999,0.0002,0.00260210514044505,0.01379200786859284
2024-11-04,-0.0027,0.0002,-0.009395539097777324,0.018204318940606524
2024-11-05,0.013000000000000001,0.0002,0.017040924744079953,0.038285246844496086
2024-11-06,0.0291,0.0002,0.02961423586250646,0.04882650649094544
2024-11-07,0.0066,0.0002,0.0123328954153539,0.007678517914422142
2024-11-08,0.0043,0.0002,-0.006996095494106585,0.017669519725462806
2024-11-11,0.0032,0.0002,0.020492566865722366,0.007587900396972402
2024-11-12,-0.0038,0.0002,-0.011579346258671687,-0.0021821633210755073
2024-11-13,-0.0012,0.0002,-0.0006842720087373389,0.002480260481568014
2024-11-14,-0.0070999999999999995,0.0002,-0.0005147127459468644,0.01663873564343759
2024-11-15,-0.0138,0.0002,-0.022289445992678424,-0.03436997807585749
2024-11-18,0.0040999999999999995,0.0002,0.0008832240305375682,0.004648651855279171
2024-11-19,0.0049,0.0002,-0.00762602335192009,-0.008563521308374207
2024-11-20,0.0004,0.0002,-0.008383501360863375,0.01306460772511971
2024-11-21,0.006500000000000001,0.0002,-0.005503573147056229,0.024463152510470244
2024-11-22,0.0053,0.0002,0.006258890220040167,0.02630376302664029
2024-11-25,0.0040999999999999995,0.0002,0.006266040973583311,0.0007581144312239187
2024-11-26,0.0042,0.0002,0.0024864385346370305,0.006621981914477389
2024-11-27,-0.0039000000000000003,0.0002,0.004421669300728668,0.00614524700497047
2024-11-29,0.0054,0.0002,0.014516940715427935,0.010018209641154479
2024-12-02,0.0023,0.0002,0.002559802489972581,0.00753034004860059
2024-12-03,0.0004,0.0002,-0.0006960239759685494,0.003737318984789094
2024-12-04,0.006999999999999999,0.0002,0.0055652570103491535,0.01336725288183977
2024-12-05,-0.0028000000000000004,0.0002,-0.005367601336682412,-0.004793901782092365
2024-12-06,0.0034999999999999996,0.0002,0.012099687777346829,0.011197332331040245
2024-12-09,-0.0073,0.0002,-0.0054817206642193165,-0.02954772647671529
2024-12-10,-0.0036,0.0002,-0.005395539587825388,-0.010103840003545719
2024-12-11,0.0087,0.0002,0.007569441733196754,-0.006870503169287623
2024-12-12,-0.0062,0.0002,-0.002422438832318513,-0.008823041509870604
2024-12-13,-0.0005,0.0002,-0.0027145736926539495,-0.01044006485824471
2024-12-16,0.0046,0.0002,0.006910353246394221,0.013981226928840506
2024-12-17,-0.0049,0.0002,-0.00481135305061959,0.0117763121536718
2024-12-18,-0.0317,0.0002,-0.022784135084384507,-0.058133560575967885
2024-12-19,-0.0012,0.0002,0.006476656088604568,-0.012012341971709185
2024-12-20,0.010700000000000001,0.0002,0.002029648772661431,0.019020209468704627
2024-12-23,0.0060999999999999995,0.0002,0.005404228664583534,0.028642253773950223
2024-12-24,0.0111,0.0002,0.01593812492991703,0.02577479837643027
2024-12-26,0.0001,0.0002,-0.002424892087523169,0.006838947774679717
2024-12-27,-0.011699999999999999,0.0002,-0.0062323526857238,-0.015527946240874944
2024-12-30,-0.0109,0.0002,-0.008444410804517546,-0.019873995013258046
2024-12-31,-0.0046,0.0002,-0.0005105170557927918,-8.537693044069708e-05
