date,MKT,RF,Fund_A,Fund_B
2015-01-02,-0.0012,0.0,0.0025831603312436494,0.00978404100065313
2015-01-05,-0.0184,0.0,-0.0032082912883079186,-0.013997264027351354
2015-01-06,-0.0103,0.0,-0.0011743015039557313,-0.006472625050469905
2015-01-07,0.011899999999999999,0.0,0.0009046335399109972,0.028608823425141826
2015-01-08,0.0181,0.0,0.007686997243760203,0.012472592563963577
2015-01-09,-0.0085,0.0,-0.004340005389223562,-0.027880742410631376
2015-01-12,-0.0078000000000000005,0.0,-0.001590614756438988,-0.014054795729597587
2015-01-13,-0.0019,0.0,0.003491120245067032,0.00386240580048242
2015-01-14,-0.006,0.0,-0.004063384074539081,-0.00464476330025028
2015-01-15,-0.0108,0.0,0.0005525901206765238,-0.01999285092422021
2015-01-16,0.013600000000000001,0.0,0.012869216084142834,0.018448047542971326
2015-01-20,0.0011,0.0,-0.0013865628857750922,0.003238824992769729
2015-01-21,0.0042,0.0,0.0013584465082912252,0.023620927948008536
2015-01-22,0.0158,0.0,0.006751601347631798,0.027377688973580533
2015-01-23,-0.004699999999999999,0.0,0.003744773230545504,-0.008656710510725474
2015-01-26,0.0042,0.0,0.004900433709738226,0.004661213746863044
2015-01-27,-0.012199999999999999,0.0,-0.004804383299444026,-0.029187684173963425
2015-01-28,-0.0139,0.0,-0.015040620747853587,-0.012105594524780858
2015-01-29,0.0098,0.0,0.01352725678130599,0.02516788565031703
2015-01-30,-0.0131,0.0,-0.004835476652580856,-0.017812510082432786
2015-02-02,0.0124,0.0,0.010692065438702275,0.02281717983390793
2015-02-03,0.0149,0.0,0.010929251189695751,0.03323362379854761
2015-02-04,-0.0034999999999999996,0.0,-0.006182940091916743,-0.007082331874048071
2015-02-05,0.011000000000000001,0.0,0.01453232378010116,0.02710421521221333
2015-02-06,-0.002,0.0,0.004876521330065207,0.0030066547824270885
2015-02-09,-0.0046,0.0,0.0037593051428674645,-0.004618126239449476
2015-02-10,0.0105,0.0,0.013078061079561665,0.0037281860008923796
2015-02-11,0.0003,0.0,-0.009453678202597795,0.008801894958329011
2015-02-12,0.01,0.0,0.004864713161564043,0.017351522544086784
2015-02-13,0.004699999999999999,0.0,0.0030083860930364354,0.004064289241105144
2015-02-17,0.0016,0.0,0.0016784218315025097,-0.008215532472723896
2015-02-18,0.0003,0.0,0.0025556352533067745,-0.018033089580140986
2015-02-19,-0.0001,0.0,-0.003459551245640946,-0.006147837817513634
2015-02-20,0.0060999999999999995,0.0,0.008527949872185482,0.003484295170446368
2015-02-23,-0.0008,0.0,0.0030618296843905692,-0.004409011437562043
2015-02-24,0.0032,0.0,0.0044103488817170905,-0.007987736751315602
2015-02-25,0.0001,0.0,-0.0004980325975387559,0.0019365542777799144
2015-02-26,-0.0008,0.0,0.005475376834630434,0.0065197163293587304
2015-02-27,-0.0036,0.0,-0.005782326923873341,0.006819306171469678
2015-03-02,0.0062,0.0,0.0006146054328758609,0.0063486344146592025
2015-03-03,-0.0043,0.0,-0.004958199844585965,-0.003633520927602832
2015-03-04,-0.0040999999999999995,0.0,-0.017617548454091216,-0.0004989111397680282
2015-03-05,0.0015,0.0,-0.0009881413063405442,-0.004527260095705701
2015-03-06,-0.0129,0.0,-0.005917514008121351,-0.030231840794131236
2015-03-09,0.0037,0.0,-0.0014563725313131541,0.006174695320583028
2015-03-10,-0.0163,0.0,-0.011572066051766156,-0.024152106841246086
2015-03-11,-0.0003,0.0,0.005410093681810033,0.0012780553936474546
2015-03-12,0.0128,0.0,0.006332608044822541,0.0007835436074415912
2015-03-13,-0.0058,0.0,-0.015905648198918366,-0.004047873406078
2015-03-16,0.0124,0.0,0.01565956763615025,0.017778494638896
2015-03-17,-0.0019,0.0,0.0030973050362806008,0.0035571852897953865
2015-03-18,0.0109,0.0,0.010429954827755453,0.0026853843823707035
2015-03-19,-0.0036,0.0,-0.002243223382970747,-0.004087741546590086
2015-03-20,0.008100000000000001,0.0,-0.00400583500772286,0.022997118003558317
2015-03-23,-0.0019,0.0,0.0002908973937793875,0.0006387683840399848
2015-03-24,-0.0051,0.0,0.0006138918327625118,0.01018497480477052
2015-03-25,-0.015600000000000001,0.0,0.0008558707163794175,-0.025085722139547247
2015-03-26,-0.0022,0.0,0.006972826182161971,-0.01950314858907735
2015-03-27,0.0032,0.0,0.003914630649119278,0.008307912604019366
2015-03-30,0.0124,0.0,0.010143277082496353,0.028088519843028424
2015-03-31,-0.0075,0.0,-0.00969623137753872,-0.007045182177295141
2015-04-01,-0.0038,0.0,-0.0015681852253804974,0.0023160342494767915
2015-04-02,0.0034999999999999996,0.0,-0.0015560228576901522,-0.003499487125107735
2015-04-06,0.0060999999999999995,0.0,0.00321563873237937,0.01049488937368693
2015-04-07,-0.0022,0.0,-0.0003837190850240833,0.009271499960988049
2015-04-08,0.0037,0.0,-0.0018099527976172779,-0.0056044695215180474
2015-04-09,0.0040999999999999995,0.0,-0.00038174603363538666,0.0013731836369720264
2015-04-10,0.0049,0.0,0.0061113167735821474,-0.0013647950074226279
2015-04-13,-0.0038,0.0,-0.007386223859832711,-0.0022753401023541905
2015-04-14,0.001,0.0,0.006527955830294134,0.002031524358842772
2015-04-15,0.005699999999999999,0.0,0.0010232638381948971,0.007784258040602368
2015-04-16,-0.0008,0.0,0.0014673467690403978,0.008109202632466644
2015-04-17,-0.0123,0.0,-0.004022013376248248,-0.016303293613610742
2015-04-20,0.0095,0.0,0.010609413383096827,0.017797772323828533
2015-04-21,-0.001,0.0,-0.002600726981578533,0.022220722613436793
2015-04-22,0.0046,0.0,0.004174829392452562,0.0151977233281758
2015-04-23,0.0029,0.0,-0.00847727167945925,0.0022052729261888724
2015-04-24,0.0017000000000000001,0.0,0.008995564732834213,0.012476321395391267
2015-04-27,-0.0053,0.0,0.0011304013299019335,-0.0038237803626075557
2015-04-28,0.0027,0.0,0.004764952926539797,0.0022676767704459125
2015-04-29,-0.0039000000000000003,0.0,-0.005787155649278451,-0.0002915893971444719
2015-04-30,-0.0111,0.0,-0.008878828568696796,0.0071366561085256415
2015-05-01,0.0101,0.0,0.006391310922968761,0.012175624639411036
2015-05-04,0.0032,0.0,0.0024727856884486383,0.008722432562366244
2015-05-05,-0.011899999999999999,0.0,-0.01287549015529042,-0.018521661033120067
2015-05-06,-0.0031,0.0,0.003750296427402766,0.004269273790169249
2015-05-07,0.0039000000000000003,0.0,-0.0011865819579021976,0.0006872562283479306
2015-05-08,0.0121,0.0,0.0024971304905999385,0.008484083869077511
2015-05-11,-0.0039000000000000003,0.0,0.005860585404893341,0.002182058889653754
2015-05-12,-0.0026,0.0,-0.009410814213510836,0.005596791995793837
2015-05-13,0.0001,0.0,-0.002026282163146599,-0.002337456822447542
2015-05-14,0.0101,0.0,0.008810937542109614,0.022563670681324876
2015-05-15,0.0005,0.0,0.003769954309108271,0.0021468549161344185
2015-05-18,0.0044,0.0,0.010196703961372997,0.0014485979683031619
2015-05-19,-0.0009,0.0,-0.004319843281573949,-0.0060095656691926585
2015-05-20,-0.0005,0.0,-0.00026294146055932716,0.004210287484389029
2015-05-21,0.0023,0.0,-0.005481991826191533,0.00919102386270624
2015-05-22,-0.0022,0.0,-0.0010413873834449624,-0.005282449069153831
2015-05-26,-0.0101,0.0,-0.0009285568815040031,0.003477606535027905
2015-05-27,0.009300000000000001,0.0,0.004420653849630299,0.001189629242995139
2015-05-28,-0.0011,0.0,0.0037574304184578504,-0.008121691470509012
2015-05-29,-0.0058,0.0,0.004018861038088288,-0.021067239301081897
2015-06-01,0.0017000000000000001,0.0,0.006141610542738256,-0.007892741061571269
2015-06-02,-0.0002,0.0,-0.005110656645109738,0.021010533963753738
2015-06-03,0.0039000000000000003,0.0,-0.001195768920194623,-0.006615386279791005
2015-06-04,-0.0088,0.0,-0.009202540478677235,-0.010100888262945227
2015-06-05,0.0006,0.0,0.000830816826482837,-0.010147950165438239
2015-06-08,-0.0066,0.0,-0.0057229286468255345,-0.00786180723376702
2015-06-09,0.0002,0.0,0.007842761237751052,-0.006472607525848383
2015-06-10,0.011899999999999999,0.0,0.007402311482760568,0.026646792451556902
2015-06-11,0.0021,0.0,0.008499125407496783,0.006686077121904296
2015-06-12,-0.0063,0.0,0.008859101729785945,-0.016759618072606935
2015-06-15,-0.0045000000000000005,0.0,-0.002239771366469166,0.00927541074993
2015-06-16,0.005699999999999999,0.0,0.002745163419013006,0.0230057956132353
2015-06-17,0.0016,0.0,-0.0009207235763324137,0.002120976254598865
2015-06-18,0.009899999999999999,0.0,0.006153183101633344,0.0007729115955770176
2015-06-19,-0.0043,0.0,0.0013404991251756682,-0.007703048602642899
2015-06-22,0.0063,0.0,-0.0013279582545026314,0.002520453773490486
2015-06-23,0.0012,0.0,0.008101066712238356,0.0009229263974635484
2015-06-24,-0.0079,0.0,-0.009754015648454815,-0.014225518112779159
2015-06-25,-0.0025,0.0,-0.011176152127264433,-0.005008187809844316
2015-06-26,-0.0006,0.0,-0.00516260883850604,-0.004377505336586492
2015-06-29,-0.021400000000000002,0.0,-0.008015504684356651,-0.04065967457539569
2015-06-30,0.0033,0.0,0.005892234378460912,-0.010306074283570825
2015-07-01,0.0060999999999999995,0.0,0.0013810504035401106,-0.004256075647301551
2015-07-02,-0.0011,0.0,-0.008026839755845417,-0.004915993397762573
2015-07-06,-0.0037,0.0,0.002434322330143234,-0.010057287201134975
2015-07-07,0.0053,0.0,0.00434542385585148,0.016234646105695666
2015-07-08,-0.0168,0.0,-0.0059195681416379905,-0.03883770408240758
2015-07-09,0.0029,0.0,0.008960801392811534,0.017035130428304512
2015-07-10,0.0123,0.0,0.012070400725886783,0.019003646043720814
2015-07-13,0.011399999999999999,0.0,0.011188852493818966,0.015639298013873062
2015-07-14,0.0048,0.0,-0.0018494076659229058,-0.004627134376372921
2015-07-15,-0.0018,0.0,-0.0009353227348549782,0.002739671090045511
2015-07-16,0.0077,0.0,0.012584968166406717,-0.006827391845466227
2015-07-17,0.0005,0.0,-0.004549817926342703,0.0050008119903268275
2015-07-20,-0.0001,0.0,0.005548940284790266,-0.0172759635632525
2015-07-21,-0.0046,0.0,0.00036699991118501656,-0.012193841485898377
2015-07-22,-0.0017000000000000001,0.0,-0.009871363817433799,0.00262283720908896
2015-07-23,-0.0058,0.0,-0.0012125231342107285,-0.011090391867846612
2015-07-24,-0.0109,0.0,-0.0027645573287849346,0.0010165536891396324
2015-07-27,-0.0074,0.0,0.00034320965820341075,-0.01072427759336032
2015-07-28,0.0123,0.0,0.006412347299984505,0.016143594349336026
2015-07-29,0.0075,0.0,0.001441275645156958,0.0077114592665890516
2015-07-30,0.001,0.0,0.002501831561596621,-0.007028749184660288
2015-07-31,-0.0015,0.0,0.0079511310016561,-0.011491276801380686
2015-08-03,-0.0034000000000000002,0.0,-0.005686344950475146,-0.011738365166725943
2015-08-04,-0.0014000000000000002,0.0,-0.012592895803620477,-0.0007966419370502454
2015-08-05,0.0036,0.0,-0.003014098840857484,0.0059257156768685905
2015-08-06,-0.0088,0.0,-0.008836901305577545,-0.026784902942494027
2015-08-07,-0.0036,0.0,-0.004387115589051113,-0.014671855796880988
2015-08-10,0.0131,0.0,0.00974318904031313,0.02173804669637184
2015-08-11,-0.0098,0.0,-0.008223381772976608,-0.0002776188842798597
2015-08-12,0.0007000000000000001,0.0,-0.0005589810648278231,0.007227799398478118
2015-08-13,-0.0014000000000000002,0.0,0.0013089968636689705,0.012581039001901329
2015-08-14,0.0043,0.0,0.007567265700751589,-0.0025991939430478027
2015-08-17,0.006,0.0,0.0035911801759851442,0.0067649216631579905
2015-08-18,-0.0034999999999999996,0.0,-0.010402521430063597,-0.0011407949960305442
2015-08-19,-0.0085,0.0,-0.007979913976985078,-0.014139156290647152
2015-08-20,-0.022400000000000003,0.0,-0.004669345531577985,-0.03706329266928933
2015-08-21,-0.029500000000000002,0.0,-0.022276657340427337,-0.0440630521515312
2015-08-24,-0.0391,0.0,-0.0256318222831541,-0.05422040292469358
2015-08-25,-0.0116,0.0,0.0022381634701742143,-0.021840153353053723
2015-08-26,0.0368,0.0,0.017263997687746075,0.05353432692913945
2015-08-27,0.024,0.0,0.01346220530483933,0.03141089562441051
2015-08-28,0.0023,0.0,-0.004901388886976143,-0.00458433642814971
2015-08-31,-0.0074,0.0,0.0013286954394946737,-0.02317023695943169
2015-09-01,-0.0291,0.0,-0.013509428515310614,-0.046534446601080734
2015-09-02,0.0182,0.0,0.021865188913515562,0.030768597451850038
2015-09-03,0.0017000000000000001,0.0,0.009140382099926637,0.00996410845146788
2015-09-04,-0.0139,0.0,-0.0034171564782100273,-0.023579172753526705
2015-09-08,0.0252,0.0,0.009890973730076247,0.039459120165109766
2015-09-09,-0.0134,0.0,-0.007572543966137941,-0.018826171811083602
2015-09-10,0.0049,0.0,0.00473690424384685,0.020974589286161797
2015-09-11,0.0044,0.0,0.0066776988415471914,0.008480236565845265
2015-09-14,-0.0040999999999999995,0.0,-0.006369644718294225,-0.005920042342756178
2015-09-15,0.012199999999999999,0.0,0.004773627955993244,0.013457984501977603
2015-09-16,0.0085,0.0,0.0019652921923081737,-0.001835392398119336
2015-09-17,-0.0017000000000000001,0.0,-0.004384232280938998,-0.0035656920864184554
2015-09-18,-0.016200000000000003,0.0,-0.002257906157044732,-0.02303404508650314
2015-09-21,0.0036,0.0,0.010077150313880793,0.005721066831889739
2015-09-22,-0.0129,0.0,-0.012965659508680923,-0.022254242627100337
2015-09-23,-0.0027,0.0,4.9841317311677055e-05,-0.006369543115236152
2015-09-24,-0.0036,0.0,-0.0020478853047306237,-0.02197503567932916
2015-09-25,-0.0022,0.0,-0.003708725343121915,-0.008252650321828071
2015-09-28,-0.0263,0.0,-0.012140590200717262,-0.02319892972823078
2015-09-29,-0.0006,0.0,-0.005924254054793871,0.0050281974092762464
2015-09-30,0.018799999999999997,0.0,0.0020313284848770957,0.020321997144389394
2015-10-01,0.0013,0.0,0.01116408118755724,0.00020387999583143589
2015-10-02,0.0148,0.0,0.007484995260854262,-0.0004474796719543296
2015-10-05,0.019299999999999998,0.0,0.006903734970825247,0.015884350485575995
2015-10-06,-0.0043,0.0,-0.007088046445891739,-0.016105018616615716
2015-10-07,0.009399999999999999,0.0,0.011400588734037497,0.003509626965046817
2015-10-08,0.0085,0.0,0.009376578004749947,0.004958890340377477
2015-10-09,0.0012,0.0,-0.0027721155995900355,-0.004725959827008304
2015-10-12,0.0006,0.0,-0.0023663245105798895,0.003251273598593913
2015-10-13,-0.0073,0.0,0.003146390031185717,-0.0010936759503401353
2015-10-14,-0.006,0.0,-0.008985680823049931,-0.016091383686393786
2015-10-15,0.015600000000000001,0.0,0.015095025852576976,0.02762682366738167
2015-10-16,0.0034999999999999996,0.0,-0.003964606072802808,0.005151642952740114
2015-10-19,0.0,0.0,-0.007605831651529264,-0.015564027251300459
2015-10-20,-0.0015,0.0,0.003754086417282045,0.004683606358780425
2015-10-21,-0.0073,0.0,-0.010393470248092257,-0.023018903945669328
2015-10-22,0.015,0.0,0.012631937161626916,0.031003760983161904
2015-10-23,0.0109,0.0,0.0017506888856126685,0.018917732783923738
2015-10-26,-0.002,0.0,0.0074264299373511785,-0.003429471420293505
2015-10-27,-0.0042,0.0,-0.007527941822478594,1.9407239039218038e-05
2015-10-28,0.0143,0.0,0.014820932548246488,0.02367451213901919
2015-10-29,-0.002,0.0,-0.0009612740461552392,0.007939338074999082
2015-10-30,-0.0042,0.0,-0.0015534344485943537,-0.003974919661703864
2015-11-02,0.0125,0.0,-0.00403328689083732,0.014109027692493446
2015-11-03,0.0033,0.0,0.010896055239872648,0.003825774201779559
2015-11-04,-0.0025,0.0,-0.006230355491728516,0.0027187789977780614
2015-11-05,-0.0007000000000000001,0.0,-0.005733278974683878,-0.003436999560345758
2015-11-06,0.0014000000000000002,0.0,-0.0035279339917005,-0.011765179129105824
2015-11-09,-0.0095,0.0,-0.0017198794440012608,-0.022224900795953538
2015-11-10,0.0013,0.0,-0.004599610189620181,-0.011042757896885448
2015-11-11,-0.0043,0.0,-0.007050206683923544,-0.01445506391032131
2015-11-12,-0.014499999999999999,0.0,-0.006712893065713766,-0.0031395106131595837
2015-11-13,-0.0106,0.0,-0.009451811012283973,-0.009870580003302083
2015-11-16,0.0139,0.0,0.008394809923509503,0.02529695363263549
2015-11-17,-0.0011,0.0,0.002364310915887838,0.01901714519117307
2015-11-18,0.0161,0.0,0.010553707276001936,0.023619867160585364
2015-11-19,-0.0013,0.0,0.0001472693575944289,-0.007127376742681629
2015-11-20,0.0034999999999999996,0.0,0.0030370661464092716,0.0022050292114586634
2015-11-23,-0.0001,0.0,-0.0045516343307782465,-0.008837598595714211
2015-11-24,0.0021,0.0,-0.002877838271997836,-0.004668749962134271
2015-11-25,0.0007000000000000001,0.0,-0.004955550698938628,-0.0064728009428759855
2015-11-27,0.0009,0.0,0.0050134864242037435,0.0030753481881405746
2015-11-30,-0.0048,0.0,-0.005540663422032504,0.007114160412823212
2015-12-01,0.0097,0.0,-0.003993054286036777,0.02032846171956494
2015-12-02,-0.0101,0.0,-0.006291519104903924,-0.011980869045816361
2015-12-03,-0.015,0.0,-0.01628942494617441,-0.031740859695273974
2015-12-04,0.0187,0.0,0.008050541274903273,0.02758034397076966
2015-12-07,-0.0083,0.0,-0.0055545915843582755,-0.003545553875659399
2015-12-08,-0.0058,0.0,0.003296440664990709,-0.00879431495162629
2015-12-09,-0.0083,0.0,-0.0069375884641602,-0.002678350967484042
2015-12-10,0.003,0.0,0.0044200145124162,-0.006230500216058661
2015-12-11,-0.0202,0.0,-0.008511672433274407,-0.03253963235515473
2015-12-14,0.0029,0.0,-0.0026789832586727267,-0.0033582754857043933
2015-12-15,0.011000000000000001,0.0,0.01407086937273335,0.013684341799864684
2015-12-16,0.0147,0.0,-0.00031587667553554556,0.019107096270258035
2015-12-17,-0.0146,0.0,-0.0067173117017167395,-0.02175544675550328
2015-12-18,-0.0169,0.0,-0.0025302330929521943,-0.018594478373546504
2015-12-21,0.0074,0.0,0.007427304480888552,0.027627088697836567
2015-12-22,0.0089,0.0,0.0028862497640976645,0.02409102847921031
2015-12-23,0.0129,0.0,0.011042199951530975,0.00801504556515425
2015-12-24,-0.0011,0.0,-0.008213577490529702,-0.0014061733930273016
2015-12-28,-0.0028000000000000004,0.0,0.0003171135224199835,-0.002174959172184147
2015-12-29,0.0105,0.0,0.006590430610320377,0.014816916805972205
2015-12-30,-0.0074,0.0,-0.007780445806312343,-0.017603184121605477
2015-12-31,-0.0092,0.0,-0.01184295967240349,-0.017634597098492147
2016-01-04,-0.0159,0.0,-0.01058995387152149,-0.004337815827092511
2016-01-05,0.0013,0.0,-0.0056299375050997595,-0.005837723016149648
2016-01-06,-0.0134,0.0,-0.001374503143388852,-0.0033488603373388395
2016-01-07,-0.024399999999999998,0.0,-0.015198858688697402,-0.03919947393874731
2016-01-08,-0.0111,0.0,-0.005604525904507683,-0.01774394930261114
2016-01-11,-0.0006,0.0,-0.0030543394842375035,-0.000407408916002753
2016-01-12,0.0072,0.0,0.004154788768768783,0.009317400259887417
2016-01-13,-0.026600000000000002,0.0,-0.011099430788071192,-0.03612023291972352
2016-01-14,0.0165,0.0,0.003946173889151516,0.02459951316484424
2016-01-15,-0.0213,0.0,-0.015889223187959305,-0.03523904699956748
2016-01-19,-0.0019,0.0,-0.005409019685140165,-0.013492389863692375
2016-01-20,-0.009399999999999999,0.0,-0.0037886003355670525,0.013861358057347147
2016-01-21,0.0045000000000000005,0.0,0.005597806809684301,-0.005852386881303764
2016-01-22,0.0208,0.0,0.015397864058450192,0.0192055924352978
2016-01-25,-0.017,0.0,-0.007768449419087654,-0.009529309955176384
2016-01-26,0.0152,0.0,0.006729486407853735,0.033624542367887506
2016-01-27,-0.0111,0.0,-0.010044260266974555,-0.023654264739222657
2016-01-28,0.0049,0.0,-0.007261803578995146,0.002174923657061874
2016-01-29,0.025699999999999997,0.0,0.01787551765821331,0.03801723795679162
2016-02-01,-0.0004,0.0,0.009527647884039552,-0.005383918668426087
2016-02-02,-0.02,0.0,-0.010332788396305644,-0.04863455830074315
2016-02-03,0.0046,0.0,0.007651351217962832,0.011590965739595387
2016-02-04,0.0027,0.0,-0.005124062551010628,-0.006331763379764754
2016-02-05,-0.0206,0.0,-0.012024114641151966,-0.035903020599020743
2016-02-08,-0.0151,0.0,-0.012371207800397799,-0.03482730719431855
2016-02-09,-0.0008,0.0,0.002021906022167588,-0.0003224724882493837
2016-02-10,0.0001,0.0,0.001219178638855728,-0.00455132420777951
2016-02-11,-0.011699999999999999,0.0,-0.0023724726900457866,-0.021302158267679647
2016-02-12,0.019799999999999998,0.0,0.0039506375090135135,0.029894529449500076
2016-02-16,0.0178,0.0,0.012344717706172004,0.00836236763578176
2016-02-17,0.0174,0.0,0.011511478315601627,0.013043696344949162
2016-02-18,-0.0051,0.0,-0.006293886372355743,-0.03721163041554577
2016-02-19,0.0006,0.0,0.003964181567597473,0.013639360262933333
2016-02-22,0.0143,0.0,0.012484156852170223,0.023732385036320656
2016-02-23,-0.0121,0.0,-0.005664437036168023,-0.001472067712590286
2016-02-24,0.0054,0.0,0.008490922344876316,0.012548386820219911
2016-02-25,0.011000000000000001,0.0,0.0005480665928231532,0.017541892043033122
2016-02-26,-0.0002,0.0,0.0017257101866661243,-0.001470880522159781
2016-02-29,-0.0069,0.0,-0.002662097990151663,-0.021220268244667675
2016-03-01,0.023399999999999997,0.0,0.013993447048038303,0.043954941187230326
2016-03-02,0.0054,0.0,0.0004608048713839459,0.004355894924576147
2016-03-03,0.005,0.0,1.0358541022637956e-05,0.008508525693779632
2016-03-04,0.0037,0.0,0.00040954152016663744,0.014100929617446183
2016-03-07,0.0021,0.0,0.0029169885435851133,0.02456790771933871
2016-03-08,-0.0127,0.0,-0.011432100385096084,-0.01954593347390943
2016-03-09,0.005,0.0,0.0040356785580727365,-0.003105193019507216
2016-03-10,-0.001,0.0,-0.010669520635343098,0.004926203020986835
2016-03-11,0.0169,0.0,0.0015239594925514598,0.016321654370303404
2016-03-14,-0.0012,0.0,-0.004709861022607605,0.012200526283422719
2016-03-15,-0.0034999999999999996,0.0,-0.0016722355208242936,-0.006357512112655027
2016-03-16,0.0063,0.0,0.0001220952023694875,0.009944885178190171
2016-03-17,0.0070999999999999995,0.0,4.9514951554146744e-05,0.019165869625914014
2016-03-18,0.0054,0.0,0.00810177265089644,0.008957995671172515
2016-03-21,0.001,0.0,0.004295933953216606,-0.00864311461150637
2016-03-22,-0.0005,0.0,-0.0035509639104247498,0.013838974321226726
2016-03-23,-0.0085,0.0,-0.00692899404635572,-0.006418846817288774
2016-03-24,0.0,0.0,0.003331031668494028,0.013767496178744352
2016-03-28,0.0004,0.0,0.0043823930137467815,-0.010438230588505147
2016-03-29,0.010700000000000001,0.0,0.005688409622023552,-0.004365620198403355
2016-03-30,0.0040999999999999995,0.0,-0.00046505434083469284,-0.004416570415044547
2016-03-31,-0.0011,0.0,-0.0014458893632083168,0.0005971614643975661
2016-04-01,0.0064,0.0,0.006553437325564439,-0.006101646905602182
2016-04-04,-0.0040999999999999995,0.0,-0.0026535212696584985,-0.016824223865131015
2016-04-05,-0.009399999999999999,0.0,-0.0033226667717286,-0.004691819668353168
2016-04-06,0.011399999999999999,0.0,0.004459482145122211,0.012872666230035266
2016-04-07,-0.0123,0.0,-0.004569160360481673,-0.012387485721168063
2016-04-08,0.0029,0.0,0.0018941660327780033,0.0011848489741657945
2016-04-11,-0.0028000000000000004,0.0,-0.002664335028805803,-0.00797191420470609
2016-04-12,0.009899999999999999,0.0,0.021302695603661676,0.007260329388215932
2016-04-13,0.0123,0.0,0.008066020218173672,0.018978837163703577
2016-04-14,0.0003,0.0,0.001081299043980012,-0.0028813475352982266
2016-04-15,-0.0004,0.0,0.0006663366718587356,-0.007008359905763484
2016-04-18,0.006500000000000001,0.0,-0.0045888565988957625,-0.007807982484388411
2016-04-19,0.0028000000000000004,0.0,-2.4976608869234666e-05,0.003349379103515446
2016-04-20,0.0015,0.0,0.0001713255080748455,0.007829587532444202
2016-04-21,-0.0048,0.0,0.0024211002765395155,-0.009104273268914474
2016-04-22,0.0012,0.0,-0.002629910299084261,-0.007861531017187744
2016-04-25,-0.0024,0.0,0.005010259614914788,0.0010951367412617838
2016-04-26,0.0029,0.0,-0.00039482704560302607,0.010352160516564951
2016-04-27,0.0021,0.0,0.0054288320430887875,0.004087398872706538
2016-04-28,-0.0096,0.0,-0.009547340351886407,-0.022757451793436842
2016-04-29,-0.005,0.0,-0.003154059786891786,0.0010080005236056833
2016-05-02,0.0078000000000000005,0.0,0.005525842322884664,0.00490405369897816
2016-05-03,-0.0105,0.0,0.005623201193249951,-0.023770616235592408
2016-05-04,-0.0066,0.0,0.003200495870533644,-0.02059377406340513
2016-05-05,-0.0008,0.0,0.0017391778694220877,0.00888967043736684
2016-05-06,0.0038,0.0,0.0004895673891555153,0.018680273415579776
2016-05-09,0.0005,0.0,0.0026262570946912586,-0.0036954846641542223
2016-05-10,0.0126,0.0,0.0049104371241199575,0.012991130729963433
2016-05-11,-0.0089,0.0,-0.004445233328259082,-0.03896885088229209
2016-05-12,-0.0011,0.0,0.0026973153474581495,-0.01473420927349028
2016-05-13,-0.008199999999999999,0.0,-0.005852868235932742,-0.013133467219768163
2016-05-16,0.009899999999999999,0.0,0.0025124269196061234,0.017929513451891303
2016-05-17,-0.0095,0.0,-0.002610910631153608,-0.021955900270464457
2016-05-18,0.001,0.0,0.007902078207997858,-0.008330753114758133
2016-05-19,-0.0032,0.0,0.0076306209431319825,0.006422787690483175
2016-05-20,0.0075,0.0,0.0016249630461860542,0.019429765658683706
2016-05-23,-0.0019,0.0,-0.005339230648255033,-0.013690460835472651
2016-05-24,0.0143,0.0,0.004535880230524652,0.009176743283265065
2016-05-25,0.0070999999999999995,0.0,0.00976943665169604,-0.0009625255380679362
2016-05-26,-0.0004,0.0,-0.012700712916294205,0.020252465396890153
2016-05-27,0.0048,0.0,-0.0019062935625352036,0.006790005076933829
2016-05-31,-0.0001,0.0,0.002292940684567811,-0.0031922360814948146
2016-06-01,0.002,0.0,0.009073180448001997,0.010711844522406408
2016-06-02,0.0034999999999999996,0.0,0.001156079716107291,-0.006529777004348974
2016-06-03,-0.0038,0.0,-0.0010574594719347948,0.013813883390341942
2016-06-06,0.006,0.0,0.004840188220111929,0.011932347197981327
2016-06-07,0.0012,0.0,-0.00443716203266674,-0.006494228700187692
2016-06-08,0.0037,0.0,-0.0011745415616352187,-0.011367495293179129
2016-06-09,-0.0027,0.0,-0.0015074924664804001,-0.008859861565456876
2016-06-10,-0.0105,0.0,0.007423934634971939,-0.013483154448959176
2016-06-13,-0.0084,0.0,-0.008174332202636863,-0.023370916946039398
2016-06-14,-0.0019,0.0,0.003043491182140397,-0.005380897990969388
2016-06-15,-0.0011,0.0,-0.00047417634940919167,-0.010408701536467554
2016-06-16,0.0024,0.0,-0.005251163730065276,0.004228835717526458
2016-06-17,-0.003,0.0,-0.005484517371421521,-0.005057949006054443
2016-06-20,0.0070999999999999995,0.0,0.005939924670137935,0.020435862391050115
2016-06-21,0.0021,0.0,-0.005771009605711804,-0.0011273248275801154
2016-06-22,-0.002,0.0,0.004791831663445211,0.006029023869595968
2016-06-23,0.014499999999999999,0.0,0.01089044772647456,0.019011857029041603
2016-06-24,-0.0369,0.0,-0.02195177917404035,-0.03016198863053793
2016-06-27,-0.0206,0.0,-0.012881670885175273,-0.03156351456961923
2016-06-28,0.0176,0.0,0.010494744906131082,0.010505446652581634
2016-06-29,0.0179,0.0,0.009846204522103075,0.049032726918596246
2016-06-30,0.014199999999999999,0.0,0.019460984487746635,0.01730369990323631
2016-07-01,0.0024,0.0,-0.003823466799883877,0.01618777041031317
2016-07-05,-0.0084,0.0,-0.007684464403527922,-0.033647305270624914
2016-07-06,0.0062,0.0,0.0012954785779459156,-0.0021688187614917493
2016-07-07,0.0002,0.0,0.0015083081252134551,0.008321036572755413
2016-07-08,0.0159,0.0,0.00602621457800399,0.021433553332863883
2016-07-11,0.0042,0.0,-0.0012078183541440741,0.01618011614898133
2016-07-12,0.0075,0.0,0.004702566176863878,0.024524698575918928
2016-07-13,-0.0004,0.0,0.0016158559916903132,-0.0005340187783083133
2016-07-14,0.0051,0.0,0.009866948341638407,-0.0036109988525673776
2016-07-15,-0.0005,0.0,0.002849503405734189,0.01426298825336765
2016-07-18,0.0024,0.0,0.0017255454089288745,0.007392652026321052
2016-07-19,-0.0022,0.0,-0.007029360042479702,-0.003093847375469949
2016-07-20,0.0048,0.0,-0.001311088316318061,0.012357103393140993
2016-07-21,-0.0038,0.0,0.0024127306445894075,-0.01746498287667364
2016-07-22,0.0048,0.0,0.002100813621903508,0.022215376059668654
2016-07-25,-0.0027,0.0,-0.004027302930533754,-0.01121943687639108
2016-07-26,0.0013,0.0,0.00335115084996077,0.009176412741261842
2016-07-27,-0.0014000000000000002,0.0,-0.0012157835788309916,0.002360805288596146
2016-07-28,0.0019,0.0,0.004014047685284038,0.007643302516495731
2016-07-29,0.0017000000000000001,0.0,0.0027784036691730933,-0.0017807525384171624
2016-08-01,-0.0016,0.0,0.003949060983972243,-0.015237425617399204
2016-08-02,-0.006999999999999999,0.0,0.0033738403764863685,-0.013124571517910119
2016-08-03,0.0045000000000000005,0.0,0.00025552422211632926,0.014530681976249996
2016-08-04,0.0005,0.0,0.007598625158820531,-0.01310569413752935
2016-08-05,0.0092,0.0,-0.004282227692252611,0.0006290365262129425
2016-08-08,-0.0006,0.0,0.004776383590385968,-0.0050977268580143405
2016-08-09,0.0005,0.0,-0.008676633705781225,-0.005569838603033214
2016-08-10,-0.0029,0.0,-0.0019354309141024646,-0.012617827467806982
2016-08-11,0.0054,0.0,-0.0020170671470302725,0.01226190344226477
2016-08-12,-0.0006,0.0,-0.003420840318356882,-0.01857231362510413
2016-08-15,0.0038,0.0,0.012434584692344526,0.004608229812717265
2016-08-16,-0.005699999999999999,0.0,-0.005787627408440743,-0.007264075722241208
2016-08-17,0.0012,0.0,0.011218929930017848,0.0011744791254112825
2016-08-18,0.0032,0.0,0.007383420373081359,-0.011625127428680423
2016-08-19,-0.0011,0.0,-0.00493029815248858,0.014730515063254056
2016-08-22,-0.0002,0.0,-0.004140341341624549,-0.0073692744749099285
2016-08-23,0.0026,0.0,0.006604314100536272,0.0014683037384643038
2016-08-24,-0.0055000000000000005,0.0,-0.0011273893680970168,-0.012836680124974003
2016-08-25,-0.0008,0.0,0.006230725047097036,-0.014234457083918411
2016-08-26,-0.0015,0.0,-0.009100954431295214,0.006503322568531881
2016-08-29,0.0053,0.0,0.01784550910387188,0.012538042800993791
2016-08-30,-0.0014000000000000002,0.0,-0.0035162891513342417,-0.011090042335087529
2016-08-31,-0.0024,0.0,-0.0033501581191637737,-0.017339489718812336
2016-09-01,0.0003,0.0,0.0009550231608293311,0.013461767432077668
2016-09-02,0.0053,0.0,-0.0005831380524292332,0.009015091609185217
2016-09-06,0.0027,0.0,-0.0005658347452807324,-0.0027218813252067615
2016-09-07,0.0009,0.0,-0.0006785599452918908,0.021521329013174405
2016-09-08,-0.0018,0.0,-0.003038309072483134,0.0022065904822413662
2016-09-09,-0.0246,0.0,-0.015780078903255335,-0.0403464108906291
2016-09-12,0.0144,0.0,0.013324000234858196,0.007426579091564831
2016-09-13,-0.0148,0.0,-0.010327907177649387,-0.016681827423580386
2016-09-14,-0.0008,0.0,-0.0014194252700243527,-0.004497971463630821
2016-09-15,0.010700000000000001,0.0,0.005417088668051825,0.023112421704680024
2016-09-16,-0.0036,0.0,0.002243594135527216,-0.005119889776425812
2016-09-19,0.0005,0.0,0.002978776730447232,-0.012855271155319993
2016-09-20,-0.0001,0.0,0.00507522456425024,-0.009700054004689934
2016-09-21,0.011200000000000002,0.0,0.016413834938512555,0.013912653869184558
2016-09-22,0.006999999999999999,0.0,0.004645043431432509,0.01775320728226716
2016-09-23,-0.0059,0.0,-0.007361036647237772,-0.0030544918248110705
2016-09-26,-0.0088,0.0,-0.0066084383052328,-0.025814005639667494
2016-09-27,0.0064,0.0,0.0016669764371816478,0.006763378787922507
2016-09-28,0.005600000000000001,0.0,0.015341829660045608,0.0031084602794360624
2016-09-29,-0.0098,0.0,-0.015510783568573872,-0.0084226624139212
2016-09-30,0.0088,0.0,0.0011813713678724821,0.02015601657040591
2016-10-03,-0.0026,0.0,-0.003058569857329857,-0.007163228577686488
2016-10-04,-0.0045000000000000005,0.0,-0.004007952305272686,-0.0004197565606688389
2016-10-05,0.0058,0.0,0.010395368669771683,0.015175347452108877
2016-10-06,-0.0006,0.0,0.006738320519207657,-0.004381054645820543
2016-10-07,-0.0038,0.0,-0.001640577106433398,-0.0033936318144896335
2016-10-10,0.0052,0.0,0.010134137586759807,0.0017408437027864616
2016-10-11,-0.013000000000000001,0.0,-0.0053262622327371785,-0.011261264668211793
2016-10-12,0.0006,0.0,0.005903570370628373,-0.0009165339461703906
2016-10-13,-0.0040999999999999995,0.0,-0.005232042570828202,0.004729613501360159
2016-10-14,0.0001,0.0,-0.0029104655501584367,-0.008393978152458936
2016-10-17,-0.0029,0.0,0.01045142696579893,-0.004411576340266336
2016-10-18,0.006,0.0,0.006502448746705839,0.01352237775391581
2016-10-19,0.0024,0.0,-0.003225521154886661,0.01461275798954137
2016-10-20,-0.0016,0.0,-0.00038229539270452303,-0.014198462376323533
2016-10-21,0.0002,0.0,0.0032224284935299676,0.002634444220008063
2016-10-24,0.0054,0.0,0.005725369233169106,-0.0008729581042214536
2016-10-25,-0.0046,0.0,-0.010684144862980468,-0.009388998658649455
2016-10-26,-0.0023,0.0,-0.007442237613240648,0.012770802963056906
2016-10-27,-0.0032,0.0,-0.010390444203896326,-0.01903138903679568
2016-10-28,-0.0029,0.0,-0.0012600642492688954,-0.007265671021230555
2016-10-31,0.0002,0.0,0.0028668276293469493,-0.016129035510968653
2016-11-01,-0.0068000000000000005,0.0,-0.0068571413690481295,-0.022175565656612405
2016-11-02,-0.0073,0.0,-0.008859252006913235,-0.014872227307280803
2016-11-03,-0.004,0.0,-0.004386460271099766,-0.0026954133371438396
2016-11-04,-0.0012,0.0,-0.01031493648960523,0.021741454081727687
2016-11-07,0.022400000000000003,0.0,0.012486187420300615,0.03543251251255978
2016-11-08,0.004,0.0,0.0008109432722378923,-0.007230578656376041
2016-11-09,0.014499999999999999,0.0,0.009247390023431293,0.017956365012860086
2016-11-10,0.0032,0.0,-0.0009854152963370806,-0.00942682330573589
2016-11-11,0.0018,0.0,-0.004888901401580829,-0.0019597086257168396
2016-11-14,0.002,0.0,-0.0022964802447168267,0.002459589810785424
2016-11-15,0.008,0.0,0.0063892863070791955,0.027567567168168883
2016-11-16,-0.0012,0.0,-0.004127466834794742,0.004752848606043577
2016-11-17,0.005600000000000001,0.0,-0.004255255393502055,0.0050702410258295725
2016-11-18,-0.0016,0.0,0.0016628317302886644,-0.0034041496901215237
2016-11-21,0.0077,0.0,0.008308238934901131,0.02245463957582327
2016-11-22,0.0031,0.0,0.007448584581789817,-0.0009761789723362214
2016-11-23,0.0015,0.0,0.002022629558260241,0.008457098452555321
2016-11-25,0.004,0.0,-0.0013009217665912506,-0.007951287470288386
2016-11-28,-0.0064,0.0,-0.004821663244108739,-0.0040355433172754125
2016-11-29,0.0012,0.0,0.0017233771660079603,0.030492849050876823
2016-11-30,-0.0025,0.0,-0.0034207825883390696,-0.0008446579044804315
2016-12-01,-0.0036,0.0,0.0014797440831262705,-0.019973462862664985
2016-12-02,0.0,0.0,0.004224697905693365,0.014771105063855422
2016-12-05,0.0075,0.0,0.007747208672013724,0.0021774562569750935
2016-12-06,0.004699999999999999,0.0,0.010819166761594862,0.010445576998219405
2016-12-07,0.0126,0.0,0.0013577336655954458,0.005166269000558912
2016-12-08,0.0036,0.0,-0.006658068654453903,-0.005410863466348231
2016-12-09,0.0046,0.0,0.010427596036287647,0.018281859287184926
2016-12-12,-0.003,0.0,-0.010390322615020556,0.004878249534074094
2016-12-13,0.006,0.0,0.0118859993125028,0.010120589322638488
2016-12-14,-0.008199999999999999,0.0,-0.0061881768240616844,0.0029744028458791143
2016-12-15,0.0046,0.0,0.01078747543436646,0.017060555590510923
2016-12-16,-0.0022,0.0,0.004547530171874481,0.0021474928508711444
2016-12-19,0.0022,0.0,-0.0009238730599485131,-0.018106969729881434
2016-12-20,0.0044,0.0,-7.726280742291394e-06,0.03215002123804238
2016-12-21,-0.0024,0.0,0.005015499667530347,-0.005849674492315203
2016-12-22,-0.003,0.0,0.0008192615109621614,-0.007878555327773906
2016-12-23,0.0019,0.0,-0.00017777340503865127,-0.006560506240559893
2016-12-27,0.0027,0.0,0.0025619717182992223,-0.0017147266100117405
2016-12-28,-0.0087,0.0,-0.005450728833082213,-0.01498004873077164
2016-12-29,-0.0004,0.0,0.008694041658078133,0.009088199636266113
2016-12-30,-0.0052,0.0,-0.0029161855317565424,0.009542818378786393
2017-01-03,0.0083,0.0,0.005781443026083596,0.025410322218965196
2017-01-04,0.0079,0.0,0.0025660840167458423,0.007310697331525737
2017-01-05,-0.0021,0.0,-0.005844199591229608,0.006089680533407934
2017-01-06,0.0029,0.0,0.0035410234935943667,-0.004256361178471989
2017-01-09,-0.0037,0.0,0.005192562138267636,-0.0076252401238003885
2017-01-10,0.0016,0.0,-0.0017167375201868687,-0.00406368675375232
2017-01-11,0.0031,0.0,0.010755435196464222,-0.0027593001229604588
2017-01-12,-0.003,0.0,0.0033602730636704374,-0.008949431409582544
2017-01-13,0.0029,0.0,0.0028087154651917612,0.006170843299603934
2017-01-17,-0.0049,0.0,1.0352660722867842e-05,0.004191198335071328
2017-01-18,0.0024,0.0,0.003202465201855572,0.0035523439889940675
2017-01-19,-0.0038,0.0,-0.0023351435782901545,-0.003482679790626603
2017-01-20,0.0033,0.0,-0.001262914836059714,-0.003175845492809323
2017-01-23,-0.0029,0.0,0.0060561699258680135,-1.4772116013805903e-05
2017-01-24,0.008199999999999999,0.0,0.005785978715197879,0.021637476428150716
2017-01-25,0.0084,0.0,0.005523154977614004,0.005041995427252048
2017-01-26,-0.001,0.0,-0.0017929427007954107,-0.008167179104277476
2017-01-27,-0.0012,0.0,0.0006158101442419159,0.009886012883323157
2017-01-30,-0.0068000000000000005,0.0,-0.004300969652402589,-0.008266365999635181
2017-01-31,0.0,0.0,0.0028594264114979017,0.005105228707043272
2017-02-01,0.0003,0.0,-0.001381800078171579,-0.012967054723738736
2017-02-02,-0.0002,0.0,0.006750374878270995,-0.0076107487570684475
2017-02-03,0.008199999999999999,0.0,0.008711600526741447,0.00064891427522803
2017-02-06,-0.0027,0.0,-0.012345780981023704,0.008595399995768334
2017-02-07,0.0,0.0,0.0026676373962912976,0.008911578731547545
2017-02-08,0.0007000000000000001,0.0,-0.0006222109004567573,-0.00438172999332773
2017-02-09,0.0070999999999999995,0.0,0.0037931534956238944,-0.002331963993121869
2017-02-10,0.0037,0.0,-0.00323009546793676,-0.011721993407137664
2017-02-13,0.0049,0.0,-0.00039086340729806894,0.003644385759795304
2017-02-14,0.0045000000000000005,0.0,0.004882077198332881,0.006940503538539413
2017-02-15,0.0053,0.0,0.009618332339474983,-0.0020138336139626407
2017-02-16,-0.0016,0.0,0.0003832913293858511,-0.0002122754104838826
2017-02-17,0.002,0.0,0.005155516622539809,-0.0013038680105884838
2017-02-21,0.006,0.0,0.003875919253435248,0.010958565449817107
2017-02-22,-0.0015,0.0,0.0015996550521326547,0.0003258473897992998
2017-02-23,-0.0012,0.0,-0.0003416341246586502,0.013084554905712188
2017-02-24,0.0015,0.0,0.003403343975632603,0.000440280800519572
2017-02-27,0.0021,0.0,0.004979725542108731,0.01388244565319574
2017-02-28,-0.0042,0.0,0.0006558518765737938,-0.0013186485225330216
2017-03-01,0.0147,0.0,0.009346238663183725,0.01593628987224236
2017-03-02,-0.0069,0.0,-0.009083806875186798,-0.013299925029878503
2017-03-03,0.0008,0.0,-0.007332418326328555,0.002821057617033552
2017-03-06,-0.0037,0.0,0.001437655033686979,0.020156968943327722
2017-03-07,-0.0034999999999999996,0.0,-0.00940074409613195,-0.007450588325795353
2017-03-08,-0.0019,0.0,-0.00024814007927483246,-0.0007612887895256234
2017-03-09,0.0005,0.0,-0.0014337751797457014,0.009953956300512014
2017-03-10,0.0034000000000000002,0.0,0.0001453255965327459,0.003573039298504072
2017-03-13,0.0013,0.0,0.009384576889379779,-0.0028616491241153725
2017-03-14,-0.0036,0.0,-0.005325480918676416,-0.014252515548673772
2017-03-15,0.0086,0.0,0.0015910994748107336,0.014492122745597967
2017-03-16,-0.0007000000000000001,0.0,-0.003930598087694238,-0.010614478984936867
2017-03-17,-0.0008,0.0,-0.00016602041854392886,-0.003943933755734242
2017-03-20,-0.0025,0.0,-0.0036091696798460113,-0.0023122297157087543
2017-03-21,-0.0149,0.0,-0.008300701008399835,-0.017737662719748186
2017-03-22,0.0016,0.0,0.003482974926297572,0.012899408305060357
2017-03-23,-0.0003,0.0,-0.0010192713084815476,-0.011831261535858093
2017-03-24,-0.0005,0.0,-0.0013665049358925782,-0.002167479900822806
2017-03-27,-0.0005,0.0,-0.009183314887056362,-0.0030248857845264067
2017-03-28,0.0073,0.0,0.009517030732321151,0.0033977224086025925
2017-03-29,0.0018,0.0,0.001420441489646482,-0.005435455914093048
2017-03-30,0.0036,0.0,0.004627741858573946,0.005698096696327882
2017-03-31,-0.0016,0.0,-0.007926457991953675,0.015022804257774292
2017-04-03,-0.0028000000000000004,0.0,-0.0029162368396002275,-0.004532762028732429
2017-04-04,0.0005,0.0,-0.004085312914839481,-0.007332449924115342
2017-04-05,-0.0044,0.0,0.006555279436822917,0.00898781510775919
2017-04-06,0.0031,0.0,0.0003849143564805847,0.01388825398693748
2017-04-07,-0.0008,0.0,-0.007233220091728717,0.01795855651852363
2017-04-10,0.0008,0.0,0.0015029461364255568,-0.0020122246675780015
2017-04-11,-0.0005,0.0,0.003915188592938088,0.0016585329486393575
2017-04-12,-0.0049,0.0,-0.008685199362872034,-0.006591485891659212
2017-04-13,-0.0075,0.0,-0.0026731841538793185,-0.0085298873958135
2017-04-17,0.0089,0.0,0.003604907010821499,0.007015439160569944
2017-04-18,-0.0025,0.0,-0.0052727293493920364,-0.0342586945436422
2017-04-19,-0.0008,0.0,-0.005427972622578054,-0.0067595050700626136
2017-04-20,0.0083,0.0,0.008869551527492301,0.021796265603415473
2017-04-21,-0.0028000000000000004,0.0,-0.008551203264583633,-0.00611298462466371
2017-04-24,0.0118,0.0,0.010866054515815887,0.005212048232450308
2017-04-25,0.0066,0.0,0.0013637257884876867,0.0024238083157919824
2017-04-26,0.0004,0.0,0.0007872583702905887,0.003975714237219819
2017-04-27,0.0005,0.0,0.004253550827853388,-0.009386054617397804
2017-04-28,-0.003,0.0,-0.011458150370386975,0.00493009922813552
2017-05-01,0.0021,0.0,0.0015642168539306601,0.009960884132356202
2017-05-02,0.0003,0.0,-0.0074354265535122,0.004358661268010034
2017-05-03,-0.0019,0.0,-0.008201316937471177,-0.010147600485051922
2017-05-04,0.0002,0.0,0.001969650886348596,-0.008777545001394934
2017-05-05,0.0046,0.0,0.009816963077934674,-0.003429618829452228
2017-05-08,-0.0004,0.0,0.0012276980139373206,-0.007898493253760373
2017-05-09,-0.0005,0.0,-0.00037199546840181865,-0.004285820687633801
2017-05-10,0.002,0.0,-0.0019263062103562307,0.014206758943918318
2017-05-11,-0.0025,0.0,0.004398631061968491,0.0015243912900153294
2017-05-12,-0.0018,0.0,-0.008083604395915675,-0.01273254495556546
2017-05-15,0.0053,0.0,0.0009756882486072842,0.019619029605056456
2017-05-16,-0.0003,0.0,0.003951708610906269,-0.005050925211249277
2017-05-17,-0.0197,0.0,-0.007575856202767303,-0.029873705624917223
2017-05-18,0.004,0.0,0.0016807930511924208,0.0069118969522762135
2017-05-19,0.006999999999999999,0.0,0.0009710287638809859,0.006121948942678767
2017-05-22,0.005600000000000001,0.0,-0.0005914597765733645,0.01565339321541102
2017-05-23,0.0018,0.0,0.009382680629041068,0.004243358327695304
2017-05-24,0.0024,0.0,-0.0033886310944484807,-0.009636807328159944
2017-05-25,0.0042,0.0,0.0014839814942737937,0.00781348856478039
2017-05-26,0.0006,0.0,0.0027545819116044975,-0.003907698523891214
2017-05-30,-0.0019,0.0,-0.005583987412082773,-0.001700077889371886
2017-05-31,-0.0002,0.0,0.002115088302809355,0.006207441523110079
2017-06-01,0.009399999999999999,0.0,0.012865837284829922,0.006821320939110346
2017-06-02,0.0034999999999999996,0.0,-0.004592447602360034,-0.015235930576987688
2017-06-05,-0.0017000000000000001,0.0,-0.007534259273088973,-0.008570219490624725
2017-06-06,-0.0028000000000000004,0.0,-0.004067904935770916,0.014406055295734476
2017-06-07,0.0015,0.0,-0.0028047701101354635,-0.00541600584008299
2017-06-08,0.0018,0.0,-0.002469747655046905,0.007907650424936727
2017-06-09,-0.0012,0.0,0.008332410257554176,0.0027913048658423723
2017-06-12,-0.0012,0.0,0.0022724172556893678,0.012349822782472826
2017-06-13,0.0055000000000000005,0.0,0.009562015651062857,0.027846665741807483
2017-06-14,-0.0017000000000000001,0.0,-0.004561234829395138,0.0026396085173938863
2017-06-15,-0.003,0.0,0.0023877582437746075,0.0033261597257334373
2017-06-16,-0.0004,0.0,-9.86996651067214e-05,-0.003432301276229122
2017-06-19,0.0086,0.0,0.0023698669810060576,0.007578245648364329
2017-06-20,-0.0073,0.0,-0.007118486606781999,-0.010231866087153731
2017-06-21,-0.0007000000000000001,0.0,-0.0016389410684804055,-0.013620385660398578
2017-06-22,0.0002,0.0,0.0028053519310452073,0.005448330813419156
2017-06-23,0.0024,0.0,-0.0032822186363468822,0.010134153485362847
2017-06-26,0.0004,0.0,0.0010275093219756942,0.011046243562321275
2017-06-27,-0.0085,0.0,-0.007791811261447115,-0.02645262516015412
2017-06-28,0.0101,0.0,0.00598928130338732,-0.007500967077715033
2017-06-29,-0.0083,0.0,-0.005759164730338176,-0.012017503584717742
2017-06-30,0.0014000000000000002,0.0,-0.005847500177780369,0.009302147609385919
2017-07-03,0.0023,0.0,0.005546995941140011,-0.0032697798555227702
2017-07-05,0.0012,0.0,0.0004715980348968281,-0.008491911987958366
2017-07-06,-0.0095,0.0,-0.008712905381358431,-0.009019870877905626
2017-07-07,0.0069,0.0,0.007739995723241507,0.018811110471011906
2017-07-10,0.0005,0.0,0.0010838964235436446,-0.010943919213217766
2017-07-11,0.0,0.0,0.0028728348848925185,-0.0052916976216376204
2017-07-12,0.0072,0.0,0.005929312189407831,0.012717750546880027
2017-07-13,0.0017000000000000001,0.0,0.0007641117207751232,-0.009797045453350648
2017-07-14,0.0042,0.0,-0.004080400188420661,-0.006120194759755472
2017-07-17,0.0,0.0,-0.0006224792617763827,0.00818425999114848
2017-07-18,0.0004,0.0,0.0029176403419401073,-0.01283554526012502
2017-07-19,0.0059,0.0,0.001324124652659635,0.012059524984654608
2017-07-20,-0.0001,0.0,-0.0013391949570582425,-0.005990626920282423
2017-07-21,-0.0008,0.0,0.000377484859172626,-0.002554851562669267
2017-07-24,-0.0003,0.0,-0.004473957962593467,-0.006796161593753759
2017-07-25,0.0038,0.0,0.012529319949514237,0.009761662377092781
2017-07-26,-0.0006,0.0,0.009528427441930231,0.004384814760908644
2017-07-27,-0.0014000000000000002,0.0,-0.005756527340139434,-0.011926265379536751
2017-07-28,-0.0017000000000000001,0.0,-0.003251449983143941,-0.0007559843642445103
2017-07-31,-0.0011,0.0,0.0016172837489804815,0.012641170937297224
2017-08-01,0.0024,0.0,-0.0027432176972105532,-0.01873525917334855
2017-08-02,-0.0008,0.0,0.004987464948873191,0.016661077267911446
2017-08-03,-0.0021,0.0,0.005412082333513153,-0.0027072598200682963
2017-08-04,0.0025,0.0,0.008211530229974989,-0.007850675018223638
2017-08-07,0.0016,0.0,0.008929555417390152,0.012369535250038158
2017-08-08,-0.0023,0.0,-0.004693741061195416,-0.0106239804176602
2017-08-09,-0.0014000000000000002,0.0,-0.00539857546733509,0.004718926061127786
2017-08-10,-0.0149,0.0,-0.0086693439235021,-0.03280375775993783
2017-08-11,0.0019,0.0,0.003991282382522915,0.006544488350081718
2017-08-14,0.0103,0.0,0.011549052282588759,0.006712132347601483
2017-08-15,-0.0011,0.0,0.00031559844668848085,0.013068138628462239
2017-08-16,0.0018,0.0,0.006770080728291869,-0.0010542022424558746
2017-08-17,-0.016,0.0,-0.01023659827464913,-0.022593908043540868
2017-08-18,-0.0015,0.0,0.0009879162397131384,-0.0006265869891933042
2017-08-21,0.0006,0.0,0.004944933955939178,-0.005992221969951286
2017-08-22,0.010700000000000001,0.0,-0.006625789490076135,0.02591361866170256
2017-08-23,-0.0032,0.0,-0.005811775949378702,-0.005556996478336318
2017-08-24,-0.0015,0.0,-0.003920109249971019,0.0027241673603789884
2017-08-25,0.0018,0.0,0.006253292197234398,0.014209084793993645
2017-08-28,0.0008,0.0,0.003262210062236195,-0.006593395506450433
2017-08-29,0.001,0.0,0.00653490603590829,0.0036083972447967048
2017-08-30,0.0053,0.0,0.0019843361805297697,0.001146275824592203
2017-08-31,0.0062,0.0,0.001647797064122507,0.011037380737188527
2017-09-01,0.0028000000000000004,0.0,0.0015463712817880152,-9.387453362708293e-05
2017-09-05,-0.008,0.0,-0.0005451038085553779,-0.011384559086787038
2017-09-06,0.0028000000000000004,0.0,0.004573586619659606,0.019488980940854037
2017-09-07,-0.0007000000000000001,0.0,-0.0034907764449077948,-0.005457193996448397
2017-09-08,-0.0017000000000000001,0.0,-0.0031236642260369547,-0.004412383056228734
2017-09-11,0.010700000000000001,0.0,0.010400250135936618,0.017203586646262762
2017-09-12,0.0042,0.0,0.0037215812650999275,0.008412524264263614
2017-09-13,0.001,0.0,-0.011569100223531154,0.005568391831127416
2017-09-14,-0.0013,0.0,0.0002770670070654758,-0.001805896572818198
2017-09-15,0.0019,0.0,-0.0018319455226918505,-0.006677243877359543
2017-09-18,0.0024,0.0,0.007400509863083773,0.01627900657667853
2017-09-19,0.0015,0.0,0.006733395555900135,0.011851468008689846
2017-09-20,0.0015,0.0,0.005204482471938922,0.011866898002909318
2017-09-21,-0.0028000000000000004,0.0,-0.009745811300269054,0.0014532514138368884
2017-09-22,0.0013,0.0,-0.0027843350140315634,0.008991958722416808
2017-09-25,-0.0026,0.0,-0.00044941704432702916,-0.0035385108671569347
2017-09-26,0.0006,0.0,-0.007141903557247669,0.00767212901944405
2017-09-27,0.0063,0.0,0.002478238501263937,0.017604878715081013
2017-09-28,0.0013,0.0,0.00016093000613704573,0.009218572519572027
2017-09-29,0.0034999999999999996,0.0,0.002487929763697958,0.0017521421370960424
2017-10-02,0.005,0.0,0.0024857650812925673,0.0029287787846051724
2017-10-03,0.0026,0.0,-0.0026184316998045776,0.006499010233443875
2017-10-04,0.0005,0.0,-0.002922474358636761,-0.01175922905840837
2017-10-05,0.0055000000000000005,0.0,0.007141744005702145,-0.01097697409566567
2017-10-06,-0.0008,0.0,0.004981123315653993,0.01392116583589509
2017-10-09,-0.0023,0.0,-0.003835987385037373,-0.0026932798730832054
2017-10-10,0.0024,0.0,-0.0005838400328226807,0.0016195184340310922
2017-10-11,0.0016,0.0,0.009388137381237333,0.008775115872952887
2017-10-12,-0.0018,0.0,0.008164608988238061,-0.020123107738538128
2017-10-13,0.0004,0.0,-0.0005867362071724516,0.00496604089352462
2017-10-16,0.0017000000000000001,0.0,-0.002339033380473447,-0.0007193088815956564
2017-10-17,0.0001,0.0,0.007110192679571766,0.009319359400981537
2017-10-18,0.0014000000000000002,0.0,-0.0008382844907840485,0.018583454732400785
2017-10-19,0.0002,0.0,-0.012950519090617684,0.010093235010269284
2017-10-20,0.005699999999999999,0.0,0.0030967355329125524,0.007089048243039616
2017-10-23,-0.0045000000000000005,0.0,-0.008599616457573641,-0.0037009393971904475
2017-10-24,0.002,0.0,0.003501568344354367,0.003282714171049176
2017-10-25,-0.005,0.0,0.003840682221818596,-0.006751828849884597
2017-10-26,0.002,0.0,-0.0031489040744081156,0.011893205651281397
2017-10-27,0.008199999999999999,0.0,0.0014086986430555987,0.016549323230896733
2017-10-30,-0.0046,0.0,-0.005084778303457684,-0.008820588634571
2017-10-31,0.0023,0.0,-0.004467632387186804,0.024284769141442866
2017-11-01,0.0005,0.0,-0.004771020090556537,0.0013691634935502615
2017-11-02,0.0006,0.0,0.000823017704197294,-0.008583473567619586
2017-11-03,0.003,0.0,0.011501109155689566,0.004763537347725173
2017-11-06,0.0006,0.0,0.0006713802685044322,-0.0074878764551541644
2017-11-07,-0.002,0.0,-0.0037043775969049122,-0.02038544085222225
2017-11-08,0.0012,0.0,-0.0028309743516988974,-0.012203232264284061
2017-11-09,-0.0040999999999999995,0.0,-0.007590828481561493,-0.02123212923924999
2017-11-10,0.0001,0.0,0.0007146602836837308,-0.0012439067444742732
2017-11-13,0.0009,0.0,-0.004453013072639297,-0.01662021105960739
2017-11-14,-0.0022,0.0,0.0003371902302688977,-0.007637553950086234
2017-11-15,-0.0052,0.0,-0.0012417491480842138,-0.0234223681630586
2017-11-16,0.0101,0.0,0.009620592338065089,0.01728939525364454
2017-11-17,-0.0014000000000000002,0.0,-0.0054695500232186415,-0.009702436249006026
2017-11-20,0.0021,0.0,0.0019679327889452077,0.007630923958734637
2017-11-21,0.0067,0.0,-0.0007074952676011407,0.022218371255171315
2017-11-22,-0.0005,0.0,0.0022477271625160355,0.0061468007338336995
2017-11-24,0.0021,0.0,0.0008180031997896878,-0.0027805051424184503
2017-11-27,-0.0006,0.0,-0.004360406185681936,0.0023870824580898157
2017-11-28,0.0106,0.0,0.0008696421695748441,0.0022205562649948597
2017-11-29,0.0002,0.0,0.0012906532760709882,-0.016946303048804148
2017-11-30,0.008199999999999999,0.0,-0.001260742731737586,0.013955171155449114
2017-12-01,-0.0022,0.0,-0.002599137982918379,-0.0176617069967957
2017-12-04,-0.0011,0.0,0.0013975066508950932,-0.0016126241577568675
2017-12-05,-0.0042,0.0,-0.004904130411177525,-0.000497772424012566
2017-12-06,-0.0009,0.0,0.004434301902178891,0.015836773536616847
2017-12-07,0.0042,0.0,0.001575331602736161,0.016445512903724143
2017-12-08,0.0051,0.0,0.0054507099092216535,0.02335922311832529
2017-12-11,0.0027,0.0,0.0018540771058187537,-0.007842470597966444
2017-12-12,0.0007000000000000001,0.0,-0.010856928479760847,0.005430154273083229
2017-12-13,0.0002,0.0,-0.0010861425876749148,-0.01246716553690914
2017-12-14,-0.004699999999999999,0.0,-0.002245520390002583,-0.006129988149622975
2017-12-15,0.0092,0.0,0.011727615355473153,0.008228951721737016
2017-12-18,0.0066,0.0,0.0013217037265964597,0.023946731480925514
2017-12-19,-0.003,0.0,0.003066966378965685,0.00182537087456759
2017-12-20,0.0001,0.0,0.0019258428165958106,-0.011685597665850657
2017-12-21,0.0024,0.0,0.004195356548395474,0.02447084895532118
2017-12-22,-0.0007000000000000001,0.0,-0.0032742782393226475,-0.0085189104553596
2017-12-26,-0.0007000000000000001,0.0,0.00328121202696155,-0.02202503886475098
2017-12-27,0.0005,0.0,0.007040757254085974,-0.007844180923610491
2017-12-28,0.0022,0.0,0.0012037667273686794,-0.00133606110744463
2017-12-29,-0.005699999999999999,0.0,-0.009885239171343043,-0.014651499484340115
2018-01-02,0.0085,0.0001,0.007137899848250052,0.025191621463683637
2018-01-03,0.0059,0.0001,0.0043675390017268705,-0.0026632107685509716
2018-01-04,0.0042,0.0001,0.0017073446539558955,-0.0016361963517390647
2018-01-05,0.0066,0.0001,-0.004928276823324668,0.01237245947075929
2018-01-08,0.0019,0.0001,-0.0010687493252696833,0.0013978165761626353
2018-01-09,0.0015,0.0001,-0.006157341015079846,0.00241092574998411
2018-01-10,-0.0007000000000000001,0.0001,0.0038478310251318015,-0.002967896972034864
2018-01-11,0.0086,0.0001,0.012059227410982977,-0.0038267395966107127
2018-01-12,0.0066,0.0001,0.015794543968650418,0.0159739089796898
2018-01-16,-0.0049,0.0001,0.002968822430801983,-0.009541758389973466
2018-01-17,0.0095,0.0001,0.008228977919704825,-0.005079856578625503
2018-01-18,-0.0018,0.0001,-0.0026464558906656842,-0.008283170535411891
2018-01-19,0.005699999999999999,0.0001,0.006772868914175944,-0.006559316823400658
2018-01-22,0.0077,0.0001,0.008734007147036713,0.011124966480879284
2018-01-23,0.0022,0.0001,-0.005009112091660843,0.009359658742771858
2018-01-24,-0.0013,0.0001,0.01212635542120062,0.007189678058285984
2018-01-25,0.0007000000000000001,0.0001,-0.0027355632265498365,0.01289967037701629
2018-01-26,0.0111,0.0001,0.0009092703604491766,0.02049095726933964
2018-01-29,-0.0062,0.0001,-0.0006657563150578121,-0.0018610082824332436
2018-01-30,-0.0106,0.0001,-0.004916987785014091,-0.005651015535549084
2018-01-31,-0.0007000000000000001,0.0001,-0.0013405055449639287,0.0013056863272331292
2018-02-01,0.0003,0.0001,0.006182810661738376,0.006102577339067169
2018-02-02,-0.0213,0.0001,-0.01686317490610663,-0.03126037830413381
2018-02-05,-0.0403,0.0001,-0.02899128851805895,-0.05401969303044713
2018-02-06,0.0167,0.0001,0.009556763537307195,0.029860742911434528
2018-02-07,-0.0038,0.0001,0.011850273551831367,0.0011199405937054958
2018-02-08,-0.036699999999999997,0.0001,-0.02783796765802535,-0.052890192132778346
2018-02-09,0.0137,0.0001,0.003985834103376494,0.018308049925773732
2018-02-12,0.013600000000000001,0.0001,0.00756593731957897,0.021272020794088586
2018-02-13,0.0031,0.0001,0.0005328006743691919,0.00827719818857528
2018-02-14,0.0152,0.0001,0.01634772004919364,0.016321948275789897
2018-02-15,0.012199999999999999,0.0001,0.005881364183680903,0.001993327616494026
2018-02-16,0.0003,0.0001,0.0001724306738657206,-0.00035920118372746073
2018-02-20,-0.0062,0.0001,0.005518176077378369,-0.006003677857612731
2018-02-21,-0.0044,0.0001,0.006169610804090407,-0.002505772528412663
2018-02-22,0.0001,0.0001,0.004999389932946551,-0.013670989965010335
2018-02-23,0.0154,0.0001,0.02046967935102301,0.010908735445802686
2018-02-26,0.011200000000000002,0.0001,0.010175767832660967,0.018445179945802623
2018-02-27,-0.0125,0.0001,-0.004109235827629037,-0.02007089640397858
2018-02-28,-0.0111,0.0001,-0.0077539909819971655,-0.015447129745729675
2018-03-01,-0.011899999999999999,0.0001,-0.00843344289210102,-0.013147402759091273
2018-03-02,0.006999999999999999,0.0001,0.006709401334311614,0.007097415246070289
2018-03-05,0.010700000000000001,0.0001,0.01054460670513137,0.02056250925965523
2018-03-06,0.0036,0.0001,0.010468678128230723,0.0014917149361081165
2018-03-07,0.0005,0.0001,-0.009466309098106014,-0.0030500842844907853
2018-03-08,0.0037,0.0001,-0.0029616337724286596,-0.012163591691639726
2018-03-09,0.0171,0.0001,0.007185472778398012,0.01607094357348739
2018-03-12,-0.0009,0.0001,0.0007095582285268294,0.0026318769748555015
2018-03-13,-0.0067,0.0001,-0.006104440335254349,-0.004208317689496691
2018-03-14,-0.0053,0.0001,-0.0020152045825871786,-0.004447807977088626
2018-03-15,-0.0017000000000000001,0.0001,-0.0020044427418085776,0.00845428070563322
2018-03-16,0.0025,0.0001,0.011537030996420611,-0.01097397172171166
2018-03-19,-0.0137,0.0001,-0.007186718258619935,-0.02620808244697845
2018-03-20,0.0014000000000000002,0.0001,0.005871710299706166,0.006287138386635085
2018-03-21,-0.0007000000000000001,0.0001,-0.0034894758974914532,0.002200614162924595
2018-03-22,-0.0254,0.0001,-0.019783420974674285,-0.03686623105504662
2018-03-23,-0.021,0.0001,-0.011060534863735443,-0.029513042113774035
2018-03-26,0.026699999999999998,0.0001,0.015189685157954175,0.04442437746769589
2018-03-27,-0.0187,0.0001,-0.011126532513119897,-0.01315524823885896
2018-03-28,-0.0034999999999999996,0.0001,0.002027089472436676,-0.00027732907071827156
2018-03-29,0.0141,0.0001,0.0033147841992023403,0.02175626242553768
2018-04-02,-0.023,0.0001,-0.020381823033989516,-0.03950943108410994
2018-04-03,0.0125,0.0001,-6.292319327825769e-05,0.00590493678781038
2018-04-04,0.011699999999999999,0.0001,0.009239543701156845,0.02721624947806562
2018-04-05,0.0075,0.0001,0.005931653868286865,0.011084156974271977
2018-04-06,-0.0219,0.0001,-0.0072232869855809205,-0.032158681483405636
2018-04-09,0.003,0.0001,-0.003192087662334781,0.004764200815525538
2018-04-10,0.0177,0.0001,0.006292084538878352,0.018590397808728235
2018-04-11,-0.0049,0.0001,0.0003144127760252321,-0.006726407468537468
2018-04-12,0.0084,0.0001,0.00010356041869019851,0.007568995779629675
2018-04-13,-0.0037,0.0001,-0.006865719751728549,-0.012161675577652981
2018-04-16,0.008199999999999999,0.0001,0.009622868532413266,0.007629515414429962
2018-04-17,0.0109,0.0001,0.00944906415673434,0.005534934591345392
2018-04-18,0.0013,0.0001,0.0009699350991461807,-0.00471673383842917
2018-04-19,-0.0049,0.0001,0.005267044175330468,0.0071588447407710705
2018-04-20,-0.008100000000000001,0.0001,-0.006668971568578029,-0.00905657108714472
2018-04-23,-0.0005,0.0001,-0.008812812135962994,0.012540030276089017
2018-04-24,-0.013000000000000001,0.0001,-0.009293628313421736,-0.016034017180610205
2018-04-25,0.0011,0.0001,0.0032968991539493505,-0.0010691860577974235
2018-04-26,0.0095,0.0001,0.0030268151945523156,0.021676631581523814
2018-04-27,0.0001,0.0001,0.007399775389216919,0.00684162271138115
2018-04-30,-0.008100000000000001,0.0001,-0.0025084538051988133,-0.018334979905226596
2018-05-01,0.0025,0.0001,0.005951059390796128,-0.006706634315157628
2018-05-02,-0.0062,0.0001,-0.00799515430118575,-0.007106177483019697
2018-05-03,-0.0025,0.0001,-0.0032587901988896805,-0.01390776680786884
2018-05-04,0.013000000000000001,0.0001,0.006978164394190269,0.009146145929062396
2018-05-07,0.0040999999999999995,0.0001,0.007913328896433723,0.01874480676633104
2018-05-08,0.0007000000000000001,0.0001,-0.00019333992130441535,-0.0011905316509010176
2018-05-09,0.009000000000000001,0.0001,0.008769576639052167,0.0015402080559215783
2018-05-10,0.0085,0.0001,0.004900779363725052,0.009613322967731843
2018-05-11,0.0019,0.0001,-0.005455518628976509,-6.69686931915354e-05
2018-05-14,0.0005,0.0001,-0.0007765121528594903,-0.005573981960945668
2018-05-15,-0.0055000000000000005,0.0001,-0.0038841972187087476,-0.006615930160217853
2018-05-16,0.005,0.0001,-0.0011190485958932894,-0.0019925150222555566
2018-05-17,0.0001,0.0001,-0.0009687670393065775,-0.006301682295924554
2018-05-18,-0.0023,0.0001,-0.0085051697334847,-0.003890688212258172
2018-05-21,0.0072,0.0001,0.004208603916464666,0.011126945807763224
2018-05-22,-0.0042,0.0001,-0.0021500158495685313,-0.0044959266565037384
2018-05-23,0.0029,0.0001,0.003629646763170713,-0.01172308431068865
2018-05-24,-0.0016,0.0001,-0.001695643688031262,-0.016831431500118108
2018-05-25,-0.0022,0.0001,-0.00863893683122647,-0.005713674196002254
2018-05-29,-0.0103,0.0001,-0.006735366952506824,-0.008349805549545572
2018-05-30,0.0131,0.0001,0.01067203364246917,0.0014072733879294328
2018-05-31,-0.006999999999999999,0.0001,-0.0020685469771921498,-0.016561392760878875
2018-06-01,0.0106,0.0001,0.011681912029363016,0.019477838456625252
2018-06-04,0.0048,0.0001,0.008323753072035612,0.00845734587861111
2018-06-05,0.0016,0.0001,-0.0027350769763669304,0.0039921894211163555
2018-06-06,0.0086,0.0001,-7.538640052288847e-06,0.013746548833268049
2018-06-07,-0.0014000000000000002,0.0001,-0.003486891388712662,-0.014698704719002309
2018-06-08,0.0031,0.0001,0.0005721702143163538,0.021265171718195655
2018-06-11,0.0012,0.0001,0.007685562916350779,0.01961086028600871
2018-06-12,0.0023,0.0001,-0.005453106647213065,0.0014730106693211823
2018-06-13,-0.0033,0.0001,-0.005342028308177721,-0.012326180219894609
2018-06-14,0.0028000000000000004,0.0001,0.004242015235737434,0.006752874261520478
2018-06-15,-0.0007000000000000001,0.0001,-0.009181312713967268,-0.0007899716669378926
2018-06-18,-0.0009,0.0001,-0.004311009153173741,0.006490805820429337
2018-06-19,-0.0038,0.0001,0.0046730748373578915,-0.0015163239140679413
2018-06-20,0.0023,0.0001,-0.002653730513954173,0.009766833242167903
2018-06-21,-0.0073,0.0001,-0.0045486751745537355,-0.009588126390724714
2018-06-22,0.0011,0.0001,-0.0005931904502445832,-0.017162307099901745
2018-06-25,-0.0148,0.0001,-0.004523242557640786,-0.01939321047167531
2018-06-26,0.0027,0.0001,0.005884490361553086,-0.004729501853013006
2018-06-27,-0.0102,0.0001,-0.006306375604221611,-0.00872964044384724
2018-06-28,0.0058,0.0001,0.01767324490094916,0.007000459876031023
2018-06-29,0.0006,0.0001,-0.000817603298648337,0.015568740805849421
2018-07-02,0.0036,0.0001,-0.0003534919793369452,0.015583846108302183
2018-07-03,-0.0044,0.0001,-0.009756761747818905,-0.016205474894669857
2018-07-05,0.0087,0.0001,0.018060447929892347,0.0009658188092611503
2018-07-06,0.0088,0.0001,0.013068198413686455,0.013371397475266432
2018-07-09,0.009300000000000001,0.0001,0.002154952709241459,0.0052115100705268785
2018-07-10,0.0021,0.0001,-0.0004533693041388822,0.0061934131246660995
2018-07-11,-0.006999999999999999,0.0001,-0.008921535461242072,-0.0012973112242405948
2018-07-12,0.0085,0.0001,-0.0035359429595991578,0.006666383971906558
2018-07-13,0.0008,0.0001,0.013573514144906967,0.012305370192192338
2018-07-16,-0.0016,0.0001,0.0038890564946552314,0.01574737358176732
2018-07-17,0.0048,0.0001,0.011458835114995753,0.006962480937429195
2018-07-18,0.0026,0.0001,0.00248878628538745,-0.0006308410600665423
2018-07-19,-0.0034000000000000002,0.0001,-0.0005086524870761009,-0.01027441237539906
2018-07-20,-0.001,0.0001,-0.003076140149199836,0.0017646633006537162
2018-07-23,0.0016,0.0001,0.0026998747501338943,-0.009145380174263137
2018-07-24,0.0022,0.0001,0.004771832505648028,-0.0011067756628997934
2018-07-25,0.0083,0.0001,0.012528413069212593,0.023878777332984342
2018-07-26,-0.0021,0.0001,0.00449549719910547,0.013533074124495972
2018-07-27,-0.008199999999999999,0.0001,-0.009772631813309292,-0.010994064920005266
2018-07-30,-0.006999999999999999,0.0001,0.004504098552208847,0.008231256366108785
2018-07-31,0.0051,0.0001,0.003239653697918539,0.0033214773021200995
2018-08-01,-0.0013,0.0001,-0.0005802938575612057,-0.001630110289637203
2018-08-02,0.0067,0.0001,5.7811306559046614e-05,0.0209332656198621
2018-08-03,0.0031,0.0001,0.008416027966708995,-0.0006493685533912558
2018-08-06,0.0046,0.0001,0.00483799788405579,0.01399111391445236
2018-08-07,0.0029,0.0001,-0.0023550976321630892,0.005600369467029348
2018-08-08,-0.0004,0.0001,0.004220367970035935,0.01672018089126436
2018-08-09,-0.0005,0.0001,-0.0062587073340258535,0.014895999410785694
2018-08-10,-0.006,0.0001,-0.0006608994427242116,-0.016629553256151532
2018-08-13,-0.0046,0.0001,-0.007977293018532321,-0.014040304392305924
2018-08-14,0.0069,0.0001,0.001962592582047912,-0.005946400264716606
2018-08-15,-0.0091,0.0001,-0.01313886782032501,-0.01273789458875069
2018-08-16,0.0086,0.0001,0.003968784497737027,0.0069684291699819
2018-08-17,0.003,0.0001,0.006901361320742273,-0.005910193205818643
2018-08-20,0.0025,0.0001,-0.0004548414588307628,0.006685699132590606
2018-08-21,0.0033,0.0001,-1.695718124333327e-05,4.012548887882021e-05
2018-08-22,0.0005,0.0001,0.005879556574989676,-0.011093320443125493
2018-08-23,-0.0019,0.0001,0.0033625600847014673,-0.012761533926961995
2018-08-24,0.0062,0.0001,0.005665774093962894,-0.011309285319472534
2018-08-27,0.0074,0.0001,0.001285737744410875,0.012929485797605722
2018-08-28,-0.0001,0.0001,-0.006814239060068517,-0.004808233891040143
2018-08-29,0.005600000000000001,0.0001,0.005964003061822216,-0.021446177330954462
2018-08-30,-0.0040999999999999995,0.0001,-0.0003847654361708727,-0.0004697834027737839
2018-08-31,0.0008,0.0001,0.002202271744672422,0.002089428093906302
2018-09-04,-0.0011,0.0001,-0.004053083857011482,-0.0046743341332812
2018-09-05,-0.0040999999999999995,0.0001,0.0037173708880502577,-0.02061413280186369
2018-09-06,-0.0044,0.0001,-0.004015636570508365,0.0028251134941227603
2018-09-07,-0.0018,0.0001,-0.001013126173187789,0.003593261457914994
2018-09-10,0.0023,0.0001,-0.00444558187197598,0.004719717931972147
2018-09-11,0.0037,0.0001,0.006382671177833295,0.012127432330078607
2018-09-12,0.0003,0.0001,0.0008162746636154286,-0.008912881133662552
2018-09-13,0.0045000000000000005,0.0001,0.006002928977680897,-0.0007002345224362881
2018-09-14,0.0012,0.0001,-0.00056073096434363,-0.0026028859707531013
2018-09-17,-0.0072,0.0001,-0.008749918534444939,0.0008446024714103626
2018-09-18,0.005699999999999999,0.0001,0.0046604511740601885,-0.012726014831894769
2018-09-19,0.0005,0.0001,-0.002813719830865121,0.0005217438963922364
2018-09-20,0.0077,0.0001,-0.0007914708690990194,-0.0028343830447531654
2018-09-21,-0.0013,0.0001,0.0009945634185866688,-0.011926465107496979
2018-09-24,-0.0031,0.0001,-0.002127345395395406,-0.0026368349728259272
2018-09-25,-0.0005,0.0001,2.8902917750259674e-05,-0.0061143557719846794
2018-09-26,-0.004,0.0001,-0.01110736653302611,-0.008686216362031846
2018-09-27,0.0027,0.0001,0.0056361476710875815,0.01006495368207337
2018-09-28,-0.0003,0.0001,-0.001401898164093151,-0.0011399225772238174
2018-10-01,0.0016,0.0001,0.001718636450900478,0.0031148547088057643
2018-10-02,-0.0021,0.0001,-0.003277497438481078,-0.0034622429005345323
2018-10-03,0.002,0.0001,0.005593283101374659,0.011112782339703347
2018-10-04,-0.009300000000000001,0.0001,-0.00709568446164265,-0.014908819569882882
2018-10-05,-0.0064,0.0001,-3.866320035084856e-05,-0.036928278375812175
2018-10-08,-0.0018,0.0001,-0.005917860598827937,0.0025420196891700023
2018-10-09,-0.0018,0.0001,-0.0006945372082268367,-0.0031601372551600545
2018-10-10,-0.0333,0.0001,-0.024706981663849412,-0.052737521262346015
2018-10-11,-0.0196,0.0001,-0.011303270989666174,-0.026255530414037487
2018-10-12,0.0139,0.0001,0.012050591954216178,0.01914593331253279
2018-10-15,-0.0048,0.0001,-0.009440490771424758,-0.011906140707057283
2018-10-16,0.0225,0.0001,0.014589318523657191,0.029319517303143153
2018-10-17,-0.0009,0.0001,0.005688351923532489,-0.009903064723283577
2018-10-18,-0.0154,0.0001,-0.008101542823299774,-0.03344889968908906
2018-10-19,-0.0024,0.0001,-0.0007278640373984406,-0.00505144934444015
2018-10-22,-0.0038,0.0001,0.00038261298608198625,-0.005582653403272375
2018-10-23,-0.0062,0.0001,-0.005213501408270747,-0.014010166985034472
2018-10-24,-0.0333,0.0001,-0.020136741893748516,-0.04555124980554848
2018-10-25,0.019299999999999998,0.0001,0.009002736214853587,0.019611211380249783
2018-10-26,-0.0165,0.0001,-0.0021837461515473466,-0.02218701149432854
2018-10-29,-0.0076,0.0001,0.0012193218122325568,-0.0223699857497856
2018-10-30,0.0166,0.0001,0.02072626162098,0.02812825840729781
2018-10-31,0.0121,0.0001,0.006166678541225081,0.01672179612269241
2018-11-01,0.0129,0.0001,0.00964791623310094,0.01099774469420793
2018-11-02,-0.0053,0.0001,0.002046189547493122,-0.005955103663487972
2018-11-05,0.004,0.0001,-0.003419419748010841,0.021259360813519392
2018-11-06,0.005699999999999999,0.0001,-0.002460598136688012,-0.008777938225132342
2018-11-07,0.0212,0.0001,0.0172700487437016,0.04119321226382698
2018-11-08,-0.0028000000000000004,0.0001,-0.007371305569648855,-0.002639313401495294
2018-11-09,-0.0104,0.0001,-0.006479370109843111,0.0025260359768414027
2018-11-12,-0.0206,0.0001,-0.009532906072878655,-0.042142708692862754
2018-11-13,-0.0013,0.0001,-0.006837892519852549,-0.002038603558900031
2018-11-14,-0.0078000000000000005,0.0001,0.005490554069506905,-0.019944616794669145
2018-11-15,0.0118,0.0001,0.003566265544543449,0.006538341497788209
2018-11-16,0.0015,0.0001,0.003604581780457716,0.02566548658712852
2018-11-19,-0.018799999999999997,0.0001,-0.01486775164257423,-0.04107255856433911
2018-11-20,-0.018500000000000003,0.0001,-0.011638426060209761,-0.03751495229806287
2018-11-21,0.0051,0.0001,0.005842501440132582,0.013343873531645074
2018-11-23,-0.0055000000000000005,0.0001,-0.0005268259046901059,-0.008636644539191449
2018-11-26,0.016200000000000003,0.0001,0.011109548040765723,0.020972010232088886
2018-11-27,0.0011,0.0001,0.0020627339680737325,-0.01401699102430706
2018-11-28,0.0242,0.0001,0.015253151045623737,0.018498574781643268
2018-11-29,-0.0022,0.0001,-0.0016032285817548706,-0.015287065709963441
2018-11-30,0.0079,0.0001,0.01007003347443829,0.015288236036717116
2018-12-03,0.0113,0.0001,0.0015346156273478744,0.012486491619554504
2018-12-04,-0.0346,0.0001,-0.025439892404585492,-0.039507460568914854
2018-12-06,-0.0016,0.0001,-0.002353772003666903,-0.0009307746114635587
2018-12-07,-0.0236,0.0001,-0.013922933001037193,-0.03434957995797679
2018-12-10,0.001,0.0001,-0.002199678407516658,0.00418068633493007
2018-12-11,-0.0008,0.0001,-0.00045787484693621147,0.002273039016734628
2018-12-12,0.0068000000000000005,0.0001,-0.0038612834498265723,-0.003352293576761252
2018-12-13,-0.0026,0.0001,-0.001815266486924677,0.00016088819668471347
2018-12-14,-0.0189,0.0001,-0.013743113097565547,-0.01517321386127665
2018-12-17,-0.0213,0.0001,-0.011903698844378308,-0.03802753575174971
2018-12-18,-0.0003,0.0001,0.000985030709586181,0.003251420595276771
2018-12-19,-0.0158,0.0001,-0.011686246671549327,-0.02903424797016063
2018-12-20,-0.016200000000000003,0.0001,-0.0013373479238020542,-0.023618767591506353
2018-12-21,-0.0216,0.0001,-0.012788713328697795,-0.038103097598741566
2018-12-24,-0.0255,0.0001,-0.01951448395232443,-0.055039131440907406
2018-12-26,0.0507,0.0001,0.02090962642557329,0.05672937526321001
2018-12-27,0.0078000000000000005,0.0001,0.013795095551012923,0.014924552072018902
2018-12-28,-0.0003,0.0001,-0.00476658260401036,0.0029318169480150803
2018-12-31,0.009000000000000001,0.0001,0.015407470414656906,0.01751534672770403
2019-01-02,0.0022,0.0001,0.009187313075627587,0.008033358781357166
2019-01-03,-0.0245,0.0001,-0.016074782272948302,-0.025148596736169072
2019-01-04,0.0355,0.0001,0.021534230499955676,0.05645151278610657
2019-01-07,0.009399999999999999,0.0001,0.006988779723066191,-0.0016694516312447023
2019-01-08,0.0101,0.0001,0.003336263606860498,0.02977390806285763
2019-01-09,0.0052,0.0001,0.00676591442446988,-0.0025206856172114074
2019-01-10,0.004,0.0001,0.006488584357545145,0.015381270764036923
2019-01-11,0.0,0.0001,-0.002647829893283055,0.00876163534084328
2019-01-14,-0.006,0.0001,-0.013241090620789715,-0.00037181549916463194
2019-01-15,0.0105,0.0001,0.008001993912186464,0.01849157037224746
2019-01-16,0.0028000000000000004,0.0001,0.0012718590644076452,-0.006117307106775839
2019-01-17,0.0078000000000000005,0.0001,0.006954084045285714,0.006879804921847332
2019-01-18,0.013000000000000001,0.0001,0.004548546512828319,0.014638765323064249
2019-01-22,-0.0152,0.0001,-0.005789926819283295,-0.00753713836571289
2019-01-23,0.0016,0.0001,0.014551588280370602,0.007615001291351738
2019-01-24,0.0023,0.0001,0.0032260033583765206,0.006983189129276651
2019-01-25,0.009000000000000001,0.0001,-0.004280654834024889,0.012813218431001243
2019-01-28,-0.008,0.0001,0.004529475310484309,-0.01275548938929267
2019-01-29,-0.0019,0.0001,-0.0058483902672990945,0.011143240071142226
2019-01-30,0.0151,0.0001,0.00877909583133963,0.007152110324829485
2019-01-31,0.0091,0.0001,0.005061440701750171,0.028325941404532474
2019-02-01,0.0013,0.0001,0.008512958722020986,-0.0010732917411266985
2019-02-04,0.0073,0.0001,0.001770424313308951,0.007422205110643922
2019-02-05,0.0043,0.0001,-0.0038467446498972042,-0.005361995215390602
2019-02-06,-0.0021,0.0001,-0.007152681488247455,0.002224539456649663
2019-02-07,-0.009300000000000001,0.0001,-0.004313601100064188,0.00027471469754582954
2019-02-08,0.001,0.0001,-0.0039972519460621395,0.0239511195568098
2019-02-11,0.0014000000000000002,0.0001,-0.0007684674503550986,-0.009505755807568322
2019-02-12,0.013600000000000001,0.0001,0.012151583217397184,0.018720004870702425
2019-02-13,0.0028000000000000004,0.0001,0.0005323006736856907,0.003569378339326507
2019-02-14,-0.002,0.0001,-0.008351245469259784,0.00033846014200306925
2019-02-15,0.0113,0.0001,0.005402345682632853,0.009767332645242058
2019-02-19,0.0019,0.0001,0.0075440667129394335,-0.002118005222019531
2019-02-20,0.0019,0.0001,0.0023606550705755213,0.014088753786124068
2019-02-21,-0.0037,0.0001,-0.0005732810786765452,-0.004412415337317714
2019-02-22,0.006500000000000001,0.0001,-0.0009903336177657463,0.012221138820768664
2019-02-25,0.0015,0.0001,0.002883364083861806,0.012805107146666416
2019-02-26,-0.0016,0.0001,-0.0027279929999470694,-0.017437340203952337
2019-02-27,0.001,0.0001,0.0007110086229603634,0.0014542442296269044
2019-02-28,-0.0031,0.0001,-0.006820924569840637,-0.00910431567631035
2019-03-01,0.0072,0.0001,-4.712815966872051e-06,0.009542187967887143
2019-03-04,-0.0052,0.0001,-0.00424377257348061,-0.02038996499104989
2019-03-05,-0.0017000000000000001,0.0001,0.00167303293461615,-0.005488137572750664
2019-03-06,-0.0084,0.0001,-0.0012545288318096045,-0.016363236548410556
2019-03-07,-0.008199999999999999,0.0001,-0.005208076888026219,-0.016276257328088673
2019-03-08,-0.0022,0.0001,-0.0010500485950208313,-0.0022678611021126763
2019-03-11,0.0149,0.0001,0.00858391639750931,0.024314995196581177
2019-03-12,0.0025,0.0001,-0.001250239050423474,0.015137152417399534
2019-03-13,0.0067,0.0001,-0.000588574374794082,0.01954872084685434
2019-03-14,-0.001,0.0001,0.0008954916031087203,0.0057286194444609185
2019-03-15,0.0048,0.0001,0.004862047666309031,-0.006248108399593456
2019-03-18,0.0046,0.0001,-0.001926718788021231,0.007961170939276709
2019-03-19,-0.0009,0.0001,0.011250606694803078,-0.0009599761207133592
2019-03-20,-0.0037,0.0001,-0.004031873409087369,0.0021417206039091373
2019-03-21,0.011000000000000001,0.0001,0.00902455317267175,0.0090127250977677
2019-03-22,-0.0217,0.0001,-0.014006812493477615,-0.02664718230031193
2019-03-25,-0.0005,0.0001,-0.003881139198721646,0.016878685049840213
2019-03-26,0.0076,0.0001,0.015225776303949095,0.02392298318852559
2019-03-27,-0.005,0.0001,-0.007569840740422276,-0.01265773170101786
2019-03-28,0.004,0.0001,0.004063878942379879,0.008102258825643392
2019-03-29,0.0066,0.0001,0.01178068252662589,0.0027777492982153985
2019-04-01,0.011899999999999999,0.0001,0.010547075700323214,0.040691270022614676
2019-04-02,-0.0005,0.0001,-0.0061688117858809625,-0.0048260009422344706
2019-04-03,0.0027,0.0001,0.007716727094678592,-0.004049011953455576
2019-04-04,0.0019,0.0001,0.005591778239314319,0.011797486274049862
2019-04-05,0.0053,0.0001,0.0039003327653659163,0.011019569182776918
2019-04-08,0.0008,0.0001,0.0013338117886880624,0.023072904660408438
2019-04-09,-0.006500000000000001,0.0001,-0.0006619854958044762,-0.018252730001058284
2019-04-10,0.0048,0.0001,0.0030264561720651216,0.004491543888340455
2019-04-11,0.0,0.0001,-0.008268834331647535,0.0055340983544734075
2019-04-12,0.0064,0.0001,-0.0022299231225143645,0.0019128220526030118
2019-04-15,-0.0009,0.0001,-0.0025770038271974824,-0.005239491460327718
2019-04-16,0.0013,0.0001,-0.004388976454935518,-0.009523455527489028
2019-04-17,-0.0032,0.0001,0.006953024531984479,-0.00455201776691852
2019-04-18,0.0011,0.0001,-3.998533219438606e-05,-0.006126043446606788
2019-04-22,0.0011,0.0001,0.0001599285343613504,0.0012866074824908838
2019-04-23,0.0097,0.0001,-0.003354824618116385,0.019415854289344444
2019-04-24,-0.0022,0.0001,-0.004261904130983056,0.008684846889910967
2019-04-25,-0.0014000000000000002,0.0001,0.003798898768372434,-0.004786281114241946
2019-04-26,0.0053,0.0001,0.003844745594997596,0.005626829844594581
2019-04-29,0.0018,0.0001,0.0009094444151024412,0.01710311815704436
2019-04-30,-0.0004,0.0001,-0.0016380359092703566,-0.02195476485414895
2019-05-01,-0.0083,0.0001,0.00030362818623990107,-0.002853638801473658
2019-05-02,-0.0016,0.0001,-0.007364587512224081,-0.014211220729118932
2019-05-03,0.0113,0.0001,-0.000995184593489542,0.02333459875556522
2019-05-06,-0.0039000000000000003,0.0001,0.0011770326936910143,-0.008756673743351486
2019-05-07,-0.0169,0.0001,-0.008329032580715635,-0.023516548141944607
2019-05-08,-0.0021,0.0001,0.005489660541315074,-0.00896561887928169
2019-05-09,-0.0028000000000000004,0.0001,-0.0004827744866096215,0.0074384063403029575
2019-05-10,0.0034999999999999996,0.0001,0.007499617421843047,0.00039908378570903635
2019-05-13,-0.0265,0.0001,-0.012906329801718677,-0.03762436458096759
2019-05-14,0.0091,0.0001,0.011095943548406774,0.014877686217100082
2019-05-15,0.0058,0.0001,-0.005455221511584746,0.020226777413168185
2019-05-16,0.0091,0.0001,0.0060143035587427104,0.011114305178907413
2019-05-17,-0.0070999999999999995,0.0001,-0.0049054630843210914,-0.01249619940320087
2019-05-20,-0.006500000000000001,0.0001,-0.018938640781019273,-0.015060639421705652
2019-05-21,0.009000000000000001,0.0001,0.009901378200480256,0.0051725599906749
2019-05-22,-0.004,0.0001,0.005968506491530743,-0.018163303636212342
2019-05-23,-0.0137,0.0001,-0.006628668044033283,-0.014996156268233293
2019-05-24,0.0023,0.0001,-0.0008043890620132675,0.005607640133211858
2019-05-28,-0.0078000000000000005,0.0001,-0.008893289469686178,-0.030050716906564676
2019-05-29,-0.0070999999999999995,0.0001,-0.012733557820663457,-0.011546850798061694
2019-05-30,0.0014000000000000002,0.0001,0.0055106546722635255,0.008078002624091973
2019-05-31,-0.0137,0.0001,-0.0006119668645008342,-0.02676895156880308
2019-06-03,-0.0034000000000000002,0.0001,-0.005236030915748397,0.009635904097948872
2019-06-04,0.0232,0.0001,0.012151915353257351,0.04614537132299712
2019-06-05,0.006999999999999999,0.0001,0.011466185945782338,0.0036476914931713182
2019-06-06,0.0055000000000000005,0.0001,0.0012459205380816022,0.012750259105063305
2019-06-07,0.0104,0.0001,0.0037503466474711417,0.00940004735650302
2019-06-10,0.0054,0.0001,0.0016666258857284185,0.011988720790416248
2019-06-11,-0.0012,0.0001,-0.002472204149835741,-0.00024517478471388303
2019-06-12,-0.002,0.0001,-0.0010712188376556843,0.009640694942008886
2019-06-13,0.0052,0.0001,0.009479145417692465,-0.005401280419314413
2019-06-14,-0.0027,0.0001,0.0037080497751033766,-0.005178451178576393
2019-06-17,0.0015,0.0001,0.00019424906503679584,-0.0032146396452196204
2019-06-18,0.0104,0.0001,0.009861883217579798,0.0021392174927666132
2019-06-19,0.0032,0.0001,-0.00535668104920881,-0.0066244303238305715
2019-06-20,0.009000000000000001,0.0001,0.0015799187449915609,0.03516295331051274
2019-06-21,-0.0021,0.0001,-0.002306724813769426,-0.0005457951453562689
2019-06-24,-0.0034999999999999996,0.0001,-0.007639187743601973,-0.00858827843251337
2019-06-25,-0.0098,0.0001,-0.0073653276171934436,-0.010129910957114914
2019-06-26,-0.0007000000000000001,0.0001,0.002012383574740206,0.011481567691648629
2019-06-27,0.0059,0.0001,0.005274239514874611,0.009368881582934538
2019-06-28,0.0068000000000000005,0.0001,0.007335033641288528,-0.004086953398767401
2019-07-01,0.0075,0.0001,0.0069673158016126165,-0.00238679811177553
2019-07-02,0.0014000000000000002,0.0001,0.0009272645108949805,-0.011619317394506914
2019-07-03,0.0079,0.0001,0.0010765966202894038,0.019983059611729626
2019-07-05,-0.001,0.0001,-0.005181553760175153,-0.007655674649740591
2019-07-08,-0.0058,0.0001,0.0020945033617881317,0.0018475956248120296
2019-07-09,0.0019,0.0001,-0.00395365792407393,-0.009586022588249227
2019-07-10,0.004,0.0001,0.0004853633154243586,0.00021531320111745745
2019-07-11,0.0019,0.0001,0.0027962216136248213,0.022841809392151396
2019-07-12,0.0053,0.0001,0.0061116969200841476,-0.010899911161430279
2019-07-15,-0.0005,0.0001,0.0017421932865231051,0.010397536231687505
2019-07-16,-0.0032,0.0001,-0.0036434439680226587,0.0006466567393562156
2019-07-17,-0.0064,0.0001,-0.0009256697125140203,-0.012104673948306015
2019-07-18,0.0034999999999999996,0.0001,0.0031323792970572232,0.01607151012231285
2019-07-19,-0.005699999999999999,0.0001,-0.0088343375523166,-0.010435164647893283
2019-07-22,0.0025,0.0001,0.0007409871732235514,0.009940956220490463
2019-07-23,0.0064,0.0001,0.0010404280256814662,0.01544403248961676
2019-07-24,0.0066,0.0001,0.006346724505788771,0.007860363005366923
2019-07-25,-0.0063,0.0001,-0.0001621199057070995,-0.007916833294967467
2019-07-26,0.008199999999999999,0.0001,0.007134468775696158,0.0007896315475280208
2019-07-29,-0.0032,0.0001,-0.004201816505583988,-0.006346874297196617
2019-07-30,-0.0017000000000000001,0.0001,0.00264986959664535,0.004998810318271762
2019-07-31,-0.011000000000000001,0.0001,-0.001099245396669461,-0.01563407746039024
2019-08-01,-0.0104,0.0001,-0.008119536950214938,-0.0034408319555058165
2019-08-02,-0.0087,0.0001,-0.003702376374113738,-0.010138369871000728
2019-08-05,-0.030699999999999998,0.0001,-0.012223408886145067,-0.04077249006162795
2019-08-06,0.0129,0.0001,0.010779275367007774,0.0188980971293914
2019-08-07,0.0007000000000000001,0.0001,-0.0023029989484126315,0.010247270106309601
2019-08-08,0.0197,0.0001,0.02296641794476494,0.009840204247870195
2019-08-09,-0.0078000000000000005,0.0001,0.0010201753339157055,-0.025274314605682083
2019-08-12,-0.0131,0.0001,-0.014636831287697032,-0.020232324747523404
2019-08-13,0.0147,0.0001,0.006930045133183715,0.02901790667761959
2019-08-14,-0.029500000000000002,0.0001,-0.012136655847619386,-0.05419001704521544
2019-08-15,0.0017000000000000001,0.0001,0.0031367263057382184,0.0032179717114036418
2019-08-16,0.0155,0.0001,0.016108412274392536,0.020532216864710625
2019-08-19,0.011399999999999999,0.0001,0.002977535820024919,0.006029556134259238
2019-08-20,-0.0075,0.0001,-0.007334315198664189,-0.019118353094277635
2019-08-21,0.0085,0.0001,0.004115172718071114,0.005196743935318623
2019-08-22,-0.001,0.0001,0.0032049091293139087,-0.01009485948919875
2019-08-23,-0.026600000000000002,0.0001,-0.008675932137092902,-0.05509728207337393
2019-08-26,0.0108,0.0001,0.007063758027141672,0.0011467833271377622
2019-08-27,-0.0046,0.0001,-0.011592191765926756,-0.021632188511580382
2019-08-28,0.0068000000000000005,0.0001,-0.0006967194695354829,-0.0002744979702648022
2019-08-29,0.013500000000000002,0.0001,0.006259591838547626,0.00791904262495515
2019-08-30,0.0003,0.0001,0.0003776862155082585,0.004830764228993867
2019-09-03,-0.0086,0.0001,-0.01146570666952049,-0.02633886037146042
2019-09-04,0.0108,0.0001,0.00362498219773487,0.012575819176813385
2019-09-05,0.014199999999999999,0.0001,0.0017112596884246024,0.024378685373831407
2019-09-06,-0.0002,0.0001,0.006051577881353576,0.003619237316011766
2019-09-09,0.0007000000000000001,0.0001,-0.0048230766151826625,-0.01196369790554326
2019-09-10,0.0016,0.0001,0.0010749762332545197,0.0008911448117195791
2019-09-11,0.0087,0.0001,0.0029654503065673146,0.0113868732188076
2019-09-12,0.0022,0.0001,0.0017071400639351196,0.001941130834178774
2019-09-13,-0.0002,0.0001,0.003518243349974819,0.027765311517736355
2019-09-16,-0.0023,0.0001,-0.002183458001953606,0.003912734170270265
2019-09-17,0.0017000000000000001,0.0001,0.003796728291562129,0.01187651970938049
2019-09-18,-0.0004,0.0001,-0.0009653855907613786,0.0023960607137742946
2019-09-19,-0.0005,0.0001,-0.007041125012279428,0.0032666045031119356
2019-09-20,-0.0048,0.0001,-0.0020519865075859286,-0.0014870354090364415
2019-09-23,-0.0002,0.0001,-0.007524687579030999,-0.0031729779587478524
2019-09-24,-0.01,0.0001,0.00010870020336160831,-0.004515462420657766
2019-09-25,0.0069,0.0001,0.002642594056971537,0.004459344500736685
2019-09-26,-0.004,0.0001,-0.005028157136120458,-0.010753758357039421
2019-09-27,-0.0062,0.0001,0.005396857260861081,-0.000506627452118872
2019-09-30,0.005,0.0001,0.00637961065952529,-0.014944334971914547
2019-10-01,-0.0131,0.0001,-0.01960017496448761,-0.019971265623353423
2019-10-02,-0.0173,0.0001,-0.012133729824691972,-0.023619685823776892
2019-10-03,0.008,0.0001,0.006265785266479106,0.00013352454193654777
2019-10-04,0.0139,0.0001,0.00863881109844975,0.019732864534145935
2019-10-07,-0.0040999999999999995,0.0001,0.0010446678097645447,-0.007684443304195206
2019-10-08,-0.0161,0.0001,-0.005862161958416631,-0.02897393938980544
2019-10-09,0.0092,0.0001,0.004554069226623162,0.017257934088145587
2019-10-10,0.006,0.0001,0.007480533972297914,0.00521362158626282
2019-10-11,0.0123,0.0001,0.005723439275954196,0.023187734732061867
2019-10-14,-0.0018,0.0001,-0.0015676599606893938,0.0015543206596873545
2019-10-15,0.0103,0.0001,-0.0012102782158267208,0.011689795513053547
2019-10-16,-0.0024,0.0001,0.0014543721286978293,-0.020830555172490068
2019-10-17,0.0037,0.0001,0.005099875436081306,0.006544402839921919
2019-10-18,-0.0049,0.0001,-0.003845820114955947,-0.008496700100681907
2019-10-21,0.0070999999999999995,0.0001,0.0030244961881254052,0.0069752886950659515
2019-10-22,-0.0034000000000000002,0.0001,-0.0040491589099336985,-0.006102520662506275
2019-10-23,0.0025,0.0001,0.009564861184649318,-0.008568732240796939
2019-10-24,0.0025,0.0001,0.0009769812793581853,0.009868188978699967
2019-10-25,0.005,0.0001,0.0018666549228164566,0.0051184682868767135
2019-10-28,0.0062,0.0001,0.008310055186701613,0.009373857897713353
2019-10-29,-0.0013,0.0001,-0.003370595073935598,-0.0014964280707815956
2019-10-30,0.0028000000000000004,0.0001,0.002650488038139122,-0.002545353289884066
2019-10-31,-0.0038,0.0001,0.0020666736402333557,-0.0014317657706284144
2019-11-01,0.010700000000000001,0.0001,0.007536743893781681,0.02543083320539988
2019-11-04,0.0039000000000000003,0.0001,0.010651693996243338,0.010952473246361399
2019-11-05,-0.0003,0.0001,-0.0011583511587244903,0.004924495739227644
2019-11-06,-0.0005,0.0001,-0.005140018096712432,0.010635716769414248
2019-11-07,0.0038,0.0001,0.00975633404785532,0.013920671405590189
2019-11-08,0.0031,0.0001,-0.007651744485857128,-0.012579150267786186
2019-11-11,-0.0019,0.0001,0.001888318228730146,0.0005771286868671772
2019-11-12,0.0016,0.0001,-0.002149971478461239,0.00750544404974476
2019-11-13,0.0001,0.0001,0.0028467537443375253,-0.0009229879872971285
2019-11-14,0.0007000000000000001,0.0001,0.0009036311735636285,-0.0018011033218641268
2019-11-15,0.0074,0.0001,0.0013446482135475526,0.016750509025941347
2019-11-18,0.0003,0.0001,-0.002632761594878643,0.009391193640566781
2019-11-19,0.0002,0.0001,-0.008114488349064967,0.004442512164211942
2019-11-20,-0.0033,0.0001,0.0011104624856484427,0.008544598468109805
2019-11-21,-0.0015,0.0001,0.009598671308897347,0.015467023082932997
2019-11-22,0.0024,0.0001,0.005183065872526755,0.00812696539151203
2019-11-25,0.0092,0.0001,0.008434115297926603,0.011865563863005874
2019-11-26,0.0019,0.0001,0.006602965541438374,0.02314286831930975
2019-11-27,0.0044,0.0001,0.0026643450559359198,-0.0036318456860515284
2019-11-29,-0.0042,0.0001,-0.009389105518118291,0.0031572213216065985
2019-12-02,-0.0087,0.0001,-0.00330720303817959,-0.014705898387524915
2019-12-03,-0.0066,0.0001,-0.004140065026917109,-0.016251479899533332
2019-12-04,0.006,0.0001,0.012243726703904077,-3.795288559458572e-05
2019-12-05,0.0013,0.0001,0.0028581036627073598,-0.000979297845376186
2019-12-06,0.0091,0.0001,-0.0016564833289494818,0.016055252438574665
2019-12-09,-0.0033,0.0001,-0.0034180935438804564,-0.0031471056225284857
2019-12-10,-0.0008,0.0001,-0.00678785228329096,-0.004873354405866017
2019-12-11,0.0028000000000000004,0.0001,0.0019444474453619446,-0.004160432469286544
2019-12-12,0.009000000000000001,0.0001,0.0027539113985231615,0.024440723468520043
2019-12-13,-0.0003,0.0001,0.0025136978623168924,0.008939772203342631
2019-12-16,0.0074,0.0001,0.010971697765254102,0.0033702314848258956
2019-12-17,0.001,0.0001,0.004483917320179515,0.009359744125629978
2019-12-18,-0.0005,0.0001,0.005078592957677556,-0.0023538053751117416
2019-12-19,0.0043,0.0001,-0.0014251114728016082,0.0028753016773238283
2019-12-20,0.0048,0.0001,0.0015992085687155928,-0.002035489516287624
2019-12-23,0.001,0.0001,-0.002563503041963046,0.00922283503359157
2019-12-24,0.0001,0.0001,0.0034885762603020683,0.0005618244910315155
2019-12-26,0.0049,0.0001,0.0035165004524960884,-0.001284186874491231
2019-12-27,-0.0009,0.0001,0.001549847214938942,-0.009168299084804332
2019-12-30,-0.005699999999999999,0.0001,-0.0017608610175712637,-0.0029666242009232587
2019-12-31,0.0028000000000000004,0.0001,0.00010241479742284245,0.0023811162806379803
2020-01-02,0.0086,0.0001,0.001288343899741695,0.026925312414348274
2020-01-03,-0.0067,0.0001,-0.004498805532556208,-0.006110863300171516
2020-01-06,0.0036,0.0001,0.006923512150571633,-0.005247235165231336
2020-01-07,-0.0019,0.0001,-0.004693632449330029,0.012707470125839542
2020-01-08,0.004699999999999999,0.0001,-0.00559464611939815,0.008207267114892993
2020-01-09,0.006500000000000001,0.0001,0.005422009274771188,0.005647395379730895
2020-01-10,-0.0034000000000000002,0.0001,-0.0037442121017289024,-0.009967077314580096
2020-01-13,0.0073,0.0001,0.011012953416715352,0.012184675361801723
2020-01-14,-0.0006,0.0001,-0.0011987835191355743,0.0014078382891040367
2020-01-15,0.0016,0.0001,0.0032768244050788604,-0.007268989163614547
2020-01-16,0.0088,0.0001,0.006181094600808768,-0.00028485120883701395
2020-01-17,0.0028000000000000004,0.0001,0.004623142842700674,0.012490358525099297
2020-01-21,-0.0032,0.0001,-0.004354670411547949,-0.004715759983335546
2020-01-22,0.0008,0.0001,0.005721295237181451,-0.009787114260010192
2020-01-23,0.0008,0.0001,0.002688604023546672,0.003827970208804077
2020-01-24,-0.0097,0.0001,-0.005919088008902082,-0.014231004532663592
2020-01-27,-0.015600000000000001,0.0001,-0.00927097477161946,-0.02830675074005515
2020-01-28,0.0102,0.0001,0.00880519966256372,0.007102062847157772
2020-01-29,-0.001,0.0001,-0.003761753465045301,-0.010614134541223591
2020-01-30,0.0034000000000000002,0.0001,0.004123854463127457,0.002486248853014141
2020-01-31,-0.0174,0.0001,-0.01686623395967322,-0.03572373811444982
2020-02-03,0.0084,0.0001,0.013075785626391367,0.020066597540146412
2020-02-04,0.015700000000000002,0.0001,0.005641221009796779,0.027190962169505766
2020-02-05,0.0097,0.0001,0.0013210022286718694,0.0167585354012453
2020-02-06,0.0027,0.0001,0.007424529778469371,0.012450453858000234
2020-02-07,-0.0055000000000000005,0.0001,-0.0011039107601611576,0.0026789199648827124
2020-02-10,0.0073,0.0001,0.003740364209752373,0.008484542891663954
2020-02-11,0.0027,0.0001,-0.009194457146702577,0.012617652950576388
2020-02-12,0.0066,0.0001,0.0006082036487717239,0.018220091141204226
2020-02-13,-0.0009,0.0001,0.0007703486685415324,-0.010750564300628197
2020-02-14,0.0014000000000000002,0.0001,0.009867478836952142,0.009046961092539593
2020-02-18,-0.0019,0.0001,0.004144342046231095,-0.015472089238656447
2020-02-19,0.006,0.0001,0.005939808229070641,0.024927364182138034
2020-02-20,-0.0034999999999999996,0.0001,-0.004109503372362059,-0.020304926884220663
2020-02-21,-0.011200000000000002,0.0001,-0.004972895221177442,-0.009244470117815746
2020-02-24,-0.0339,0.0001,-0.016235056731400462,-0.046697839239968154
2020-02-25,-0.030899999999999997,0.0001,-0.01814846890538005,-0.04066352867074552
2020-02-26,-0.0052,0.0001,-0.008416947924697384,0.0036267970567513386
2020-02-27,-0.042199999999999994,0.0001,-0.024300628922184115,-0.057336192118551746
2020-02-28,-0.0078000000000000005,0.0001,-0.002704521291123393,-0.020611299901669645
2020-03-02,0.0431,0.0001,0.02714752105031579,0.07656295714836374
2020-03-03,-0.027999999999999997,0.0001,-0.017919341927707253,-0.03808493244972943
2020-03-04,0.0403,0.0001,0.026660040361958282,0.06723626075273591
2020-03-05,-0.0338,0.0001,-0.016586654741182566,-0.04418135326874223
2020-03-06,-0.0178,0.0001,-0.010761928473370149,-0.027039294269431313
2020-03-09,-0.0779,0.0001,-0.043422661130658805,-0.118635640633719
2020-03-10,0.047400000000000005,0.0001,0.034858651374751706,0.05378481576822596
2020-03-11,-0.0506,0.0001,-0.028101672970724276,-0.070990596083605
2020-03-12,-0.09630000000000001,0.0001,-0.0597909815122044,-0.13182326650541254
2020-03-13,0.0898,0.0001,0.05641749921704899,0.12308627497442769
2020-03-16,-0.1201,0.0001,-0.0754255467623896,-0.16862352887216453
2020-03-17,0.0588,0.0001,0.03643293694566537,0.08666645974209733
2020-03-18,-0.0556,0.0001,-0.037419025647323495,-0.08660423623275051
2020-03-19,0.0131,0.0001,0.00591585002516657,0.031530703816996485
2020-03-20,-0.0415,0.0001,-0.027495572123452387,-0.05748964696814275
2020-03-23,-0.0256,0.0001,-0.00979827262044718,-0.028862582349326715
2020-03-24,0.0934,0.0001,0.05056258249249809,0.13268889736350187
2020-03-25,0.011699999999999999,0.0001,0.003261753855145023,0.0077707665549446745
2020-03-26,0.0603,0.0001,0.03492029619259952,0.07143630187187189
2020-03-27,-0.0348,0.0001,-0.01842929125243159,-0.03800683881058818
2020-03-30,0.0317,0.0001,0.017399964545994982,0.04338781132563589
2020-03-31,-0.0144,0.0001,-0.012139729809750427,-0.03983406723464453
2020-04-01,-0.045,0.0,-0.03011405586587074,-0.0766613340712257
2020-04-02,0.021,0.0,0.018008797977611613,0.01949171364701241
2020-04-03,-0.016399999999999998,0.0,-0.00041166273729134964,-0.023970662951691882
2020-04-06,0.071,0.0,0.03534308243087473,0.12121601506860413
2020-04-07,-0.0011,0.0,-0.001647356007797426,0.010440112297016742
2020-04-08,0.0342,0.0,0.020279440560230257,0.05281841903950475
2020-04-09,0.0159,0.0,0.0034298419162147546,0.025013968617675707
2020-04-13,-0.0092,0.0,-0.0024142747391887867,-0.01989576596973973
2020-04-14,0.030299999999999997,0.0,0.015499188876778909,0.052387740154051204
2020-04-15,-0.0215,0.0,-0.013757403747495147,-0.03552411856146938
2020-04-16,0.0062,0.0,0.004778577270036855,0.011254204709969379
2020-04-17,0.0273,0.0,0.006186734901241726,0.039344399984629894
2020-04-20,-0.015700000000000002,0.0,-0.010247924848002958,-0.021704579181754807
2020-04-21,-0.030899999999999997,0.0,-0.021291720085054644,-0.05248454986265211
2020-04-22,0.0231,0.0,0.014053360175831735,0.03517693960192295
2020-04-23,0.0012,0.0,0.0027685085818262302,-0.02220260660941374
2020-04-24,0.0143,0.0,0.018246033005084504,0.018413098215554355
2020-04-27,0.0173,0.0,0.010503516601239046,0.02635561100597187
2020-04-28,-0.0045000000000000005,0.0,0.0006442347262091319,-0.0069316762425855345
2020-04-29,0.0292,0.0,0.020187765973667608,0.03285168958259039
2020-04-30,-0.0118,0.0,-0.005732387960811025,-0.03007825638352589
2020-05-01,-0.0291,0.0,-0.012656051280427016,-0.03939127406120119
2020-05-04,0.0054,0.0,0.006684393708396089,0.008400686867277404
2020-05-05,0.0095,0.0,0.012717752575908618,0.011120188401837445
2020-05-06,-0.0052,0.0,0.004203228052253823,-0.0027304446790062976
2020-05-07,0.013300000000000001,0.0,0.0077116958285426696,0.017470107606837898
2020-05-08,0.019,0.0,0.012515619977261448,0.02555112661365239
2020-05-11,0.0006,0.0,-0.0012374403613096673,0.003130042785010655
2020-05-12,-0.0207,0.0,-0.011040152247963774,-0.028851819465178657
2020-05-13,-0.0189,0.0,-0.016604550316931338,-0.02529993383712367
2020-05-14,0.0115,0.0,0.011581709002837783,0.0009984721073058814
2020-05-15,0.005699999999999999,0.0,0.010715924862638594,0.010646988744120041
2020-05-18,0.032400000000000005,0.0,0.017516183191019392,0.038163828798466595
2020-05-19,-0.0101,0.0,-0.004997909977758544,-0.012391840740993962
2020-05-20,0.018000000000000002,0.0,0.014175106230601548,0.029231461957642903
2020-05-21,-0.0070999999999999995,0.0,-0.0002388903160291003,-0.008392516663127732
2020-05-22,0.0027,0.0,0.006742512142370637,0.019837340726427
2020-05-26,0.0123,0.0,-0.000508931594415645,0.02197311336924157
2020-05-27,0.0154,0.0,0.007058254673559748,0.013741809577002308
2020-05-28,-0.0040999999999999995,0.0,-0.010347397876598765,-0.012512017842088802
2020-05-29,0.0059,0.0,0.005897552294688496,0.0045248541732785495
2020-06-01,0.0051,0.0,0.006301509628457982,0.009813495664601752
2020-06-02,0.008100000000000001,0.0,0.0021903540432585923,0.016968858712119735
2020-06-03,0.0141,0.0,0.007041499866191599,0.023496873604913805
2020-06-04,-0.0034000000000000002,0.0,0.0002497322223505064,-0.006845851015953787
2020-06-05,0.025,0.0,0.014980202321190449,0.027721545192833204
2020-06-08,0.013500000000000002,0.0,0.009157448366023566,0.030090772306764893
2020-06-09,-0.0086,0.0,-0.008528037261461738,-0.015044486915285976
2020-06-10,-0.0055000000000000005,0.0,-0.0027160106720390542,-0.010994174172166225
2020-06-11,-0.0591,0.0,-0.0363765906556295,-0.09084678060672388
2020-06-12,0.0129,0.0,0.0021043186013951116,0.030505629061543818
2020-06-15,0.0108,0.0,0.0011022348147469085,0.014648798123694547
2020-06-16,0.018799999999999997,0.0,0.019167760398428907,0.014081923771269118
2020-06-17,-0.0040999999999999995,0.0,-0.012804896688718452,-0.011372117810930761
2020-06-18,0.0018,0.0,0.002250417603541618,0.00040455681138263375
2020-06-19,-0.0045000000000000005,0.0,-0.003002036569974294,-0.011607942986581053
2020-06-22,0.0070999999999999995,0.0,0.0028020734579802956,0.02289950658831793
2020-06-23,0.0040999999999999995,0.0,0.002692685150691841,-0.013299841062305617
2020-06-24,-0.0262,0.0,-0.012128904468358414,-0.022300239386361404
2020-06-25,0.0113,0.0,-0.0023601011267856105,0.011547679452782171
2020-06-26,-0.024300000000000002,0.0,-0.012752358475151071,-0.027720065076641855
2020-06-29,0.015,0.0,0.006719241103316639,0.015193775432257205
2020-06-30,0.0158,0.0,0.016472049702135522,0.02910514747699393
2020-07-01,0.0040999999999999995,0.0,-0.002474468173014497,-0.011327697497887564
2020-07-02,0.0051,0.0,0.0031029090589398804,-0.005245650265737668
2020-07-06,0.0166,0.0,0.006899141266557432,0.022888192899321813
2020-07-07,-0.0101,0.0,-0.005786570758910226,-0.004316510307240264
2020-07-08,0.0089,0.0,-0.001797128800954664,0.022440759601481883
2020-07-09,-0.0054,0.0,-0.0011226520681870626,-0.008986378502877767
2020-07-10,0.0111,0.0,0.009022975215305883,0.03123967226766164
2020-07-13,-0.011899999999999999,0.0,-0.008772063094983672,-0.007858893765050452
2020-07-14,0.013600000000000001,0.0,-0.0009829527152541064,0.015483551616536567
2020-07-15,0.011399999999999999,0.0,-0.0004064145843881966,0.013976334728763891
2020-07-16,-0.0038,0.0,-0.002792498744329901,0.007163807719189359
2020-07-17,0.003,0.0,-0.0006984775336625381,0.004933426254821238
2020-07-20,0.0103,0.0,0.010374733304124641,0.011967335710501707
2020-07-21,0.0015,0.0,0.006183792753035967,0.005140658806849923
2020-07-22,0.005,0.0,-0.0037239719260064225,0.027766420504652653
2020-07-23,-0.012,0.0,-0.0023255905571394645,-0.012388178809021773
2020-07-24,-0.0074,0.0,0.0005358775507294158,-0.021553816840604686
2020-07-27,0.0088,0.0,0.0046085804454158155,0.013177837738814816
2020-07-28,-0.008100000000000001,0.0,-0.0014447668449126426,-0.004803646624413177
2020-07-29,0.013600000000000001,0.0,0.005105991990752066,0.0010583006941541975
2020-07-30,-0.0029,0.0,0.00753715134526714,-0.0009443388564127587
2020-07-31,0.0062,0.0,0.00204951878642536,0.010014083709462062
2020-08-03,0.0097,0.0,0.011547454642746778,0.025988316099778995
2020-08-04,0.0037,0.0,0.0030117526777170187,0.025706370290973356
2020-08-05,0.0078000000000000005,0.0,0.005795797691728699,0.02502834609703193
2020-08-06,0.0053,0.0,0.0006747949175454366,0.021586266682061192
2020-08-07,0.0002,0.0,0.0007505660182946844,-0.00904342003821392
2020-08-10,0.0023,0.0,0.0013930803892094454,-0.00928824423600932
2020-08-11,-0.0083,0.0,-0.013098092459274315,-0.011517195771523922
2020-08-12,0.013999999999999999,0.0,0.016821203514100602,0.01578342080099902
2020-08-13,-0.0002,0.0,0.002913867536842086,0.0024644379675761796
2020-08-14,-0.0004,0.0,0.004988089530975395,-0.00703350294796261
2020-08-17,0.0045000000000000005,0.0,0.008115998026725031,0.0065032142464509024
2020-08-18,0.0023,0.0,0.0007015646999375196,0.01884447610182376
2020-08-19,-0.0038,0.0,0.0024503538031351896,-0.008649171382144088
2020-08-20,0.0031,0.0,-0.010262221996376822,-0.008296806187747648
2020-08-21,0.0026,0.0,-0.005172133920079787,0.004820241623824023
2020-08-24,0.0092,0.0,0.003916778525882885,-0.001447150298386983
2020-08-25,0.0034999999999999996,0.0,0.0028010221561700086,-0.007688435891409487
2020-08-26,0.01,0.0,0.013931850230158221,0.01690728603958473
2020-08-27,0.0018,0.0,-0.008468837352599887,-0.0002481101976604459
2020-08-28,0.006999999999999999,0.0,0.000836536466717443,-0.002459825855820873
2020-08-31,-0.0004,0.0,0.004089512728034548,0.003432696718510314
2020-09-01,0.0092,0.0,0.00782663321134507,0.021797481871262358
2020-09-02,0.0127,0.0,0.006363262695048253,0.009110148063948154
2020-09-03,-0.037000000000000005,0.0,-0.022937679617014605,-0.041429075818133876
2020-09-04,-0.0087,0.0,-0.009214701967052357,-0.005986974923486014
2020-09-08,-0.029300000000000003,0.0,-0.005714802968715063,-0.04164160071572403
2020-09-09,0.0207,0.0,0.008174424974041666,0.037421773907774264
2020-09-10,-0.016399999999999998,0.0,-0.007555489629069366,-0.03481828055515841
2020-09-11,-0.0005,0.0,-0.0012444736394226926,0.0036430300807943914
2020-09-14,0.0158,0.0,0.013329556261022895,0.0286576510891666
2020-09-15,0.005699999999999999,0.0,-0.0006384403541951481,0.015435521556581882
2020-09-16,-0.004,0.0,0.0003647717524507465,-0.01428751809207911
2020-09-17,-0.0085,0.0,-0.006708901936485466,-0.00010740556689793103
2020-09-18,-0.0089,0.0,-0.011807608779885103,-0.013142579868174773
2020-09-21,-0.010700000000000001,0.0,-0.00699224057939796,-0.0005979523020285989
2020-09-22,0.0101,0.0,0.003549265055888637,0.015026406020097697
2020-09-23,-0.024700000000000003,0.0,-0.016219657252922653,-0.007644800890818943
2020-09-24,0.0026,0.0,0.0018088510121535106,0.011674680290481384
2020-09-25,0.0171,0.0,0.01057254745973616,0.01997307246945471
2020-09-28,0.0165,0.0,0.00799291908863211,0.02442777311368061
2020-09-29,-0.0042,0.0,-0.0009406294100994977,-0.01166244752738939
2020-09-30,0.0079,0.0,0.006862724366920963,0.02004450413758
2020-10-01,0.0078000000000000005,0.0,0.0017769916550461578,0.0031814257068885025
2020-10-02,-0.0097,0.0,-0.005882452019449222,-0.006063389633544119
2020-10-05,0.0194,0.0,0.010586430769807122,0.047147682227610094
2020-10-06,-0.0128,0.0,-0.006316031374722216,-0.019062686680871924
2020-10-07,0.0184,0.0,0.005267463947255515,0.034345692549785437
2020-10-08,0.008,0.0,0.0037075914660958673,0.015205161567282757
2020-10-09,0.009300000000000001,0.0,0.012117646933453772,0.01369082098401932
2020-10-12,0.0154,0.0,0.010458015014419642,0.006771677417129878
2020-10-13,-0.0042,0.0,0.0013715000891091362,-0.005511105430682587
2020-10-14,-0.006500000000000001,0.0,0.002379975189371987,-0.013855260279912362
2020-10-15,-0.0008,0.0,-0.003447562311941194,0.0026284501321704925
2020-10-16,-0.0006,0.0,-0.0035146788182601444,-0.013509251198277866
2020-10-19,-0.015300000000000001,0.0,-0.014157698664582096,-0.039394020171965374
2020-10-20,0.0034999999999999996,0.0,0.006299895036184793,0.0004329564845467525
2020-10-21,-0.0034999999999999996,0.0,-0.009078419384525927,-0.003550498207283233
2020-10-22,0.0066,0.0,0.013740210983019582,-0.009390007695302488
2020-10-23,0.0038,0.0,0.007921139478373956,0.006814645936872693
2020-10-26,-0.018500000000000003,0.0,-0.007208161723567376,-0.05247634845488358
2020-10-27,-0.0023,0.0,-0.0024601599690873754,-0.015767339577377748
2020-10-28,-0.0342,0.0,-0.023283234984167685,-0.06351639641999729
2020-10-29,0.0113,0.0,0.013021199184757073,0.02519745377139935
2020-10-30,-0.014499999999999999,0.0,-0.0072740047863684015,-0.020206460992455204
2020-11-02,0.011699999999999999,0.0,0.01128902715644067,0.002166953249714807
2020-11-03,0.019299999999999998,0.0,0.016475654292114568,0.029693669519213494
2020-11-04,0.0225,0.0,0.010158377744571455,0.02046895648520349
2020-11-05,0.0212,0.0,0.01426297874961092,0.02385498846195034
2020-11-06,0.0001,0.0,0.010926471750270686,0.0008372154112071672
2020-11-09,0.0083,0.0,-8.06719809246818e-05,0.0167617822995954
2020-11-10,-0.0016,0.0,-0.005172424062557416,-0.009552175116312806
2020-11-11,0.0088,0.0,0.0027742404944003517,0.0014089981547628135
2020-11-12,-0.009399999999999999,0.0,-0.012697683672501962,-0.012601534900900145
2020-11-13,0.0131,0.0,0.011567892838726576,0.025467779038763537
2020-11-16,0.012199999999999999,0.0,0.004394583236098422,0.02803130083679644
2020-11-17,-0.002,0.0,0.0004574917049473846,-0.00042412066767768576
2020-11-18,-0.009399999999999999,0.0,-0.002986790646105381,-0.020516366746793337
2020-11-19,0.0058,0.0,0.006328448664137982,0.011779264513918357
2020-11-20,-0.0051,0.0,0.00025071587960252394,-0.01899939085907579
2020-11-23,0.008199999999999999,0.0,0.019101643726023014,0.018906057567062894
2020-11-24,0.015600000000000001,0.0,-0.0010031205998806882,0.015973645112193093
2020-11-25,0.0002,0.0,-0.0020280998337576404,0.003906879692763674
2020-11-27,0.0042,0.0,-0.000996302572684508,-0.0014756217396659282
2020-11-30,-0.0052,0.0,0.004114431556938714,-0.0018001214601386234
2020-12-01,0.009899999999999999,0.0,0.008870732273473247,0.011941396444368684
2020-12-02,0.0011,0.0,0.005766414273259333,-0.018511954173894105
2020-12-03,0.0017000000000000001,0.0,0.003293833951775123,0.005684816735516006
2020-12-04,0.0101,0.0,-0.0012019587958818547,0.015541084865782616
2020-12-07,0.0002,0.0,0.00026933562195388054,-0.0017236306460103631
2020-12-08,0.004699999999999999,0.0,0.009289566473588197,0.0034624539023174867
2020-12-09,-0.0103,0.0,-0.01310627300326396,-0.010110657434899657
2020-12-10,0.0024,0.0,-0.0011123957213700453,-0.005339924413551497
2020-12-11,-0.0018,0.0,-0.002487817115253906,0.009216036289202888
2020-12-14,-0.0026,0.0,-0.0019220096252055732,-0.011018748955699266
2020-12-15,0.0129,0.0,0.00775615396344509,0.005238217907996027
2020-12-16,0.0016,0.0,0.010767357112961073,0.0018662663961140984
2020-12-17,0.0078000000000000005,0.0,0.001378997812569433,-0.004721281264780726
2020-12-18,-0.0014000000000000002,0.0,-0.0005942372121160665,-0.00825004518787203
2020-12-21,-0.0024,0.0,0.001940230892705766,-0.013822480712780617
2020-12-22,0.0005,0.0,0.0022727731567471357,0.015474819223228404
2020-12-23,0.0011,0.0,0.0027535451072365253,0.009870253957942972
2020-12-24,0.0023,0.0,0.00918933647215989,0.013045743854902887
2020-12-28,0.0049,0.0,0.0026892143320072425,-0.0027348181173186973
2020-12-29,-0.0039000000000000003,0.0,-0.004623010652160852,-0.004370215923522445
2020-12-30,0.0027,0.0,-0.006046540752576927,6.14193849726827e-05
2020-12-31,0.004,0.0,0.003542855413749113,0.00030070974137254465
2021-01-04,-0.0141,0.0,-0.010653420370558636,-0.02381377863229102
2021-01-05,0.0086,0.0,-0.0011725104256302687,0.006094624080339178
2021-01-06,0.0079,0.0,0.007245106228827011,0.0027048216300275593
2021-01-07,0.0176,0.0,0.010833858571429,0.003678287819316773
2021-01-08,0.0051,0.0,-0.0008648700381380862,0.0005705663519717623
2021-01-11,-0.0052,0.0,-0.004438731674877544,-0.0008076219303840785
2021-01-12,0.0037,0.0,0.0021602774402279465,0.021189518737374576
2021-01-13,0.0006,0.0,0.0017492226889194783,0.021644333147647837
2021-01-14,-0.0012,0.0,-0.001382512979206201,-0.006959943064392082
2021-01-15,-0.0086,0.0,-0.007035541756423657,0.0016218505334269408
2021-01-19,0.0092,0.0,0.013772590181408868,0.013131650555249346
2021-01-20,0.0127,0.0,0.017715114134520364,0.0282906217500749
2021-01-21,-0.0004,0.0,-0.005320796408477972,-0.008243710581019692
2021-01-22,-0.0007000000000000001,0.0,0.002905425121766586,-0.000715170169077271
2021-01-25,0.0029,0.0,-0.00809416429997064,0.011718299403513025
2021-01-26,-0.0033,0.0,-0.0023241160502354545,-0.010325772993966434
2021-01-27,-0.0253,0.0,-0.016919581705342388,-0.05254141563676786
2021-01-28,0.009300000000000001,0.0,0.0049132110944492,0.011895522559861134
2021-01-29,-0.0184,0.0,-0.007196774613302174,-0.021551018759920215
2021-02-01,0.0172,0.0,0.018104572866342355,0.02834484682191192
2021-02-02,0.0148,0.0,0.005931377156213911,0.0021715885283092873
2021-02-03,0.0014000000000000002,0.0,0.001582760163243735,0.004722066542668018
2021-02-04,0.012199999999999999,0.0,0.006261043922219987,0.014972253387147083
2021-02-05,0.005699999999999999,0.0,0.002269415836069032,-0.003161621179895267
2021-02-08,0.0096,0.0,0.009178607083321806,0.019274369340207348
2021-02-09,0.0005,0.0,-0.006245075182629732,0.014805666919902639
2021-02-10,-0.0008,0.0,-0.0028951969083402286,-0.005125358890951671
2021-02-11,0.002,0.0,0.0053647719406734115,0.012040239011032967
2021-02-12,0.0049,0.0,-0.004169071685793772,-0.004524830500667674
2021-02-16,-0.0014000000000000002,0.0,0.0005309741885643855,-0.00529307983722072
2021-02-17,-0.002,0.0,-0.008855129575927564,-0.011888626457642127
2021-02-18,-0.0063,0.0,-0.0028180109677300625,0.015557041248820423
2021-02-19,0.0016,0.0,0.0008735994471144659,-0.00655720069436365
2021-02-22,-0.0111,0.0,-0.004010453719053262,-0.0014834631092302663
2021-02-23,-0.0011,0.0,-0.004759065381168607,-0.006018415798310837
2021-02-24,0.0115,0.0,0.008382377655218959,-0.002022889619753658
2021-02-25,-0.027200000000000002,0.0,-0.01467417418445896,-0.039549674921981436
2021-02-26,-0.0028000000000000004,0.0,-5.848301401125571e-05,0.0021383487344661103
2021-03-01,0.0262,0.0,0.014906995830676693,0.046280415557171224
2021-03-02,-0.0105,0.0,-0.004387593529454901,-0.0033502241001064133
2021-03-03,-0.0155,0.0,-0.0028293080672025517,-0.015473379191732015
2021-03-04,-0.0167,0.0,-0.0050910256635591546,-0.011259258291649015
2021-03-05,0.0187,0.0,0.014201788315974568,0.0339587309665194
2021-03-08,-0.0067,0.0,-0.012806124393219962,-0.01685714886070824
2021-03-09,0.0177,0.0,0.007802228780636237,0.02761138276396015
2021-03-10,0.0067,0.0,0.005490381614095765,0.013054401623978567
2021-03-11,0.0141,0.0,0.012635447762514657,0.03141325195823809
2021-03-12,0.0011,0.0,-0.001986677073636068,-0.002057232590513824
2021-03-15,0.0069,0.0,-0.002888329670731533,-0.008748426554248548
2021-03-16,-0.0040999999999999995,0.0,-0.0023678474718952388,-0.007185204565544877
2021-03-17,0.0034000000000000002,0.0,0.010124310265042232,0.006645026936765612
2021-03-18,-0.018600000000000002,0.0,-0.0036735853902479677,-0.023904697207809408
2021-03-19,0.0023,0.0,0.0050982796930517955,-0.016105521652957554
2021-03-22,0.005600000000000001,0.0,0.0034035087124882056,0.02309982537168004
2021-03-23,-0.0116,0.0,0.003202401373280684,-0.008289507134119713
2021-03-24,-0.0097,0.0,-0.005734208469610074,-0.022313893635508904
2021-03-25,0.0067,0.0,0.01760997845473935,-0.012229582859953412
2021-03-26,0.015600000000000001,0.0,0.000959848209755327,0.026755862419658483
2021-03-29,-0.0048,0.0,-0.012176050208856381,-0.001615984111728871
2021-03-30,-0.0003,0.0,0.0001256457563374592,0.007542582277533544
2021-03-31,0.0063,0.0,-0.0003970494225524531,0.006789947120760822
2021-04-01,0.0127,0.0,0.0013637808919592922,0.010619504920549827
2021-04-05,0.0128,0.0,0.008692393556886273,0.005701879616645606
2021-04-06,0.0,0.0,0.0036765802593003638,-0.0072717165915876635
2021-04-07,-0.0011,0.0,-0.009979001326235255,-0.011469050619566747
2021-04-08,0.0062,0.0,0.002255769227510317,0.004989367369967862
2021-04-09,0.006500000000000001,0.0,0.004991099645572742,0.00442891884690406
2021-04-12,-0.0004,0.0,5.003449866697783e-06,-0.0011612244772056476
2021-04-13,0.0040999999999999995,0.0,-0.00428831172592418,-0.008382352302662663
2021-04-14,-0.0034000000000000002,0.0,-0.0015918271317870354,-0.019799203388757736
2021-04-15,0.0106,0.0,0.012152667792570251,0.021001397224213604
2021-04-16,0.0027,0.0,0.003925143974857018,0.003983031266027005
2021-04-19,-0.0072,0.0,-0.006000085020452159,0.0006129845094876765
2021-04-20,-0.009300000000000001,0.0,-0.0032694638672902698,-0.020244147472034915
2021-04-21,0.011000000000000001,0.0,-0.0013091843088650877,0.01284061749444851
2021-04-22,-0.0078000000000000005,0.0,-0.01000896533573724,-0.0006996327055169681
2021-04-23,0.0126,0.0,0.013981319141589885,0.0024319402065096935
2021-04-26,0.0040999999999999995,0.0,-0.005117405906186895,-0.001477326587651204
2021-04-27,-0.0003,0.0,0.005380576546473677,-0.0019041655768980933
2021-04-28,-0.0007000000000000001,0.0,0.004134044976278767,-0.004759594406257913
2021-04-29,0.004,0.0,-0.002747432164265072,-0.00409053795345844
2021-04-30,-0.008199999999999999,0.0,-0.007184616255366058,-0.003422193897098292
2021-05-03,0.0018,0.0,0.0009600544734658205,0.009989077781707455
2021-05-04,-0.0089,0.0,-0.012332443363352617,-0.02682272539314757
2021-05-05,-0.0005,0.0,0.00115370903798647,0.00758294450043791
2021-05-06,0.0049,0.0,0.010705337903997556,-0.0005241803524594158
2021-05-07,0.0084,0.0,7.845919576984339e-05,0.020659637092822855
2021-05-10,-0.013500000000000002,0.0,-0.011465332752140192,-0.03042910785672761
2021-05-11,-0.0063,0.0,-0.006091965627024246,0.0027422910441400883
2021-05-12,-0.023399999999999997,0.0,-0.01947229825088932,-0.028270401218324418
2021-05-13,0.0104,0.0,0.004185267506317763,0.03132198431322284
2021-05-14,0.0179,0.0,0.0037375843889778347,0.02482602371776938
2021-05-17,-0.0024,0.0,-0.003434218796940578,0.0032064822750632353
2021-05-18,-0.006999999999999999,0.0,-0.0006952663601480116,-0.0014077045134409712
2021-05-19,-0.0034000000000000002,0.0,-0.005606861628142678,-0.013718520190405101
2021-05-20,0.011399999999999999,0.0,0.014147069238363896,0.010688915889321107
2021-05-21,-0.0004,0.0,-0.009646028059025298,0.010613795658700395
2021-05-24,0.009899999999999999,0.0,0.001174826949514587,0.021408230971034208
2021-05-25,-0.003,0.0,0.004976431200498399,0.0003693134743017624
2021-05-26,0.0046,0.0,0.0021919050673395554,-0.002846679892708096
2021-05-27,0.0027,0.0,-0.002531110145016686,0.018761332169426766
2021-05-28,0.0004,0.0,-0.003441646131966665,-0.00012071975786372732
2021-06-01,0.0003,0.0,0.007021667168463937,0.0034465435863840943
2021-06-02,0.0011,0.0,0.0027118926636521324,-0.02051673543979448
2021-06-03,-0.0053,0.0,0.00043756246873372746,-0.004171256293546425
2021-06-04,0.009000000000000001,0.0,0.01445916878509279,0.007961496768387226
2021-06-07,0.0014000000000000002,0.0,0.0030063709424993047,0.00874056442022394
2021-06-08,0.0018,0.0,-0.0059556909234483564,0.008582711794731902
2021-06-09,-0.0029,0.0,-0.0057310155882853864,-0.01227127200505252
2021-06-10,0.0040999999999999995,0.0,0.00569914224602897,0.004914980769201948
2021-06-11,0.0037,0.0,-0.00614887961381675,-0.0032906768322953856
2021-06-14,0.0015,0.0,0.002108426945597812,0.0014521210317841367
2021-06-15,-0.003,0.0,0.003825481190566197,-0.006917904479694621
2021-06-16,-0.0046,0.0,-0.004329392411219467,-0.012888565311728283
2021-06-17,0.0001,0.0,0.0026954145765759976,-0.0035555747066965153
2021-06-18,-0.0123,0.0,-0.008446730178839604,-0.00388526116360571
2021-06-21,0.013600000000000001,0.0,0.006124605981569926,0.011454147917506593
2021-06-22,0.0058,0.0,0.011013646678134316,0.02398061330796985
2021-06-23,0.0,0.0,-0.0037791663282631554,0.00346224723790499
2021-06-24,0.0069,0.0,0.0021900029899045246,0.010688602590886788
2021-06-25,0.0031,0.0,-0.0011784357695193604,-0.013948770626738733
2021-06-28,0.0021,0.0,0.0002591468714130186,2.030325914082051e-05
2021-06-29,0.0001,0.0,-0.005301043730668005,-0.007033383711170166
2021-06-30,0.0007000000000000001,0.0,0.003127585466035983,-0.004566476717986546
2021-07-01,0.0044,0.0,0.0064500437473814665,0.02149648747338897
2021-07-02,0.005600000000000001,0.0,0.0018319876060545223,0.0052968813220138425
2021-07-06,-0.0027,0.0,0.004070169274316478,0.006868495701627
2021-07-07,0.001,0.0,-0.0035018688074870733,0.01036829934470826
2021-07-08,-0.0086,0.0,0.0002832743633371616,-0.013085142263662117
2021-07-09,0.0126,0.0,0.010796053521301313,0.008406535771557352
2021-07-12,0.0023,0.0,-0.003492961610993624,0.0010249968290630598
2021-07-13,-0.0055000000000000005,0.0,-0.0012104030307598574,-0.02301388128428386
2021-07-14,-0.0025,0.0,-0.0008971716996274658,0.003749588191963695
2021-07-15,-0.0038,0.0,0.000712699776100837,0.009813212622806393
2021-07-16,-0.0076,0.0,-0.0034328632343004176,0.004069472190013218
2021-07-19,-0.014199999999999999,0.0,-0.016166265804717576,-0.012271220106851354
2021-07-20,0.017,0.0,0.004414902432762088,0.019685051565904835
2021-07-21,0.0095,0.0,-0.0047605269557043466,0.031156068706629375
2021-07-22,0.001,0.0,0.0006915612393240806,0.020355214783757906
2021-07-23,0.009899999999999999,0.0,0.004415295663746332,0.01300304850507599
2021-07-26,0.0018,0.0,0.0058527989012460025,0.014345329244490506
2021-07-27,-0.006500000000000001,0.0,-0.007708763909304102,-0.004281273007140756
2021-07-28,0.0027,0.0,0.004646601292658712,0.008647206303531087
2021-07-29,0.0040999999999999995,0.0,-0.0018987515192432744,0.008868796463318625
2021-07-30,-0.006500000000000001,0.0,0.0013471873777970824,-0.017916106639561995
2021-08-02,-0.0012,0.0,-0.0012453771576193733,-0.0019036125080114116
2021-08-03,0.0073,0.0,-0.002476003454904725,0.02560290008816825
2021-08-04,-0.0039000000000000003,0.0,0.004949163709755721,-0.01429428094920433
2021-08-05,0.0074,0.0,0.006490020869087029,0.006512798755711023
2021-08-06,0.0009,0.0,-0.0008424729122899815,0.00587534240739463
2021-08-09,0.0,0.0,-0.0014447565626190886,-0.000185020721928086
2021-08-10,0.0006,0.0,0.0014780579758149938,0.012473745636458011
2021-08-11,0.002,0.0,0.00581713326959335,0.012289313016373642
2021-08-12,0.0024,0.0,0.004869011596730025,0.004169565346186971
2021-08-13,0.0002,0.0,0.002434157197463614,0.00012889382144124018
2021-08-16,-0.0003,0.0,0.0017665595976035131,-0.009860754412557021
2021-08-17,-0.0079,0.0,-0.002291744425038808,-0.021403716416214198
2021-08-18,-0.0096,0.0,-0.0013709225798298544,-0.00802403320460928
2021-08-19,-0.0013,0.0,0.0011931420057864927,0.0009096167620102802
2021-08-20,0.0092,0.0,0.005966653344066124,0.012259410683539501
2021-08-23,0.010700000000000001,0.0,0.011313926309543507,0.013661279940282246
2021-08-24,0.004,0.0,0.003932485833982891,0.022265572392533736
2021-08-25,0.0027,0.0,-0.0030413479681302836,-0.00893817349604984
2021-08-26,-0.006500000000000001,0.0,-0.007929195294934323,-0.008671510752295403
2021-08-27,0.010700000000000001,0.0,0.0008738235065048365,0.022450291373180904
2021-08-30,0.0034999999999999996,0.0,0.0018943531036306614,0.004111462659419473
2021-08-31,-0.0013,0.0,-0.009932639570206977,0.010102056395796604
2021-09-01,0.0011,0.0,-0.006407488015749146,0.002430331188120953
2021-09-02,0.0034999999999999996,0.0,-0.0020928193545371315,0.010341439631853609
2021-09-03,-0.0002,0.0,0.0008352194836486139,0.016813888650540437
2021-09-07,-0.0036,0.0,-0.0012429682369900729,-0.008998648749756442
2021-09-08,-0.0033,0.0,0.00675290425065431,-0.013375020478149889
2021-09-09,-0.0028000000000000004,0.0,0.007421361000211155,-8.32139708671336e-05
2021-09-10,-0.0076,0.0,-0.010648371708691044,-0.013123515704601841
2021-09-13,0.0014000000000000002,0.0,0.001346258561464887,0.005213685550875759
2021-09-14,-0.0066,0.0,0.00434151666151004,-0.0154884096637169
2021-09-15,0.0088,0.0,0.007756336495062086,0.010459270617717047
2021-09-16,-0.0005,0.0,0.006584128610080466,0.0046836984846833395
2021-09-17,-0.0074,0.0,-0.005373229955238105,-0.02427189582512425
2021-09-20,-0.018600000000000002,0.0,-0.0033635955837494364,-0.022923033915811086
2021-09-21,0.0003,0.0,0.001421931696574626,-0.0005718264226352583
2021-09-22,0.01,0.0,0.005580845040885651,0.006294845145002494
2021-09-23,0.0128,0.0,0.008355401388917825,0.0068256112218153826
2021-09-24,0.0009,0.0,0.0025815519082748005,0.014270612758585242
2021-09-27,-0.0011,0.0,-0.003011113023971215,-0.0033937335140010543
2021-09-28,-0.0217,0.0,-0.014098442697999201,-0.043825240443332275
2021-09-29,0.0004,0.0,0.00036672784638971446,0.005003482120555139
2021-09-30,-0.0103,0.0,-0.0014912881544900287,-0.00941312265152821
2021-10-01,0.011200000000000002,0.0,0.004735079048331996,0.020363417070053385
2021-10-04,-0.014199999999999999,0.0,-0.00907054013479365,-0.01728499847452345
2021-10-05,0.0106,0.0,0.013133685400262027,0.0074085738739543576
2021-10-06,0.0034000000000000002,0.0,0.005241798553438257,0.0007126192469266161
2021-10-07,0.0101,0.0,0.0150158916425406,0.014587068634080423
2021-10-08,-0.0027,0.0,-0.005448082190253888,-0.01899665296158728
2021-10-11,-0.0072,0.0,-0.0005341843196135418,-0.014686130056405136
2021-10-12,-0.0007000000000000001,0.0,0.0008898541684535923,-0.010565888339904614
2021-10-13,0.0043,0.0,-0.000670969576864312,-0.008797133211639756
2021-10-14,0.0165,0.0,0.00846937424155411,0.022948152008042854
2021-10-15,0.0064,0.0,0.008357488081855068,-0.001052713948149613
2021-10-18,0.004,0.0,0.004655909649985787,0.012338067038628085
2021-10-19,0.006999999999999999,0.0,0.002549561962290214,0.013263900275933002
2021-10-20,0.0034000000000000002,0.0,-0.00220089495828136,0.023509715178770763
2021-10-21,0.0036,0.0,0.00026627472113512074,-0.0031661342355933375
2021-10-22,-0.0025,0.0,0.0035166723819692602,-0.017952242535993083
2021-10-25,0.005600000000000001,0.0,0.008261102407047877,0.024305203267217274
2021-10-26,0.0005,0.0,0.001192907734851427,-0.009633302147646487
2021-10-27,-0.0076,0.0,-0.007003734768615779,-0.015256156155002998
2021-10-28,0.0111,0.0,0.0067824809147118215,0.008101601448758827
2021-10-29,0.0021,0.0,0.0040916615764934735,-0.0012646598400346074
2021-11-01,0.005,0.0,0.0004972181376877946,0.0031183421859916237
2021-11-02,0.0025,0.0,0.0034261008329289624,-0.008016716947547558
2021-11-03,0.0079,0.0,-0.00023793075089094656,0.013284813701710843
2021-11-04,0.0039000000000000003,0.0,0.009057308346180066,0.015202080559413748
2021-11-05,0.0037,0.0,0.0011839611684114492,0.009562460819137596
2021-11-08,0.0016,0.0,0.003381377317992651,-0.0008700327887093975
2021-11-09,-0.0034000000000000002,0.0,-0.003062869441126249,-0.00866222574382765
2021-11-10,-0.0104,0.0,-0.007212373211072199,0.0022620086100889752
2021-11-11,0.0017000000000000001,0.0,-0.0012596591690816664,-0.003952243265409023
2021-11-12,0.0074,0.0,0.008039665807971998,0.009331720544223408
2021-11-15,-0.0006,0.0,0.0073720167015831235,-0.008505587046029224
2021-11-16,0.0044,0.0,-0.0008243709826997007,0.0021755251387241808
2021-11-17,-0.0040999999999999995,0.0,-0.002360321702535152,0.0027569762166495867
2021-11-18,0.0014000000000000002,0.0,-0.0011531927035673788,6.754035132783796e-05
2021-11-19,-0.0025,0.0,0.005628606416319223,-0.0060500762942769706
2021-11-22,-0.005699999999999999,0.0,-0.011533558220571598,0.005561525590316278
2021-11-23,-0.0002,0.0,0.0014783743600322516,-0.004379650826422372
2021-11-24,0.003,0.0,0.0012010111846438888,-0.0036396008269024725
2021-11-26,-0.0223,0.0,-0.020744435283351174,-0.04706491481190381
2021-11-29,0.011000000000000001,0.0,0.008674758207810192,0.014018235731613359
2021-11-30,-0.0195,0.0,-0.01574713981780929,-0.043040219724856645
2021-12-01,-0.0159,0.0,-0.006361019474487882,-0.029228452443026003
2021-12-02,0.015300000000000001,0.0,0.0035154284818968073,0.01944852122538816
2021-12-03,-0.0118,0.0,-0.009507524732072392,-0.03060540753610549
2021-12-06,0.012,0.0,0.006043617206160739,0.011852283340633438
2021-12-07,0.0222,0.0,0.01645407841537821,0.025349857939659208
2021-12-08,0.0046,0.0,-0.0010462130092354785,0.013166145812301494
2021-12-09,-0.0104,0.0,-0.004540756986623218,-0.020749934137992556
2021-12-10,0.0070999999999999995,0.0,-0.003619181462725096,0.00612614398411046
2021-12-13,-0.0104,0.0,-0.012066823890083789,-0.01803162569844327
2021-12-14,-0.0076,0.0,-0.004150225994218182,-0.027586796862633003
2021-12-15,0.016200000000000003,0.0,0.006321222604026086,0.030497107138522002
2021-12-16,-0.011899999999999999,0.0,-0.005992000688216372,-0.026541091057871266
2021-12-17,-0.0066,0.0,0.0010475803295971003,-0.016143142002518138
2021-12-20,-0.0126,0.0,-0.020272884328756218,-0.017573407410113363
2021-12-21,0.0206,0.0,0.005736395118613776,0.014986895951507938
2021-12-22,0.0097,0.0,0.00845516794912211,0.011001649032907849
2021-12-23,0.0072,0.0,0.007565937807698691,0.005530922357934556
2021-12-27,0.0123,0.0,0.007149641055157347,0.024117500734436845
2021-12-28,-0.0026,0.0,4.021967751696156e-06,-0.011424655070813396
2021-12-29,0.0007000000000000001,0.0,-0.0001458460969567143,0.004226943606276578
2021-12-30,-0.0017000000000000001,0.0,0.003986203258252379,-0.015747127324525816
2021-12-31,-0.0031,0.0,-0.0018217326577313591,-0.019622282058639345
2022-01-03,0.0072,0.0,0.007920533048931618,0.009751345627826128
2022-01-04,-0.0027,0.0,0.003958393260859934,-0.004828679835778773
2022-01-05,-0.0226,0.0,-0.01869918579295652,-0.024261126452428526
2022-01-06,0.0,0.0,-0.00024573711430078747,0.0052686539405377465
2022-01-07,-0.0049,0.0,-0.008328454451441649,-0.009454016895677477
2022-01-10,-0.0014000000000000002,0.0,-0.0007065228395451287,-0.0063127969700364
2022-01-11,0.0108,0.0,-0.0006158721651113351,0.01119965225119626
2022-01-12,0.0013,0.0,-0.000534423289226508,0.012275942069603713
2022-01-13,-0.0155,0.0,-0.01734986653363588,-0.018112126356824913
2022-01-14,0.0008,0.0,0.006622292620094422,-0.005433594302482492
2022-01-18,-0.0206,0.0,-0.0063570445230098915,-0.02547394348110768
2022-01-19,-0.0102,0.0,-0.00784458814787266,0.006374892148400209
2022-01-20,-0.0115,0.0,-0.0065331183951408646,-0.016728948229107084
2022-01-21,-0.0209,0.0,-0.0073126347417972635,-0.027946411156921747
2022-01-24,0.0053,0.0,0.004186371887797772,-0.024325771972247286
2022-01-25,-0.014199999999999999,0.0,-0.012359452026212133,-0.01875099329347502
2022-01-26,-0.0029,0.0,-0.003073654564387745,-0.020841592302623474
2022-01-27,-0.0076,0.0,-0.009308719764790238,-0.0228806823395497
2022-01-28,0.0246,0.0,0.016794905582610865,0.01735559200584834
2022-01-31,0.0232,0.0,0.018500675368502743,0.0416079828739747
2022-02-01,0.0087,0.0,-0.0015371179751527669,0.014559013068585288
2022-02-02,0.0051,0.0,-0.0037386966667891795,0.009853675521080704
2022-02-03,-0.0248,0.0,-0.013940321340541576,-0.03160371922175572
2022-02-04,0.0089,0.0,0.007979402034068692,0.015033910666844586
2022-02-07,-0.0024,0.0,-0.001005610861666266,0.003637968449424685
2022-02-08,0.0102,0.0,0.008819449823499737,0.008353908027195135
2022-02-09,0.016,0.0,0.009400589130828613,0.019172579018718446
2022-02-10,-0.0169,0.0,-0.006499913757224332,-0.012016149959951119
2022-02-11,-0.0191,0.0,-0.00966457755227368,-0.03256345825508358
2022-02-14,-0.0034999999999999996,0.0,0.0015240612197979725,-0.015629941447746137
2022-02-15,0.018500000000000003,0.0,0.011655554445228849,0.019299432956825322
2022-02-16,-0.0002,0.0,0.004111392995132989,-0.006712855586395449
2022-02-17,-0.0229,0.0,-0.012910221817324983,-0.026016478397969292
2022-02-18,-0.0085,0.0,-0.0021454427268810207,-0.00036060213840566693
2022-02-22,-0.011699999999999999,0.0,-0.0002719069058024189,-0.0038415216973969185
2022-02-23,-0.0195,0.0,-0.014065590172709252,-0.024512697352968064
2022-02-24,0.0187,0.0,0.015386131355919319,0.023944165340239482
2022-02-25,0.022400000000000003,0.0,0.01094721718457414,0.03390205187578898
2022-02-28,0.0003,0.0,-0.004608919647141909,0.004747001848724478
2022-03-01,-0.0155,0.0,-0.010095856491415091,-0.009825216396901867
2022-03-02,0.0182,0.0,0.010617588540778173,0.01706556336878366
2022-03-03,-0.0086,0.0,0.0007759011598215508,-0.02282577772903724
2022-03-04,-0.0109,0.0,-0.01448938414158367,-0.0073760644773887135
2022-03-07,-0.031400000000000004,0.0,-0.016430608826609877,-0.04784411653592941
2022-03-08,-0.0053,0.0,0.00016125051340919183,-0.012954994302938843
2022-03-09,0.0279,0.0,0.02290584377504598,0.03511965290828481
2022-03-10,-0.004699999999999999,0.0,-0.010459886246881274,-0.012428279067558994
2022-03-11,-0.0148,0.0,-0.009890627372513703,-0.03024592193023711
2022-03-14,-0.0104,0.0,0.004747226593521494,0.015163795276803456
2022-03-15,0.0215,0.0,0.0034884962911877985,0.04568480898292368
2022-03-16,0.026000000000000002,0.0,0.027430371931445353,0.046482615971211394
2022-03-17,0.014199999999999999,0.0,0.011627522109039223,0.023239670237234396
2022-03-18,0.0132,0.0,0.0026652067264396045,0.009956993494389978
2022-03-21,-0.0017000000000000001,0.0,0.0008265782791443565,-0.006101130370313776
2022-03-22,0.013000000000000001,0.0,0.012193746318874233,0.0015868778698864584
2022-03-23,-0.0125,0.0,-0.011456912629198561,-0.010880995111873359
2022-03-24,0.014199999999999999,0.0,0.005660656213182314,0.003985660111292644
2022-03-25,0.0028000000000000004,0.0,-0.008591507988490262,-0.02396757262404602
2022-03-28,0.0073,0.0,0.0036032333896565643,0.009289628603080283
2022-03-29,0.0143,0.0,0.007303041609970391,0.005787217354648808
2022-03-30,-0.008199999999999999,0.0,0.0035068376145078574,-0.011698543089259958
2022-03-31,-0.0154,0.0,-0.006761936582502942,-0.016259665560337564
2022-04-01,0.0039000000000000003,0.0,0.006138641697203864,0.003009907769948521
2022-04-04,0.009300000000000001,0.0,0.012930652523148786,-0.009207383691813292
2022-04-05,-0.015300000000000001,0.0,-0.011923900375289407,-0.03455007238629408
2022-04-06,-0.0123,0.0,-0.019676415825173005,-0.003978240498566139
2022-04-07,0.0034000000000000002,0.0,0.0036811614287320226,0.015413275224853976
2022-04-08,-0.0038,0.0,-0.0016550718259352303,0.011957455604434616
2022-04-11,-0.0154,0.0,-0.01417937639315085,-0.02328822355993158
2022-04-12,-0.0029,0.0,-0.010403473869606878,0.007780581227103166
2022-04-13,0.0139,0.0,0.00831109795646981,0.012538080475410548
2022-04-14,-0.0128,0.0,-0.008721950569801705,-0.013005039762061224
2022-04-18,-0.0019,0.0,0.0002164040965344584,-0.010284248485724446
2022-04-19,0.0176,0.0,0.0029249945867202247,0.009753643051534902
2022-04-20,-0.0027,0.0,0.005246881326163987,-0.014624567152974067
2022-04-21,-0.0173,0.0,-0.008707900636999878,-0.01422759519048031
2022-04-22,-0.0274,0.0,-0.014153658099179678,-0.03871977736252803
2022-04-25,0.006999999999999999,0.0,0.005531387563918769,0.012432995535305167
2022-04-26,-0.029900000000000003,0.0,-0.015402436252968749,-0.027675715644115917
2022-04-27,0.0013,0.0,-0.006104326296685141,0.009914858325947535
2022-04-28,0.0245,0.0,0.010563251955613312,0.028898007412696686
2022-04-29,-0.0354,0.0,-0.012810832891178429,-0.05828558198028351
2022-05-02,0.008,0.0,0.007717148906707703,-0.005337892237783887
2022-05-03,0.0040999999999999995,0.0,0.003228191918223913,-0.0013339332285945095
2022-05-04,0.0301,0.0,0.013157326123946059,0.04774560037442421
2022-05-05,-0.038,0.0,-0.019679860476630538,-0.04079887775946392
2022-05-06,-0.0085,0.0,-0.004904123059192788,-0.007827385009990692
2022-05-09,-0.0352,0.0,-0.011294422060803605,-0.04020821904104864
2022-05-10,0.0022,0.0,-0.003660092498505791,0.0007316634311345144
2022-05-11,-0.019299999999999998,0.0,-0.01724495171396937,-0.02723880236101739
2022-05-12,0.0015,0.0,0.011684678834650932,-0.005758420857849329
2022-05-13,0.0274,0.0,0.02472368998268789,0.026793140924824994
2022-05-16,-0.0059,0.0,-0.008237804695827607,-0.012183316089929598
2022-05-17,0.0213,0.0,0.016139500735806507,0.023767689746055427
2022-05-18,-0.0406,0.0,-0.022686808518718737,-0.057023544163375406
2022-05-19,-0.0034000000000000002,0.0,0.0024191135040625383,-0.02891015229856006
2022-05-20,-0.0005,0.0,-0.00207046529016996,0.008229559860439604
2022-05-23,0.0175,0.0,0.009252134556010636,0.03235854549273892
2022-05-24,-0.0121,0.0,-0.01464452551903655,-0.006697395196273994
2022-05-25,0.0121,0.0,0.007565769969813908,0.013657286129217919
2022-05-26,0.0218,0.0,0.009773578998259631,0.041180106829308206
2022-05-27,0.0258,0.0,0.01204605158790418,0.04750335577460791
2022-05-31,-0.0070999999999999995,0.0,-0.00505548987536621,-0.013898023214666206
2022-06-01,-0.0074,0.0,-0.0053278181402075025,-0.007738914858273018
2022-06-02,0.0208,0.0,0.008596442499999028,0.018675177605860724
2022-06-03,-0.0163,0.0,-0.005921086356662733,-0.018152093969964807
2022-06-06,0.0033,0.0,-0.0027290323264048968,-0.000381890912608044
2022-06-07,0.01,0.0,0.0022116855703661377,0.016155331754992452
2022-06-08,-0.0102,0.0,-0.009944813655672395,-0.009926961315523532
2022-06-09,-0.024300000000000002,0.0,-0.016662164132450273,-0.04366011875719271
2022-06-10,-0.03,0.0,-0.022807478531058814,-0.04020427581716974
2022-06-13,-0.0412,0.0,-0.015771737939147108,-0.048020966310749445
2022-06-14,-0.0026,0.0,0.0017257635424543136,-0.008471685486854574
2022-06-15,0.0155,0.0,0.007075670703376068,0.03486199453566285
2022-06-16,-0.0352,0.0,-0.029028476250791274,-0.052551556332971795
2022-06-17,0.0045000000000000005,0.0,-0.001559119472640633,0.007862183481489503
2022-06-21,0.023799999999999998,0.0,0.019399856855294453,0.04955370930481395
2022-06-22,-0.0019,0.0,-0.003103511523082651,-0.01553070614638366
2022-06-23,0.011200000000000002,0.0,0.0092920352969744,0.01124582643247032
2022-06-24,0.0313,0.0,0.01655886473926706,0.045962223129073776
2022-06-27,-0.0027,0.0,0.006738035859460661,-0.01594611006426101
2022-06-28,-0.0209,0.0,-0.011811578215785185,-0.03308013207937028
2022-06-29,-0.0019,0.0,-0.0007909938094237586,-0.013725815178459472
2022-06-30,-0.0096,0.0,0.002293004119373631,-0.010573530625143978
2022-07-01,0.0115,0.0,0.0001614408205240234,0.02541352901216397
2022-07-05,0.0048,0.0,0.0014576740383272753,0.01117681568843747
2022-07-06,0.0017000000000000001,0.0,-0.00579624547273243,0.004545098920613574
2022-07-07,0.0176,0.0,0.015211689808622156,0.05216975700535048
2022-07-08,-0.0007000000000000001,0.0,-0.006632258930599441,0.008971488110915955
2022-07-11,-0.0138,0.0,-0.00975014278873181,-0.023864575208331216
2022-07-12,-0.0089,0.0,-0.008446946097381497,-0.0214268612504514
2022-07-13,-0.0039000000000000003,0.0,0.0027695123521517223,-0.024459548411499457
2022-07-14,-0.0040999999999999995,0.0,0.0006850636601932799,-0.005597326722744126
2022-07-15,0.0196,0.0,0.006366207830872003,0.026923740145174895
2022-07-18,-0.0070999999999999995,0.0,-0.0032255932013412454,-0.02408852747299764
2022-07-19,0.0281,0.0,0.01868063990091779,0.04494703500127477
2022-07-20,0.0089,0.0,0.00021570917637123068,0.010959316539725905
2022-07-21,0.0097,0.0,-0.0006805740437336545,0.03839109399279598
2022-07-22,-0.0118,0.0,0.0011427649950227449,-0.015971174478697198
2022-07-25,0.0012,0.0,0.000853600916391163,0.002325120913405489
2022-07-26,-0.0132,0.0,-0.0003173524101915178,-0.019106945824266693
2022-07-27,0.027200000000000002,0.0,0.018493390392633445,0.02609457076752634
2022-07-28,0.011899999999999999,0.0,0.006583680756434936,0.021405582249138033
2022-07-29,0.014499999999999999,0.0,0.002992867917626863,0.02754897038623138
2022-08-01,-0.002,0.0001,-0.003583449691360827,-0.003265099322980846
2022-08-02,-0.005,0.0001,-0.008323837611608747,-0.011670077827761435
2022-08-03,0.0167,0.0001,0.006253851474255777,0.020808857711732548
2022-08-04,-0.0005,0.0001,0.0020006588084932717,-0.0077069806195433676
2022-08-05,-0.0004,0.0001,0.0008808138022577169,-0.003150022937100753
2022-08-08,0.0,0.0001,-0.00961592342009083,-0.01751179064347624
2022-08-09,-0.0067,0.0001,0.0004244258764712022,-0.0007900993347691586
2022-08-10,0.0235,0.0001,0.017335445369018758,0.032054003608461105
2022-08-11,-0.0007000000000000001,0.0001,0.0024916082844141573,-0.009054037706597887
2022-08-12,0.0176,0.0001,0.009744117912172398,0.02507688510084426
2022-08-15,0.0038,0.0001,-0.0027437242241858863,0.01866666257283658
2022-08-16,0.0019,0.0001,0.010865841611327226,0.004547262532598442
2022-08-17,-0.0092,0.0001,-0.0043473314535501404,-0.014347003277602657
2022-08-18,0.0027,0.0001,-0.002968086890657985,0.02494973219336876
2022-08-19,-0.0149,0.0001,-0.004720578120156184,-0.007397631137203076
2022-08-22,-0.0213,0.0001,-0.009352869101556279,-0.04013310797900134
2022-08-23,-0.0011,0.0001,0.00672825312019489,0.010902599031632475
2022-08-24,0.0039000000000000003,0.0001,0.009935921298881153,-0.005302442911966937
2022-08-25,0.014499999999999999,0.0001,0.0021672241340249198,0.034668465669016255
2022-08-26,-0.0337,0.0001,-0.01815479450646211,-0.05839363867984204
2022-08-29,-0.0070999999999999995,0.0001,-0.006138899809484183,-0.011037913372751222
2022-08-30,-0.0111,0.0001,-0.012898738264362657,-0.02705243408788963
2022-08-31,-0.0075,0.0001,-0.004994052415331569,-0.008659177136639936
2022-09-01,0.0,0.0001,0.0034710353493906817,-0.016092486528468727
2022-09-02,-0.009899999999999999,0.0001,-0.011085912297488919,-0.01572256709474384
2022-09-06,-0.0051,0.0001,-0.003835360717299945,-0.01008183644111674
2022-09-07,0.0192,0.0001,0.011774810035758058,0.034323394067208995
2022-09-08,0.0078000000000000005,0.0001,0.01169944924797966,0.0050249901314438
2022-09-09,0.0167,0.0001,0.010895850943372967,0.006040017876025102
2022-09-12,0.010700000000000001,0.0001,0.014068234565465599,0.009572091007112152
2022-09-13,-0.0429,0.0001,-0.026472198516355818,-0.05190661738022331
2022-09-14,0.0044,0.0001,-0.007854301912964379,0.003300752670479664
2022-09-15,-0.0104,0.0001,-0.007615785778786326,-0.017021053458214967
2022-09-16,-0.0098,0.0001,-0.018257815684327782,-0.02654062221108839
2022-09-19,0.0072,0.0001,0.012532926352084795,0.020551660404083943
2022-09-20,-0.0115,0.0001,-0.008733308651709007,-0.02602748680789882
2022-09-21,-0.0168,0.0001,-0.010359851179703984,-0.017794954412913015
2022-09-22,-0.011399999999999999,0.0001,-0.00682195428072302,-0.03224054812448247
2022-09-23,-0.018500000000000003,0.0001,-0.013717060890381268,-0.02443629530093797
2022-09-26,-0.0102,0.0001,-0.008384973897312036,-0.026002315532332707
2022-09-27,-0.0004,0.0001,-0.0098016684129621,0.002827691317381121
2022-09-28,0.021400000000000002,0.0001,0.014635683378732025,0.022943957383862873
2022-09-29,-0.0216,0.0001,-0.01638982909282255,-0.037719726432010485
2022-09-30,-0.0143,0.0001,-0.011073440364380994,-0.009232432484024035
2022-10-03,0.0256,0.0001,0.022431267147039486,0.02136602308127152
2022-10-04,0.0329,0.0001,0.03233292715802343,0.041434974644629564
2022-10-05,-0.0021,0.0001,-0.00047917712863854725,-0.025352115808320124
2022-10-06,-0.0085,0.0001,-0.0017876645015681306,-0.006408743810006502
2022-10-07,-0.028999999999999998,0.0001,-0.0051816695989862745,-0.034771508758313203
2022-10-10,-0.008,0.0001,-0.011379437771360792,0.0006240399570837999
2022-10-11,-0.006999999999999999,0.0001,-0.00863411326796365,-0.010745071580583392
2022-10-12,-0.0027,0.0001,0.0003893106212571038,0.005011152933235614
2022-10-13,0.0241,0.0001,0.018291163030045576,0.04033207045116115
2022-10-14,-0.0245,0.0001,-0.016193148024052834,-0.03153214228284073
2022-10-17,0.0274,0.0001,0.018822097320310947,0.05058780790572766
2022-10-18,0.011899999999999999,0.0001,0.009427190270066131,0.012906644624158397
2022-10-19,-0.0087,0.0001,0.0020099481047711394,-0.006416182108889102
2022-10-20,-0.008,0.0001,-0.011259073482730034,-0.025787279173572552
2022-10-21,0.023,0.0001,0.013083782783875245,0.025580661359934583
2022-10-24,0.0103,0.0001,0.009475546146668727,0.0018767388267099505
2022-10-25,0.0178,0.0001,0.014485276975331881,0.028714031043897293
2022-10-26,-0.0066,0.0001,-0.016919169825981125,-0.013560121730313984
2022-10-27,-0.0054,0.0001,0.0019347670806154121,-0.02751277111238558
2022-10-28,0.0233,0.0001,0.02121944222310324,0.03483784011027028
2022-10-31,-0.0068000000000000005,0.0001,-0.008922805627870074,-0.0006471979609635984
2022-11-01,-0.0034999999999999996,0.0001,0.0026507595268212988,-0.014275474834817052
2022-11-02,-0.026699999999999998,0.0001,-0.014057663628039202,-0.05927282674359192
2022-11-03,-0.0103,0.0001,-0.0025517674435883435,-0.005334870742983955
2022-11-04,0.0116,0.0001,0.005335180041367171,0.006611315801014935
2022-11-07,0.0087,0.0001,0.011420039666850785,0.016854958005576706
2022-11-08,0.0051,0.0001,0.004554571223431732,0.031906013405286295
2022-11-09,-0.022400000000000003,0.0001,-0.01302176062032464,-0.03947950134244383
2022-11-10,0.056799999999999996,0.0001,0.029882916133430318,0.05913780716464673
2022-11-11,0.0106,0.0001,0.002129824609032408,0.009462409908295208
2022-11-14,-0.0095,0.0001,-0.0043659404079928596,-0.004697185251210773
2022-11-15,0.0103,0.0001,0.009936767993894407,0.01818571621457834
2022-11-16,-0.0102,0.0001,-0.008622894379564075,-0.0017660481458666767
2022-11-17,-0.0042,0.0001,-0.003758630805308298,-0.006244221660477108
2022-11-18,0.004,0.0001,0.0012141926344372313,0.018333713324187366
2022-11-21,-0.0052,0.0001,-0.011887518866448388,-0.01019089029606807
2022-11-22,0.013600000000000001,0.0001,0.007625152871114607,0.017397657170453683
2022-11-23,0.0063,0.0001,0.006191571035455684,0.014043084669618965
2022-11-25,-0.0003,0.0001,-0.015944909062539755,0.008508947310241825
2022-11-28,-0.0155,0.0001,-0.008028852250103241,-0.032977858657611644
2022-11-29,-0.0018,0.0001,-0.0011074769199844595,-0.015236081729540597
2022-11-30,0.031200000000000002,0.0001,0.015313166182465712,0.041053583124303634
2022-12-01,-0.0002,0.0002,-0.0037045261486465773,-0.0016029918819561923
2022-12-02,-0.0008,0.0002,0.001239946903068854,0.008448192786261141
2022-12-05,-0.0202,0.0002,-0.01625725216965203,-0.042105770620621506
2022-12-06,-0.0151,0.0002,-0.008773461366659834,-0.015581602450582164
2022-12-07,-0.0024,0.0002,-0.006029241193559316,-0.020271392922556468
2022-12-08,0.0076,0.0002,0.00519481324299897,0.00931581314441444
2022-12-09,-0.008,0.0002,-0.010880060019070013,-0.017602551404145093
2022-12-12,0.0141,0.0002,0.017079583352012994,0.03223441795880313
2022-12-13,0.0066,0.0002,0.0041853875125691725,-0.004175171145566796
2022-12-14,-0.005600000000000001,0.0002,-0.011946831296838956,-0.024701453740303976
2022-12-15,-0.025699999999999997,0.0002,-0.014402028702569717,-0.0432356492992793
2022-12-16,-0.0102,0.0002,0.004303800455444441,-0.009865172888181185
2022-12-19,-0.01,0.0002,-0.0038071978568723773,-0.012798203228130274
2022-12-20,0.0013,0.0002,0.0003244205501289687,-0.007453833355714616
2022-12-21,0.015300000000000001,0.0002,0.012260487468172893,0.01921260795038835
2022-12-22,-0.0152,0.0002,-0.002156183706580149,-0.019982172623444143
2022-12-23,0.0052,0.0002,-0.00211366210599266,0.0019073469261034677
2022-12-27,-0.005,0.0002,-0.00033553025066233616,0.009187405324045227
2022-12-28,-0.0124,0.0002,-0.016620788714572232,-0.02374329807386705
2022-12-29,0.0187,0.0002,0.02081594662761528,0.020930056237010504
2022-12-30,-0.0022,0.0002,0.009040837268312717,0.0118710815079108
2023-01-03,-0.004699999999999999,0.0002,-0.0024664462244844993,-0.0010618350265631216
2023-01-04,0.008100000000000001,0.0002,0.012409726734740402,0.022934589299653956
2023-01-05,-0.011399999999999999,0.0002,0.0005223761534812911,-0.018372901817673967
2023-01-06,0.022099999999999998,0.0002,0.011979998929774402,0.024901420775943206
2023-01-09,0.0003,0.0002,0.00037753228922712335,0.007605788185295749
2023-01-10,0.0079,0.0002,-0.0006358087046185566,0.015016052714018334
2023-01-11,0.0125,0.0002,0.004903670269240359,0.025318725340997522
2023-01-12,0.0045000000000000005,0.0002,0.007019488742073871,0.021684119905751975
2023-01-13,0.0046,0.0002,-0.0030929468929854127,0.010057645612246202
2023-01-17,-0.0018,0.0002,-0.014073461861603,-0.004911806506059452
2023-01-18,-0.0155,0.0002,-0.004654801446904053,-0.013668333584766849
2023-01-19,-0.0086,0.0002,0.002293770985500435,-0.0036371532413931895
2023-01-20,0.0194,0.0002,0.015639081055204136,0.02518601604941521
2023-01-23,0.0128,0.0002,0.005985670601012963,0.009061522237076786
2023-01-24,-0.0016,0.0002,-0.006680493916026749,0.0031345468960926417
2023-01-25,0.0,0.0002,-0.0051242916542541175,0.004539464375036154
2023-01-26,0.0108,0.0002,0.0011707944258328331,-0.0002365513697746435
2023-01-27,0.0034000000000000002,0.0002,0.004815358348055754,-0.0031689893245021587
2023-01-30,-0.0138,0.0002,-0.014720854117685296,-0.028369652309313043
2023-01-31,0.0158,0.0002,0.008790984198846748,0.02087901933033717
2023-02-01,0.011899999999999999,0.0002,0.011628025159465991,0.020463728184754334
2023-02-02,0.0154,0.0002,0.0081584699584412,0.027345014105805986
2023-02-03,-0.0108,0.0002,-0.0014944495492430292,-0.023037937092569172
2023-02-06,-0.0073,0.0002,-0.00039427006801508494,-0.012582985129752141
2023-02-07,0.0125,0.0002,-0.00274835237389576,0.031461119124598175
2023-02-08,-0.0118,0.0002,-0.006314953845339432,-0.02524121119846824
2023-02-09,-0.009399999999999999,0.0002,0.0005688135589424652,-0.004371454036494408
2023-02-10,0.0012,0.0002,0.0060861747508053135,-0.0019985826007421436
2023-02-13,0.011399999999999999,0.0002,0.005160292495992703,0.009710942011381027
2023-02-14,0.0012,0.0002,-0.005398090260367109,-0.01599474686545556
2023-02-15,0.005,0.0002,0.001687897035069802,0.012960771701658814
2023-02-16,-0.0137,0.0002,-0.010496161831539352,-0.01860014826879156
2023-02-17,-0.0028000000000000004,0.0002,0.0009462547783525144,-0.001313926377377712
2023-02-21,-0.0216,0.0002,-0.009950292277510334,-0.030589989374949146
2023-02-22,-0.0004,0.0002,-0.0027527663119240923,0.005356528552622866
2023-02-23,0.004699999999999999,0.0002,0.011930126365366594,0.01891479561974998
2023-02-24,-0.0108,0.0002,-0.004818255609764689,-0.014635204192971537
2023-02-27,0.0031,0.0002,-0.0029009786115319234,0.008526688843351015
2023-02-28,-0.0026,0.0002,-0.008598268798987226,-0.017792588707239244
2023-03-01,-0.0040999999999999995,0.0002,-0.0006058135473914192,-0.013215921064829708
2023-03-02,0.0067,0.0002,-0.0016550839400037817,0.005178298728740985
2023-03-03,0.0161,0.0002,0.006063508871531764,0.009554499313041857
2023-03-06,-0.0013,0.0002,0.0015564049649035641,-0.003199384294214231
2023-03-07,-0.014499999999999999,0.0002,-0.013391787967623322,-0.0045236226815339306
2023-03-08,0.0008,0.0002,0.0017950777521171606,0.006428518303106555
2023-03-09,-0.0202,0.0002,0.0026154480214065005,-0.03304065054608746
2023-03-10,-0.0168,0.0002,-0.011002536152564989,-0.022246474191984087
2023-03-13,-0.0034000000000000002,0.0002,0.0038937830604453046,0.008791258302635503
2023-03-14,0.0172,0.0002,0.018235324229348277,0.024994578820161862
2023-03-15,-0.0079,0.0002,-0.005344599859253315,0.0001807542173802799
2023-03-16,0.0176,0.0002,0.006265931761574712,0.0187403252389435
2023-03-17,-0.0121,0.0002,-0.009376828496522698,-0.016428073770787765
2023-03-20,0.0084,0.0002,0.005145144713308333,0.016391539427856622
2023-03-21,0.0149,0.0002,0.009361627354485303,0.007344811565397814
2023-03-22,-0.0174,0.0002,-0.014438325975870839,-0.030239096579705253
2023-03-23,0.0021,0.0002,-0.0008406496855637454,0.003522943057601962
2023-03-24,0.0046,0.0002,0.0045353462490538374,0.015969057526342385
2023-03-27,0.0028000000000000004,0.0002,0.0042899027579342405,0.00804740549307961
2023-03-28,-0.0017000000000000001,0.0002,0.005256476085922546,-0.007820371904412664
2023-03-29,0.0139,0.0002,0.012368349781884865,0.019296178309455726
2023-03-30,0.0051,0.0002,0.0035472999839091892,0.00792462422765073
2023-03-31,0.015300000000000001,0.0002,0.008006585911864506,0.018772286126481297
2023-04-03,0.0028000000000000004,0.0002,0.0004804283062040327,-0.002284986519269451
2023-04-04,-0.0072,0.0002,-0.000690765848148724,0.003290809802457774
2023-04-05,-0.0039000000000000003,0.0002,0.0018702030315144213,-0.006530626595855523
2023-04-06,0.0034000000000000002,0.0002,0.005793110203478403,-0.006232185423516399
2023-04-10,0.002,0.0002,0.003977145207196386,0.008601224248335936
2023-04-11,0.0006,0.0002,0.005608444187034393,0.003280297506971342
2023-04-12,-0.0051,0.0002,-0.007866314758601925,-0.015508726634493092
2023-04-13,0.0139,0.0002,0.001739462120729856,0.003471257413801118
2023-04-14,-0.0023,0.0002,0.005774114254421003,-0.012255653915628462
2023-04-17,0.0033,0.0002,-0.0018289409408204392,0.009403954466463584
2023-04-18,0.0004,0.0002,0.00601615898129126,-0.00025244742043940805
2023-04-19,-0.0004,0.0002,-0.003258943969437907,-0.004099217452241563
2023-04-20,-0.0060999999999999995,0.0002,-0.00010253749201825411,-0.0026075945582072955
2023-04-21,0.0008,0.0002,0.005468502380415415,-0.005563615905294407
2023-04-24,0.0,0.0002,-0.0006103275047893335,0.0033602310010631673
2023-04-25,-0.0176,0.0002,-0.014991883437896631,-0.04126680767518665
2023-04-26,-0.0040999999999999995,0.0002,0.003990813381023376,-0.019615756773241632
2023-04-27,0.018500000000000003,0.0002,0.007519185405161654,0.03126821492142425
2023-04-28,0.0078000000000000005,0.0002,-0.0030455006880587983,0.022937655499506337
2023-05-01,-0.0002,0.0002,0.0030819075305037868,-0.017334805243563033
2023-05-02,-0.0127,0.0002,-0.009575898605221267,0.0005762182050944911
2023-05-03,-0.005699999999999999,0.0002,-0.005799027596114062,-0.0056757196587741655
2023-05-04,-0.0078000000000000005,0.0002,-0.006892326451644413,0.0037139250511225657
2023-05-05,0.0191,0.0002,0.010971890787071099,0.009935337145510455
2023-05-08,0.0007000000000000001,0.0002,-0.00319407827762561,-0.004067127825903443
2023-05-09,-0.0043,0.0002,0.0032117266908664923,-0.005915977798767429
2023-05-10,0.0043,0.0002,0.004215508173856907,-0.0012424420097110283
2023-05-11,-0.002,0.0002,0.003376297239138144,0.009496322746139057
2023-05-12,-0.0022,0.0002,-0.0017832155276451107,-0.004532709569802572
2023-05-15,0.0046,0.0002,0.008547300338583851,0.016976390578141095
2023-05-16,-0.0072,0.0002,-0.007262682339750938,-0.018948670948717813
2023-05-17,0.0131,0.0002,0.005959295786583992,0.016391953910656655
2023-05-18,0.009899999999999999,0.0002,0.007228178829201397,0.00942921702906972
2023-05-19,-0.0026,0.0002,0.002440306875149872,-0.01775291808026326
2023-05-22,0.0017000000000000001,0.0002,0.001603718482634507,0.00769817592604305
2023-05-23,-0.011000000000000001,0.0002,-0.0014542810949897855,-0.010420278047592765
2023-05-24,-0.0072,0.0002,0.004279415165279092,-0.0017732760404122615
2023-05-25,0.006500000000000001,0.0002,0.0018442875407197528,0.01964569699071875
2023-05-26,0.0132,0.0002,0.009846904052463122,0.014458935271384626
2023-05-30,-0.0001,0.0002,0.001066608955358099,0.0012939157865188887
2023-05-31,-0.006,0.0002,-0.001671028583931665,-0.0035253901414815446
2023-06-01,0.0102,0.0002,0.006928123408815726,0.01500514907869864
2023-06-02,0.016200000000000003,0.0002,-0.0009597140669024671,0.01968811275113573
2023-06-05,-0.0026,0.0002,-0.008517754002468859,0.010792861186826304
2023-06-06,0.0046,0.0002,0.0034989783405329827,0.012234687204966165
2023-06-07,-0.0036,0.0002,-0.0008497685492929336,-0.010257331468773523
2023-06-08,0.0059,0.0002,0.0068677503041897564,0.021066959288994838
2023-06-09,0.0003,0.0002,-0.003636964375018823,0.01066975356626309
2023-06-12,0.009399999999999999,0.0002,0.011082842509738853,0.012852416237900356
2023-06-13,0.0074,0.0002,0.009632777752315108,0.000664109578256603
2023-06-14,-0.0003,0.0002,0.0026533611878082237,0.010941250435643703
2023-06-15,0.012199999999999999,0.0002,0.008606772443211468,0.004485807926837871
2023-06-16,-0.0045000000000000005,0.0002,-0.010618055754740322,0.002119583918249604
2023-06-20,-0.0048,0.0002,-0.001412311144598979,-0.004888066705182378
2023-06-21,-0.005600000000000001,0.0002,-0.016201671577847965,-0.028258144057693887
2023-06-22,0.0032,0.0002,0.006366848429996485,0.0016925575710136113
2023-06-23,-0.0084,0.0002,-0.005194963512539092,0.0042034415034915605
2023-06-26,-0.0048,0.0002,0.001990470541488012,0.0019157875225546133
2023-06-27,0.0121,0.0002,0.008169156937591153,0.0077583547628624775
2023-06-28,0.0003,0.0002,-0.0017947816286614008,0.013832111674884958
2023-06-29,0.0044,0.0002,-0.0006408440028565114,0.004699094743501275
2023-06-30,0.011399999999999999,0.0002,0.004846827743848393,0.01828405223001614
2023-07-03,0.0015,0.0002,0.010209403631102336,0.012142142237147682
2023-07-05,-0.0029,0.0002,-0.0066753265283574365,0.016381367926286215
2023-07-06,-0.009399999999999999,0.0002,-0.00362142279282265,-0.0017413270537484427
2023-07-07,-0.0013,0.0002,0.004200646128120019,-0.005690152787885555
2023-07-10,0.0036,0.0002,0.013246746762908436,-0.0052388775775511895
2023-07-11,0.0076,0.0002,0.005305042330021302,0.003646624614037423
2023-07-12,0.0074,0.0002,-0.002289783342885859,0.0032665944775358267
2023-07-13,0.009000000000000001,0.0002,0.004910817853618146,0.00211336279342353
2023-07-14,-0.0025,0.0002,-0.004355054269465883,0.0015278813846967966
2023-07-17,0.0048,0.0002,0.00067002777189594,0.013648793790976653
2023-07-18,0.0078000000000000005,0.0002,0.00439115727574731,-0.009476526394398615
2023-07-19,0.0025,0.0002,0.0031534781815141808,0.024242830073723715
2023-07-20,-0.008100000000000001,0.0002,-0.006331499569516303,-0.01659496288481907
2023-07-21,-0.0005,0.0002,-0.0026006495229244798,0.009242005080680932
2023-07-24,0.0031,0.0002,0.0004235366099706552,0.01136074950231373
2023-07-25,0.0025,0.0002,0.009934945099577592,-0.009896587367367501
2023-07-26,0.0001,0.0002,0.004515374123254601,-0.01733026307453642
2023-07-27,-0.0074,0.0002,-0.006282696990716718,-0.011836660656649131
2023-07-28,0.0113,0.0002,0.008257813142546812,0.01409459757642095
2023-07-31,0.0025,0.0002,0.003733298202478999,0.008952185669545842
2023-08-01,-0.0034000000000000002,0.0002,0.0029572253750765097,-0.004327104518216391
2023-08-02,-0.0149,0.0002,-0.008593228848455434,-0.0283891440268898
2023-08-03,-0.0019,0.0002,0.005193821712726054,0.0024984334254606806
2023-08-04,-0.0048,0.0002,0.0007482872291338024,-0.003622885167834422
2023-08-07,0.0077,0.0002,0.003649670047610623,0.009543372222478745
2023-08-08,-0.004699999999999999,0.0002,-0.006272569144522494,-0.011451547390275032
2023-08-09,-0.0078000000000000005,0.0002,-0.007019852915836181,-0.03074066671899962
2023-08-10,0.0001,0.0002,0.0038234251017611625,-0.0031235455634304114
2023-08-11,-0.0011,0.0002,-0.005097194156788604,-0.015774231085450823
2023-08-14,0.0051,0.0002,0.002096865704821534,0.010202792544596747
2023-08-15,-0.0118,0.0002,-0.005518726214283009,-0.00033935032736002546
2023-08-16,-0.008100000000000001,0.0002,-0.0017802802727900557,-0.007910333019582242
2023-08-17,-0.0087,0.0002,-0.00427730713690208,-0.01716639981260059
2023-08-18,0.0004,0.0002,0.002540744987367773,-0.01045536239986122
2023-08-21,0.0064,0.0002,0.013799963567367589,-0.0007721205513680744
2023-08-22,-0.0032,0.0002,-0.0024865543862275376,0.003537734814120745
2023-08-23,0.0108,0.0002,0.0034447329546730557,0.0061399729700718835
2023-08-24,-0.014199999999999999,0.0002,-0.008485628053807428,-0.026383185897288525
2023-08-25,0.006500000000000001,0.0002,0.009819544649000566,-0.0009114846823747273
2023-08-28,0.0063,0.0002,0.010251522935894562,0.018405503977720346
2023-08-29,0.015,0.0002,0.013713993132635901,0.022764027227083584
2023-08-30,0.0040999999999999995,0.0002,0.0037134782440915253,-0.02279258672664422
2023-08-31,-0.0008,0.0002,0.002804155055438211,0.01317212877084116
2023-09-01,0.0026,0.0002,0.002214850811141624,0.012068663615595155
2023-09-05,-0.0054,0.0002,-0.0021789906288104855,0.006291122548293112
2023-09-06,-0.0070999999999999995,0.0002,-0.010744782798202866,-0.007629404880699904
2023-09-07,-0.004,0.0002,0.001463007268673947,-0.0016600114506563016
2023-09-08,0.0012,0.0002,-0.002094299680263036,0.0009330413822424927
2023-09-11,0.0066,0.0002,0.013356375043150214,0.001070466944252451
2023-09-12,-0.0059,0.0002,-0.005785761697868688,-0.011979245549712912
2023-09-13,0.0003,0.0002,0.003178148710852058,-0.011117399993884083
2023-09-14,0.0083,0.0002,-0.002565973713588975,0.01931543131127387
2023-09-15,-0.0121,0.0002,-0.006696551569976874,-0.028225251431877353
2023-09-18,-0.0004,0.0002,0.0018426618525997805,-0.018737835256507674
2023-09-19,-0.0026,0.0002,-0.00480476825099197,0.008123296461796459
2023-09-20,-0.0095,0.0002,-0.009908808872244112,-0.018359060502489307
2023-09-21,-0.0168,0.0002,-0.016251997387086214,-0.024493175680682735
2023-09-22,-0.0025,0.0002,-0.0011744689776164744,-0.0045009413107241535
2023-09-25,0.0039000000000000003,0.0002,0.007251254189672938,0.00673305328564011
2023-09-26,-0.0146,0.0002,-0.008011240384905296,-0.017340630956545915
2023-09-27,0.0013,0.0002,0.002911868016891988,0.003727191483083921
2023-09-28,0.006500000000000001,0.0002,0.0050392647900246385,0.02772652119801443
2023-09-29,-0.0027,0.0002,-0.00411417491456722,-0.011307797656702003
2023-10-02,-0.0014000000000000002,0.0002,-7.586487330025284e-06,0.005307099918107634
2023-10-03,-0.0149,0.0002,-0.004691020093505828,-0.015496723040044945
2023-10-04,0.0077,0.0002,-0.003263566773010844,0.017031233119435735
2023-10-05,-0.0015,0.0002,-0.0034489231240595586,-0.02022745955738602
2023-10-06,0.0121,0.0002,0.014065671253635689,0.014112328604246474
2023-10-09,0.0059,0.0002,0.0030226172796631555,-0.001742793061681592
2023-10-10,0.006,0.0002,0.0031097009279128307,0.017155857848640224
2023-10-11,0.0033,0.0002,0.002190668026815411,-0.010766888521175513
2023-10-12,-0.008100000000000001,0.0002,5.1015274286644706e-05,-0.0026308182791684024
2023-10-13,-0.0059,0.0002,-0.001747622514354751,-0.012404557910365268
2023-10-16,0.0113,0.0002,0.008929836149978394,0.00826809082715108
2023-10-17,0.0009,0.0002,-0.009247544172435852,0.01262224278007659
2023-10-18,-0.0146,0.0002,-0.01563508291979292,-0.004981348847820141
2023-10-19,-0.0092,0.0002,-0.008432348492309451,-0.020758929366664996
2023-10-20,-0.0132,0.0002,-0.003759339731870832,-0.017380175358489708
2023-10-23,-0.0023,0.0002,-0.00578300351353907,-0.009072563674504536
2023-10-24,0.0074,0.0002,0.012006859567223497,0.0023884838778178773
2023-10-25,-0.015700000000000002,0.0002,-0.004400713446092437,-0.028822032036409827
2023-10-26,-0.011399999999999999,0.0002,-0.010209483787566689,-0.0241838703586367
2023-10-27,-0.0052,0.0002,0.000219152462280847,-0.03493791937138839
2023-10-30,0.0115,0.0002,0.01139996607762899,0.018155944093434195
2023-10-31,0.0063,0.0002,0.0006830488685917695,0.010954678225050167
2023-11-01,0.009300000000000001,0.0002,0.012410845504669046,0.020179402618784835
2023-11-02,0.0194,0.0002,0.010722972575569074,0.026651023438538216
2023-11-03,0.011000000000000001,0.0002,0.012239640389051487,-0.00646468626236162
2023-11-06,0.0001,0.0002,0.0026650265284305814,-0.0019605159130421834
2023-11-07,0.0034999999999999996,0.0002,0.005918936094666588,0.0018501855117270694
2023-11-08,-0.0003,0.0002,0.0013484185779280185,0.007416209072822061
2023-11-09,-0.0089,0.0002,0.00022919476422743803,-0.006465121195633146
2023-11-10,0.0149,0.0002,0.0076319306398969925,0.02388644454736023
2023-11-13,-0.0005,0.0002,-0.004758562972644214,-0.019907155546929813
2023-11-14,0.0218,0.0002,0.011827224875203334,0.02785195334995321
2023-11-15,0.0018,0.0002,0.010191803398979257,0.0013688377305000722
2023-11-16,-0.0011,0.0002,0.0005705128050394428,-0.00496861297307226
2023-11-17,0.0025,0.0002,-0.004011597095604405,0.006201649753252574
2023-11-20,0.0073,0.0002,0.013137942913358748,0.015220137387911363
2023-11-21,-0.0032,0.0002,0.0033240553457074946,0.004027640834660181
2023-11-22,0.004699999999999999,0.0002,0.009196451530339118,-0.007773585142783948
2023-11-24,0.0011,0.0002,-0.004661088701039897,0.004407908629859559
2023-11-27,-0.0023,0.0002,0.005152615654171856,-0.007229840222679908
2023-11-28,0.0005,0.0002,0.004056539522508761,0.002549947895114771
2023-11-29,0.0001,0.0002,0.003987084107414735,-0.009560567072272914
2023-11-30,0.0034999999999999996,0.0002,0.005171843017763672,-0.012910462540704897
2023-12-01,0.008100000000000001,0.0002,0.010039218856047907,0.014373055850707394
2023-12-04,-0.0044,0.0002,0.0036830364700115165,-0.004897637253979838
2023-12-05,-0.0021,0.0002,-0.0030017768516798953,0.008951538013732264
2023-12-06,-0.004,0.0002,-0.007404735164430286,0.00019369725392911122
2023-12-07,0.008100000000000001,0.0002,0.0022833380531510454,0.01749709840797195
2023-12-08,0.0044,0.0002,-0.00089039221463765,0.00921977051644779
2023-12-11,0.0036,0.0002,0.008575509980796035,-0.020276165850397022
2023-12-12,0.0034000000000000002,0.0002,-0.003846955105508709,0.001694314085872041
2023-12-13,0.0154,0.0002,0.010958948021151214,0.033989958852083044
2023-12-14,0.005,0.0002,0.003429016734541625,0.02036230057373601
2023-12-15,-0.0006,0.0002,-0.005877471511529495,0.002569720150043756
2023-12-18,0.0042,0.0002,0.004500257088024785,0.010323098440098677
2023-12-19,0.0072,0.0002,-0.0010715584376841144,0.0063670008316522005
2023-12-20,-0.0155,0.0002,0.00462409657293921,-0.014585552443209185
2023-12-21,0.0109,0.0002,0.014115390711578768,0.012396860071813882
2023-12-22,0.002,0.0002,-0.006426165617337225,0.019211683724086166
2023-12-26,0.0048,0.0002,-0.0006153481322798694,0.01380399380087439
2023-12-27,0.0016,0.0002,0.011436075008952476,0.016599291240317452
2023-12-28,-0.0001,0.0002,0.003483137678203792,0.019513729634475153
2023-12-29,-0.0043,0.0002,0.0006158221074377138,0.006785039537549176
2024-01-02,-0.006999999999999999,0.0002,-0.009412048480014649,-0.008001819266406992
2024-01-03,-0.0101,0.0002,-0.01752314517479284,-0.02259154224203795
2024-01-04,-0.0033,0.0002,-0.001334762798695348,-0.000708074306498639
2024-01-05,0.0015,0.0002,0.0088650287013351,0.00854570656817941
2024-01-08,0.0149,0.0002,0.007803743089965552,0.0016576544400461724
2024-01-09,-0.0021,0.0002,0.003157431401706016,-0.01708191162497905
2024-01-10,0.0051,0.0002,-0.0014784291233268633,0.0021346839994551615
2024-01-11,-0.0014000000000000002,0.0002,-0.005653841834765111,0.006566454521017673
2024-01-12,-0.0001,0.0002,0.007336116782078715,-0.01673411493884916
2024-01-16,-0.004699999999999999,0.0002,-0.011647401982531655,-0.003744186176301552
2024-01-17,-0.0059,0.0002,-0.00878963113005301,-0.008043387118878989
2024-01-18,0.0087,0.0002,0.0041963954408260505,0.0227392269950114
2024-01-19,0.011899999999999999,0.0002,0.02052784034827956,0.00898076374424313
2024-01-22,0.0038,0.0002,0.001283173719872192,0.01106223420074945
2024-01-23,0.0022,0.0002,0.005097352038223538,-0.01471480906499097
2024-01-24,-0.0001,0.0002,-0.0012631997359615883,0.005003686738298004
2024-01-25,0.0046,0.0002,0.003159918547637399,0.005833776844335604
2024-01-26,-0.0002,0.0002,0.0029361663008371504,0.006350234333170825
2024-01-29,0.0085,0.0002,0.013056741164191447,-0.00018403378353561376
2024-01-30,-0.0012,0.0002,0.0011858640990116288,-0.0007301910261736674
2024-01-31,-0.0174,0.0002,-0.0038541978492733285,-0.026992684481584085
2024-02-01,0.012199999999999999,0.0002,0.008859319037963052,0.02087082855884736
2024-02-02,0.009899999999999999,0.0002,-0.003881246676405429,0.003147393441587773
2024-02-05,-0.0042,0.0002,-0.00039178549506869423,-0.010211107393908856
2024-02-06,0.0027,0.0002,-0.00023750427170918858,0.0009179291013459437
2024-02-07,0.0077,0.0002,0.0029951245648573545,0.0215187986745385
2024-02-08,0.0021,0.0002,0.0027200750617929906,-0.00624232070740912
2024-02-09,0.006500000000000001,0.0002,0.010456268047161094,-0.008417647259263566
2024-02-12,0.0004,0.0002,-0.003520724946050195,-0.011030547509216622
2024-02-13,-0.016,0.0002,-0.005589756623147522,-0.03594592239021714
2024-02-14,0.011399999999999999,0.0002,0.010414071010729994,0.018969075069429867
2024-02-15,0.0067,0.0002,0.002874930038435567,0.006677596656685342
2024-02-16,-0.0053,0.0002,-0.0036438799730092266,-0.004129936111591897
2024-02-20,-0.0073,0.0002,-0.004404455710406866,0.014254827357615442
2024-02-21,-0.0002,0.0002,0.002556722724080539,0.0013825494929106288
2024-02-22,0.0202,0.0002,0.013003440602788574,0.043231598827644574
2024-02-23,0.0002,0.0002,0.00375764909569459,-0.010057743101655164
2024-02-26,-0.0026,0.0002,0.0014429573281285837,-0.006874748014614728
2024-02-27,0.0026,0.0002,-0.00479417096086275,-0.004053838367868684
2024-02-28,-0.0026,0.0002,-0.006926208388801787,0.008070341486648406
2024-02-29,0.0053,0.0002,-0.007576415674566947,0.003983943114805894
2024-03-01,0.0076,0.0002,0.008497352671476256,-0.006247130968836068
2024-03-04,-0.0018,0.0002,-0.003836676965729035,-0.028686703822005454
2024-03-05,-0.010700000000000001,0.0002,-0.003323450596770012,-0.009824250630063322
2024-03-06,0.0053,0.0002,0.01561117251801474,0.0033328845575628873
2024-03-07,0.0102,0.0002,0.015191984923252405,0.007243820567751644
2024-03-08,-0.0066,0.0002,-0.00609305373941343,-0.014384042270855801
2024-03-11,-0.002,0.0002,0.005658851195904531,-0.006184082878364897
2024-03-12,0.0104,0.0002,0.014010445516780235,0.01305727481694723
2024-03-13,-0.0014000000000000002,0.0002,-0.0026526013576962395,-0.012340788417503376
2024-03-14,-0.0042,0.0002,-0.006204348548583711,-0.018642459438577123
2024-03-15,-0.0058,0.0002,0.0006126009805232979,-0.007923001165681615
2024-03-18,0.0053,0.0002,1.541432689988864e-05,0.013930602335979798
2024-03-19,0.0054,0.0002,0.009143544097487324,0.015757377515831568
2024-03-20,0.0102,0.0002,0.0009404474710195731,0.02552600954742447
2024-03-21,0.0042,0.0002,0.0017646339995006034,0.013503303663012617
2024-03-22,-0.0023,0.0002,-0.0046769180194523585,-0.02072827709443728
2024-03-25,-0.0027,0.0002,-0.0008736856935313496,-0.004573681823348329
2024-03-26,-0.0026,0.0002,0.0004164032828552854,-0.024769244609183675
2024-03-27,0.0088,0.0002,-0.002213152041670416,0.014303942851236906
2024-03-28,0.0011,0.0002,-0.001839702032582611,0.02525431763556272
2024-04-01,-0.0026,0.0002,-0.0029126095561742087,0.016248865938022862
2024-04-02,-0.0085,0.0002,-0.0044584009531825775,-0.009001968632225578
2024-04-03,0.0017000000000000001,0.0002,0.001847504394126586,0.003784527799786642
2024-04-04,-0.012199999999999999,0.0002,0.001968053663675622,-0.01627103871952772
2024-04-05,0.0106,0.0002,0.0024881649214918834,0.010295940239130571
2024-04-08,0.0001,0.0002,-0.007381515591585497,0.0012699068339053145
2024-04-09,0.0013,0.0002,0.004048157964131014,0.012207520394382275
2024-04-10,-0.01,0.0002,-0.007929645462295676,-0.01514123536802707
2024-04-11,0.0073,0.0002,-0.004117301195216964,0.01522355870511955
2024-04-12,-0.015300000000000001,0.0002,-0.012179487763460799,-0.021560957309529005
2024-04-15,-0.0129,0.0002,-0.0001422241113648812,0.006116912637961752
2024-04-16,-0.0023,0.0002,-0.001450310976600352,-0.0033245822182507993
2024-04-17,-0.0064,0.0002,-0.007067850667451932,-0.007531447787115374
2024-04-18,-0.0027,0.0002,0.006043349759733439,-0.010221228522177068
2024-04-19,-0.008199999999999999,0.0002,-0.00412757117597864,-0.027662905340486828
2024-04-22,0.0087,0.0002,0.004261536249410597,0.011073604273198251
2024-04-23,0.0127,0.0002,0.013596631638345577,0.0051712159026776
2024-04-24,-0.0001,0.0002,-0.006846193805528731,-0.00704336373282365
2024-04-25,-0.004699999999999999,0.0002,-0.009984935984764798,0.007476369757338103
2024-04-26,0.0103,0.0002,0.0023709176948788157,0.025462472504388326
2024-04-29,0.0033,0.0002,-0.004083532580535007,-0.00488735226379138
2024-04-30,-0.0167,0.0002,-0.014734241327878641,-0.024569592694419457
2024-05-01,-0.0027,0.0002,-0.0005376860492180737,-0.0059354436730815275
2024-05-02,0.0101,0.0002,0.015489469720373116,0.020576670153878512
2024-05-03,0.0118,0.0002,0.0031526614920999838,0.02659644709421746
2024-05-06,0.0108,0.0002,0.009070539662424208,0.0060377363909156915
2024-05-07,0.0005,0.0002,-0.0032637549437164763,0.009427857800347269
2024-05-08,-0.0009,0.0002,-0.0020011361280301986,-0.006598539889379741
2024-05-09,0.0052,0.0002,0.01133985069340362,0.01685645729358793
2024-05-10,0.0009,0.0002,-0.001928048821510445,-2.7361956576376186e-05
2024-05-13,-0.0004,0.0002,0.003959456087688909,0.009548129768249381
2024-05-14,0.005600000000000001,0.0002,-8.344194903060946e-05,-0.015722959696735875
2024-05-15,0.0115,0.0002,0.011897708605327998,0.02752304760193172
2024-05-16,-0.0025,0.0002,0.011341392234162742,-0.005594021060459561
2024-05-17,0.0011,0.0002,-0.006823905817127656,-0.01079777817728793
2024-05-20,0.0014000000000000002,0.0002,-0.0018202049609131131,0.00420891219462849
2024-05-21,0.0016,0.0002,0.005829139596099485,-0.01636158582932806
2024-05-22,-0.0034999999999999996,0.0002,0.0034214173103410896,-0.00566175538892277
2024-05-23,-0.0084,0.0002,-0.007006160058226087,-0.015025063219677405
2024-05-24,0.0070999999999999995,0.0002,0.00757997712568493,0.008407644922252546
2024-05-28,-0.0004,0.0002,0.0017257837732875907,-0.008055652042075256
2024-05-29,-0.0077,0.0002,-0.007466131536664404,-0.003022562279177438
2024-05-30,-0.0053,0.0002,0.005614481163600432,-0.01151463750410892
2024-05-31,0.0068000000000000005,0.0002,0.0004952990594836651,0.0020795597383031724
2024-06-03,0.0005,0.0002,-0.006724329503388907,0.005079251884083845
2024-06-04,-0.0006,0.0002,0.006010668341905132,0.006567492063670925
2024-06-05,0.0123,0.0002,0.007805546156092927,0.022215017252259286
2024-06-06,-0.0006,0.0002,0.0029072816077021046,-0.0031179152114494332
2024-06-07,-0.0023,0.0002,-0.00410247405192055,0.0024777028527981112
2024-06-10,0.0027,0.0002,0.007005802884022256,-0.0053423164600656745
2024-06-11,0.002,0.0002,0.006497313458215754,0.007877051640453119
2024-06-12,0.009399999999999999,0.0002,0.01333751470687212,0.009617431535820854
2024-06-13,0.0005,0.0002,-0.0089960650849349,0.0027520426046242726
2024-06-14,-0.0016,0.0002,-0.004237130025125296,-0.006196205633033166
2024-06-17,0.0078000000000000005,0.0002,0.00741089787686393,0.010692711301616059
2024-06-18,0.002,0.0002,0.004195811985759781,0.012497002810482124
2024-06-20,-0.003,0.0002,-0.004593612756972262,0.00797024042525298
2024-06-21,-0.0013,0.0002,-0.008811218650676729,0.0031299346295219624
2024-06-24,-0.0026,0.0002,0.002411182662875179,-0.007645454559646869
2024-06-25,0.0031,0.0002,-0.0034201216069028586,0.023464636152800308
2024-06-26,0.0016,0.0002,-0.0004490926383833605,-0.010546055121830282
2024-06-27,0.0014000000000000002,0.0002,0.003269369767120674,0.010073317812462346
2024-06-28,-0.0034999999999999996,0.0002,-0.005689562338816295,-0.017013307145421083
2024-07-01,0.0023,0.0002,0.007699325619169903,0.006132682793132901
2024-07-02,0.005699999999999999,0.0002,0.00360274212689076,0.007962425515328468
2024-07-03,0.0048,0.0002,0.0025381096051065206,-0.018787662855213834
2024-07-05,0.0048,0.0002,0.008457849567719635,0.0033971899054980057
2024-07-08,0.001,0.0002,0.0047593904223055625,-0.010457431731972479
2024-07-09,0.0,0.0002,-0.008932396005496,0.013717019545382016
2024-07-10,0.0097,0.0002,0.005860273268871083,0.017065151369220547
2024-07-11,-0.006,0.0002,-0.006894421718393589,-0.0011393660023991561
2024-07-12,0.0058,0.0002,0.0026941759769316294,0.025919658183558653
2024-07-15,0.0038,0.0002,-0.0008391136580283011,0.01628225178937614
2024-07-16,0.008199999999999999,0.0002,0.007704868539325968,0.005035178710976389
2024-07-17,-0.0149,0.0002,-0.02200057760596713,-0.022977566603365848
2024-07-18,-0.0095,0.0002,-0.009336998803292062,-0.01183525443217382
2024-07-19,-0.0068000000000000005,0.0002,-0.00412443873125214,-0.018868622538663088
2024-07-22,0.0108,0.0002,0.00973071259058359,0.013149865571091891
2024-07-23,-0.0007000000000000001,0.0002,0.009835179439516645,0.004353119530813445
2024-07-24,-0.024,0.0002,-0.012483902728494334,-0.04277065708828182
2024-07-25,-0.003,0.0002,0.003186388251313925,-0.005100881576436771
2024-07-26,0.011000000000000001,0.0002,0.004258016640370691,-0.005263172609217105
2024-07-29,-0.0002,0.0002,-0.0022073853457604013,-0.007725178071282921
2024-07-30,-0.0049,0.0002,-0.003612927506773352,-0.010114383022606803
2024-07-31,0.0152,0.0002,0.015387582281099694,0.015947794763081582
2024-08-01,-0.0161,0.0002,0.0007188759522246431,-0.024814506208747332
2024-08-02,-0.021099999999999997,0.0002,-0.022359215058276264,-0.02431822788323444
2024-08-05,-0.0302,0.0002,-0.02375726987718228,-0.042052727781650485
2024-08-06,0.01,0.0002,0.007163223577857966,0.013968139323966278
2024-08-07,-0.0083,0.0002,-0.004759392201662101,-0.013231610544740412
2024-08-08,0.023799999999999998,0.0002,0.016296551185530847,0.031769087342746805
2024-08-09,0.0043,0.0002,0.001786178746175122,0.004543105514545911
2024-08-12,-0.0008,0.0002,0.0025119492549001816,0.007180765653693313
2024-08-13,0.0169,0.0002,0.013689534782180116,0.014651035808721556
2024-08-14,0.003,0.0002,-0.012407538474839141,0.0001524870220067108
2024-08-15,0.0177,0.0002,0.015723715104287724,0.025150979331200203
2024-08-16,0.0022,0.0002,0.009177316846440256,0.00828388775830857
2024-08-19,0.0098,0.0002,0.006256268304277685,0.03935400802389483
2024-08-20,-0.0031,0.0002,-0.00525399293706533,0.004505207724596257
2024-08-21,0.0051,0.0002,0.006543642438994811,0.016233064366344824
2024-08-22,-0.0096,0.0002,-0.006501389414479822,-0.018830129499656206
2024-08-23,0.0129,0.0002,0.005994715352510843,0.013197441661941143
2024-08-26,-0.0034000000000000002,0.0002,-4.6854823232363906e-05,-0.0003526237735533632
2024-08-27,0.0005,0.0002,0.002184257928450779,-0.0027983522201871923
2024-08-28,-0.0066,0.0002,-0.012096809096052728,-0.002599596753210229
2024-08-29,0.0007000000000000001,0.0002,0.005210494213685539,0.015513482830684275
2024-08-30,0.0098,0.0002,-0.0006265807921696393,0.010435102650999718
2024-09-03,-0.0226,0.0002,-0.022882078739190438,-0.03768150380065805
2024-09-04,-0.0022,0.0002,0.0032036827013412206,-0.005614168002774552
2024-09-05,-0.0031,0.0002,-0.0013833845872351068,-0.008200428237954388
2024-09-06,-0.0182,0.0002,-0.01775366428146974,-0.02092455042477768
2024-09-09,0.0109,0.0002,0.0009256686822370286,0.01939963671827168
2024-09-10,0.004,0.0002,0.0020954851214222605,0.0028539840464480055
2024-09-11,0.0104,0.0002,0.003607873441163718,0.02289840981294089
2024-09-12,0.008,0.0002,0.01670869856845382,0.016862510038881583
2024-09-13,0.006999999999999999,0.0002,0.007500851757510145,0.016280631146187344
2024-09-16,0.0016,0.0002,-0.0025022560296832468,-0.006564269462489069
2024-09-17,0.0008,0.0002,0.0038325333608721273,0.002084202773574271
2024-09-18,-0.0025,0.0002,-0.0029208111471163045,0.006560943361195678
2024-09-19,0.0177,0.0002,0.009371021409362837,0.024853286455359627
2024-09-20,-0.0026,0.0002,0.0036889989665668077,-0.0037771452260971015
2024-09-23,0.0021,0.0002,0.0038390777245181917,0.009792226849201268
2024-09-24,0.0024,0.0002,-0.0020853163456947513,0.005521545178963399
2024-09-25,-0.0029,0.0002,0.0004824296646871645,0.006137379490101804
2024-09-26,0.0043,0.0002,0.009923978930849191,-0.001053856244339881
2024-09-27,-0.0009,0.0002,0.0013610886718389986,0.009908588556676274
2024-09-30,0.0036,0.0002,-0.005105775674895667,0.004773874233922371
2024-10-01,-0.0097,0.0002,-0.00738989478032388,-0.011113922275001915
2024-10-02,0.0,0.0002,0.0011024553096890357,0.005386467318211293
2024-10-03,-0.0023,0.0002,-0.001882293747660727,0.01314085912659667
2024-10-04,0.0103,0.0002,0.006634228986343108,0.014872648035338899
2024-10-07,-0.0097,0.0002,-0.006403627801517354,-0.008840507661625504
2024-10-08,0.0087,0.0002,0.001898282461114076,0.028034877371755855
2024-10-09,0.0069,0.0002,-0.0029181915866124757,0.009785899367322562
2024-10-10,-0.002,0.0002,-0.0043424614263537645,-0.009103326048760145
2024-10-11,0.0075,0.0002,0.004352533443248931,-0.0014182676209359792
2024-10-14,0.006999999999999999,0.0002,0.007355881698002966,-2.6830264804678956e-05
2024-10-15,-0.0072,0.0002,0.004882248525332813,-0.027351888438567805
2024-10-16,0.0052,0.0002,0.0032237953168624124,0.0023546700308506234
2024-10-17,-0.0005,0.0002,-0.0001864752373090866,-0.0032886344720685946
2024-10-18,0.0036,0.0002,-0.003381027949307815,0.009740689285018323
2024-10-21,-0.0029,0.0002,-0.0007264803584098554,-0.016489946624135433
2024-10-22,-0.0011,0.0002,0.00042122917936167304,0.0001327967852073521
2024-10-23,-0.0097,0.0002,-0.0008176372713402082,-0.027457094662792614
2024-10-24,0.0029,0.0002,0.00039802933606216285,0.017093618961147576
2024-10-25,-0.0008,0.0002,-0.003406924244061189,0.01457593566315676
2024-10-28,0.0038,0.0002,0.0007735723344758271,0.012499358166923902
2024-10-29,0.0015,0.0002,0.009693578510857542,-0.002539048569680153
2024-10-30,-0.0032,0.0002,-0.0009186303945804426,-0.0004068847103922583
2024-10-31,-0.018000000000000002,0.0002,-0.014918688131277882,-0.019110485063396358
2024-11-01,0.004699999999999999,0.0002,-0.00994181693592612,0.00028046226614693423
2024-11-04,-0.0027,0.0002,0.0009282760089845669,0.0017350279501715201
2024-11-05,0.013000000000000001,0.0002,0.008885599919535922,0.020667353393487325
2024-11-06,0.0291,0.0002,0.0261668881624358,0.04946118217260725
2024-11-07,0.0066,0.0002,0.007480812619823589,0.0037364332311652306
2024-11-08,0.0043,0.0002,0.00023629961627003333,0.017127818185977854
2024-11-11,0.0032,0.0002,0.010680788468337104,-0.001108822869294933
2024-11-12,-0.0038,0.0002,-0.004469574101023538,-0.005219798501314463
2024-11-13,-0.0012,0.0002,-0.004204755766643426,-0.007365838822635532
2024-11-14,-0.0070999999999999995,0.0002,-0.004852264897585037,-0.007069089532950303
2024-11-15,-0.0138,0.0002,-0.008761717730245236,-0.021621077345395343
2024-11-18,0.0040999999999999995,0.0002,0.0009298492852641411,0.0039585040172155405
2024-11-19,0.0049,0.0002,-0.0022848766899399723,0.0019590005799634083
2024-11-20,0.0004,0.0002,0.0034057454061727954,0.00534549848068825
2024-11-21,0.006500000000000001,0.0002,0.006778772457545638,0.01483152931591068
2024-11-22,0.0053,0.0002,0.0014140525917944752,0.009771154138863218
2024-11-25,0.0040999999999999995,0.0002,0.0010485155909525912,-0.01282750975036678
2024-11-26,0.0042,0.0002,-0.011254895683931891,-0.0030476974431884614
2024-11-27,-0.0039000000000000003,0.0002,-0.010744888200797581,-0.01368659744224565
2024-11-29,0.0054,0.0002,0.007712951663999557,0.01697971878908039
2024-12-02,0.0023,0.0002,-0.002919750485079257,0.013801014646303617
2024-12-03,0.0004,0.0002,-0.0014288749411455154,-0.003972793374035411
2024-12-04,0.006999999999999999,0.0002,0.00524144937930672,0.0032298507291387813
2024-12-05,-0.0028000000000000004,0.0002,-0.0005934951074630464,0.007528826866868248
2024-12-06,0.0034999999999999996,0.0002,-0.0004345092524677686,0.00888466631150857
2024-12-09,-0.0073,0.0002,-0.0047856613277745645,-0.0011511156460533721
2024-12-10,-0.0036,0.0002,-0.008377167771329986,-0.009225170717997855
2024-12-11,0.0087,0.0002,0.002302263545841298,0.007028871861827131
2024-12-12,-0.0062,0.0002,-0.006948474754574603,-1.9548139324100823e-05
2024-12-13,-0.0005,0.0002,-0.004735843828120286,0.00493861244102004
2024-12-16,0.0046,0.0002,0.004554457075106826,0.0053355730188046485
2024-12-17,-0.0049,0.0002,0.00577392252610221,-0.0014221145555585548
2024-12-18,-0.0317,0.0002,-0.015844494077272262,-0.05551762920693524
2024-12-19,-0.0012,0.0002,-0.0008681189173926266,0.015352566048993375
2024-12-20,0.010700000000000001,0.0002,0.005714091711403443,0.023404797626481844
2024-12-23,0.0060999999999999995,0.0002,-0.0003387230662735601,0.02806748858456492
2024-12-24,0.0111,0.0002,0.007648616052233792,0.027962374811492552
2024-12-26,0.0001,0.0002,-0.0028347553387259583,0.005445445573457251
2024-12-27,-0.011699999999999999,0.0002,-0.009153893166431403,-0.020492345269273817
2024-12-30,-0.0109,0.0002,-0.0025888310525163417,-0.023239052559052044
2024-12-31,-0.0046,0.0002,-0.0044787712918017775,-0.012136655687574112
