permno,permco,date,shrcd,exchcd,ticker,ret,shrout,prc,retx
10032,7980,2020-06-30,11,3,PLXS,0.098723,29186.0,70.56,0.098723
10026,7976,2020-06-30,11,3,JJSF,-0.007191,18888.0,127.13,-0.011661
10107,8048,2020-06-30,11,3,MSFT,0.110559,7571000.0,203.50999,0.110559
10044,7992,2020-06-30,11,3,RMCF,-0.009324,6065.0,4.25,-0.009324
10104,8045,2020-06-30,11,1,ORCL,0.027897,3068682.0,55.27,0.027897
10051,7999,2020-06-30,11,1,HNGR,-0.098039,37793.0,16.56,-0.098039
10028,7978,2020-06-30,11,2,ELA,0.699164,26924.0,6.1,0.699164
10220,53456,2020-06-30,11,1,BWXT,-0.094774,95229.0,56.64,-0.094774
10145,22168,2020-06-30,11,1,HON,-0.008639,701848.0,144.59,-0.008639
10138,8087,2020-06-30,11,3,TROW,0.02895,226990.0,123.5,0.021505
10232,8158,2020-06-30,11,3,ESBK,-0.02193,3523.0,11.0,-0.035088
10252,8179,2020-06-30,11,3,INDB,-0.027638,32942.0,67.09,-0.03426
10200,8135,2020-06-30,11,3,RGEN,-0.056196,52495.0,123.61,-0.056196
10158,53454,2020-06-30,11,1,AMRC,0.294501,29510.0,27.78,0.294501
10239,714,2020-06-30,11,3,PTVCB,0.090449,11610.0,15.07,0.090449
10253,7922,2020-06-30,11,2,DSS,0.096644,2880.0,8.17,0.096644
10333,8254,2020-06-30,11,3,XOMA,-0.041707,11018.0,19.76,-0.041707
10294,2089,2020-06-30,11,1,HVT,-0.068188,1532.0,-15.985,-0.076279
10257,8185,2020-06-30,11,3,DLHC,-0.008108,12354.0,7.34,-0.008108
10258,8186,2020-06-30,11,3,CLDX,3.868914,39094.0,13.0,3.868914
10308,8228,2020-06-30,11,2,TMP,0.006527,14907.0,64.77,0.006527
10355,8278,2020-06-30,11,3,DJCO,-0.036059,1381.0,270.0,-0.036059
10421,8340,2020-06-30,11,3,SKYW,0.01715,50140.0,32.62,0.01715
10318,8237,2020-06-30,11,3,BCPC,-0.057526,32341.0,94.86,-0.057526
10443,8360,2020-06-30,11,3,FRPH,0.026043,9563.0,40.58,0.026043
10397,8317,2020-06-30,11,3,WERN,-0.0582,69097.0,43.53,-0.0582
10382,8299,2020-06-30,11,3,ASTE,0.09016,22603.0,46.31,0.09016
10501,8418,2020-06-30,11,3,AMWD,0.205386,16943.0,75.65,0.205386
10363,8284,2020-06-30,11,3,AMAG,-0.007782,34463.0,7.65,-0.007782
10514,8431,2020-06-30,11,3,TWMC,0.462687,1825.0,6.86,0.462687
10547,8458,2020-06-30,11,3,CLFD,0.0094,13647.0,13.96,0.0094
10516,20207,2020-06-30,11,1,ADM,0.015009,555496.0,39.9,0.015009
10463,8377,2020-06-30,11,3,REFR,-0.08764,31576.0,4.06,-0.08764
10530,8441,2020-06-30,11,3,VIVO,0.506468,42839.0,23.29,0.506468
10550,8461,2020-06-30,11,3,PDEX,-0.095432,3811.0,17.82,-0.095432
10517,5674,2020-06-30,11,1,AAN,0.231103,67572.0,45.4,0.230019
10606,8508,2020-06-30,11,1,WTS,-0.025974,27489.0,81.0,-0.025974
10649,8551,2020-06-30,11,3,PTSI,-0.118911,5776.0,30.75,-0.118911
10629,8534,2020-06-30,11,1,FNB,0.012146,323060.0,7.5,0.012146
10693,8596,2020-06-30,11,1,EHC,-0.150717,99405.0,61.93,-0.154539
10645,8549,2020-06-30,11,3,LAKE,0.546897,7976.0,22.43,0.546897
10696,8598,2020-06-30,11,3,FISV,-0.085698,669400.0,97.62,-0.085698
10777,8674,2020-06-30,11,3,FCNCA,0.053039,8929.0,405.01999,0.052
10661,8565,2020-06-30,11,3,CYAN,0.109524,6028.0,2.33,0.109524
10779,65,2020-06-30,11,2,BKTI,0.206406,12493.0,3.39,0.206406
10781,8677,2020-06-30,11,3,BKSC,0.016953,5531.0,16.79,0.016953
10812,8702,2020-06-30,11,3,HTLD,-0.048402,81356.0,20.82,-0.049315
10890,21814,2020-06-30,11,1,UIS,-0.039613,62970.0,10.91,-0.039613
10909,8786,2020-06-30,11,3,CERN,-0.057202,305268.0,68.55,-0.059671
10860,8743,2020-06-30,11,3,OSUR,-0.200138,71408.0,11.63,-0.200138
10932,8810,2020-06-30,11,1,WBS,0.010954,90170.0,28.61,0.010954
10933,8811,2020-06-30,11,1,MKL,0.028693,13775.0,923.16998,0.028693
10866,20342,2020-06-30,11,1,CAL,0.172943,38772.0,8.34,0.16318
10966,8839,2020-06-30,11,3,AXGN,-0.047423,40021.0,9.24,-0.047423
10892,8766,2020-06-30,11,3,WSFS,0.037225,50660.0,28.7,0.037225
10901,8778,2020-06-30,11,3,ITIC,-0.034417,1892.0,121.32,-0.037906
11018,8889,2020-06-30,11,1,FBP,0.021938,218158.0,5.59,0.021938
11043,8909,2020-06-30,11,3,PMD,-0.043103,5507.0,5.55,-0.043103
11006,8879,2020-06-30,11,3,FLIC,0.070072,23849.0,16.34,0.070072
10874,20344,2020-06-30,11,1,BC,0.163607,79128.0,64.01,0.163607
11154,9010,2020-06-30,11,3,PLAB,-0.071726,65622.0,11.13,-0.071726
11174,9023,2020-06-30,11,3,CRMT,0.104311,6633.0,87.87,0.104311
11208,9058,2020-06-30,11,1,OFG,0.106173,51341.0,13.37,0.100412
11144,9002,2020-06-30,11,1,AVD,0.034587,30164.0,13.76,0.034587
11267,9117,2020-06-30,11,1,CATO,-0.156701,22252.0,8.18,-0.156701
11275,9128,2020-06-30,11,3,KRMD,-0.112648,43903.0,8.98,-0.112648
11308,20468,2020-06-30,11,1,KO,-0.034062,4294891.0,44.68,-0.042845
11292,9146,2020-06-30,11,3,ICCC,0.048049,7213.0,4.7267,0.048049
11343,9188,2020-06-30,11,3,SAFM,-0.122178,22240.0,115.89,-0.122178
11348,9193,2020-06-30,11,3,CNBKA,0.030769,3652.0,77.72,0.030769
11368,6977,2020-06-30,11,3,AIRT,0.018198,2882.0,11.75,0.018198
11293,9147,2020-06-30,11,3,WSBC,-0.036881,67211.0,20.31,-0.051821
11404,20499,2020-06-30,11,1,ED,-0.0417,334102.0,71.93,-0.0417
11285,9141,2020-06-30,11,3,FBNC,-0.006294,28977.0,25.08,-0.013375
11394,9235,2020-06-30,11,3,THMO,-0.097403,6709.0,5.56,-0.097403
11397,9239,2020-06-30,11,3,WASH,0.04035,17260.0,32.75,0.024398
11369,9213,2020-06-30,11,3,UBSI,-0.036795,129755.0,27.66,-0.048831
11370,53461,2020-06-30,11,1,ENV,0.012808,53514.0,73.54,0.012808
11379,9222,2020-06-30,11,3,DXLG,0.521526,51078.0,0.6503,0.521526
11403,9245,2020-06-30,11,3,CDNS,0.051156,278794.0,95.96,0.051156
11441,9278,2020-06-30,11,3,NHLD,0.007426,13585.0,-2.035,0.007426
11499,176,2020-06-30,11,3,CECE,0.241055,35494.0,6.59,0.241055
11511,9340,2020-06-30,11,3,CPSH,0.704225,13207.0,2.42,0.704225
11442,9280,2020-06-30,11,3,CHCO,0.036089,16077.0,65.17,0.036089
11533,9360,2020-06-30,11,1,FICO,0.038222,29003.0,418.04001,0.038222
11481,9312,2020-06-30,11,3,EBIX,0.001116,30508.0,22.36,-0.002231
11547,9370,2020-06-30,11,1,CNMD,-0.016619,28536.0,71.99,-0.019344
11565,9389,2020-06-30,11,3,HBNC,0.04191,43822.0,10.69,0.04191
11587,392,2020-06-30,11,3,ATRI,-0.005343,1829.0,637.01001,-0.007757
11581,323,2020-06-30,11,1,EPAC,-0.01676,59748.0,17.6,-0.01676
11593,9418,2020-06-30,11,3,SNFCA,0.039291,16208.0,6.745,0.039291
11618,9440,2020-06-30,11,3,FAST,0.038294,573571.0,42.84,0.038294
11644,9465,2020-06-30,11,1,CRK,-0.182836,231808.0,4.38,-0.182836
11636,9457,2020-06-30,11,3,HRTX,-0.192645,90855.0,14.71,-0.192645
11664,53462,2020-06-30,11,1,GDOT,0.28549,52979.0,49.08,0.28549
11600,9424,2020-06-30,11,3,XRAY,-0.050731,218400.0,44.06,-0.052881
11628,9449,2020-06-30,11,1,CPF,-0.004966,28115.0,16.03,-0.004966
11654,9476,2020-06-30,11,3,NAII,0.001464,6752.0,6.84,0.001464
11748,8686,2020-06-30,11,3,DGICB,0.047835,5577.0,-12.705,0.047835
11691,157,2020-06-30,11,1,MATX,0.018551,43041.0,29.1,0.018551
11701,9522,2020-06-30,11,3,IMKTA,0.010796,14204.0,43.07,0.010796
11731,9550,2020-06-30,11,1,AIN,-0.023217,30700.0,58.71,-0.026368
11752,9558,2020-06-30,11,3,IIVI,-0.006522,92560.0,47.22,-0.006522
11674,20574,2020-06-30,11,1,DTE,0.008762,192612.0,107.5,-0.000651
11786,9588,2020-06-30,11,3,SIVB,0.003632,51741.0,215.53,0.003632
11825,9632,2020-06-30,11,3,CYBE,0.000621,7232.0,32.21,0.000621
11803,9604,2020-06-30,11,3,MITK,0.030011,41283.0,9.61,0.030011
11809,9616,2020-06-30,11,1,CLH,0.009934,55579.0,59.98,0.009934
11844,9645,2020-06-30,11,3,CTBI,0.009135,17795.0,32.76,-0.002436
11775,9576,2020-06-30,11,3,JOUT,0.172787,8873.0,91.02,0.172787
11790,153,2020-06-30,11,3,ALCO,-0.026176,7486.0,31.16,-0.028981
11884,9677,2020-06-30,11,3,IPAR,0.037492,31533.0,48.15,0.037492
11850,20678,2020-06-30,11,1,XOM,-0.016494,4228211.0,44.72,-0.016494
11891,9764,2020-06-30,11,1,MGM,-0.021973,493218.0,16.8,-0.022119
11896,9698,2020-06-30,11,3,MXIM,0.050798,266797.0,60.61,0.050798
11990,53463,2020-06-30,11,1,KKR,0.112793,558642.0,30.88,0.112793
11992,9882,2020-06-30,11,3,TCF,0.017289,152233.0,29.42,0.017289
12017,53444,2020-06-30,11,3,XSPA,0.682731,56474.0,4.19,0.682731
12008,7062,2020-06-30,11,1,DY,-0.028741,31635.0,40.89,-0.028741
12009,53467,2020-06-30,11,1,QUAD,0.140351,40215.0,3.25,0.140351
11955,9804,2020-06-30,11,1,WM,-0.002763,422025.0,105.91,-0.007869
12052,20791,2020-06-30,11,1,GD,0.017912,286865.0,149.46001,0.017912
11995,1035,2020-06-30,11,3,COKE,-0.058497,7141.0,229.19,-0.058497
12068,7067,2020-06-30,11,3,ONB,0.012509,165093.0,13.76,0.012509
12036,20773,2020-06-30,11,1,GATX,-0.020402,34900.0,60.98,-0.028052
12049,53483,2020-06-30,11,2,GORO,0.054701,70026.0,4.11,0.053846
12078,53490,2020-06-30,11,2,ELMD,0.067268,8484.0,15.39,0.067268
12060,20792,2020-06-30,11,1,GE,0.041096,8747092.0,6.83,0.039574
12089,53497,2020-06-30,11,3,RP,-0.041433,101990.0,65.01,-0.041433
12062,9848,2020-06-30,11,1,LH,-0.052533,97200.0,166.11,-0.052533
12073,9847,2020-06-30,11,3,PBCT,0.01048,424600.0,11.57,0.01048
12189,10039,2020-06-30,11,3,HIFS,0.022114,2137.0,167.78,0.022114
12211,9971,2020-06-30,11,1,LNN,-0.018207,10835.0,92.21,-0.018207
12146,10020,2020-06-30,11,3,CSBR,-0.007269,12727.0,9.56,-0.007269
12166,9999,2020-06-30,11,3,FRBK,0.029536,58851.0,2.44,0.029536
12209,10059,2020-06-30,11,3,LWAY,-0.04,15592.0,2.2752,-0.04
12307,53510,2020-06-30,11,3,AMRS,0.144772,204618.0,4.27,0.144772
12226,9977,2020-06-30,11,3,MGPI,-0.021461,16896.0,36.705,-0.021461
12308,17322,2020-06-30,11,3,CHTR,-0.062427,204899.0,510.04001,-0.062427
12310,53512,2020-06-30,11,3,HGSH,0.779359,45050.0,0.8,0.779359
12266,9899,2020-06-30,11,3,CDMO,0.124144,56511.0,6.565,0.124144
12366,53550,2020-06-30,11,1,BAH,-0.020813,138114.0,77.79,-0.024699
12369,53554,2020-06-30,11,1,GM,-0.022411,1431076.0,25.3,-0.022411
12452,53613,2020-06-30,11,2,INFU,-0.006029,20070.0,11.54,-0.006029
12373,53556,2020-06-30,11,1,HHC,0.025666,54930.0,51.95,0.025666
12374,53557,2020-06-30,11,1,IPHI,-0.065012,48217.0,117.5,-0.065012
12400,53576,2020-06-30,11,3,LPLA,0.098193,79084.0,78.4,0.098193
12350,53535,2020-06-30,11,3,NETE,3.032407,4196.0,8.71,3.032407
12358,53542,2020-06-30,11,3,BIMI,-0.077236,10384.0,2.27,-0.077236
12437,20325,2020-06-30,11,1,RFP,0.134409,87358.0,2.11,0.134409
12448,53609,2020-06-30,11,1,FRC,-0.020154,171288.0,105.99,-0.020154
12449,53610,2020-06-30,11,1,FLT,0.031749,83802.0,251.53,0.031749
12380,53561,2020-06-30,11,3,PCYG,-0.173828,19484.0,4.23,-0.173828
12490,20990,2020-06-30,11,1,IBM,-0.033067,887892.0,120.77,-0.033067
12493,15632,2020-06-30,11,3,QADA,-0.094548,17109.0,41.28,-0.096124
12494,53632,2020-06-30,11,3,RNET,1.193206,20551.0,2.15,1.193206
12497,53635,2020-06-30,11,3,ASMB,0.196511,32808.0,23.32,0.196511
12360,53544,2020-06-30,11,3,PACB,-0.019886,154318.0,3.45,-0.019886
12362,53545,2020-06-30,11,3,STND,-0.033333,4661.0,23.2,-0.033333
12363,53546,2020-06-30,11,3,VRA,-0.154286,33400.0,4.44,-0.154286
12515,53647,2020-06-30,11,1,BKU,0.095779,92390.0,20.25,0.095779
12558,53667,2020-06-30,11,1,KMI,-0.039873,2261487.0,15.17,-0.039873
12559,53668,2020-06-30,11,1,NPTN,0.024222,48756.0,8.88,0.024222
12570,20964,2020-06-30,11,1,ITT,0.020953,86300.0,58.74,0.018024
12573,53673,2020-06-30,11,3,ACRX,-0.129496,80890.0,1.21,-0.129496
12413,53585,2020-06-30,11,3,ZGNX,-0.072777,55445.0,27.01,-0.072777
12473,53620,2020-06-30,11,1,KNX,0.004326,169823.0,41.71,0.002403
12476,53621,2020-06-30,11,1,TRGP,0.121856,233116.0,20.07,0.121856
12477,53622,2020-06-30,11,1,WD,0.254568,31059.0,50.81,0.254568
12480,53624,2020-06-30,11,3,ACNB,0.053945,8696.0,26.18,0.053945
12451,53612,2020-06-30,11,1,GCAP,-0.031847,37804.0,6.02,-0.041401
12588,16549,2020-06-30,11,3,USCR,0.188878,16672.0,24.8,0.188878
12591,53688,2020-06-30,11,1,APO,0.04874,228834.0,49.92,0.04874
12592,53689,2020-06-30,11,2,XTNT,-0.268293,13224.0,0.9,-0.268293
12615,53694,2020-06-30,11,1,FF,-0.086391,43743.0,11.95,-0.086391
12502,53639,2020-06-30,11,3,OFED,0.240732,5605.0,25.77,0.240732
12503,21265,2020-06-30,11,1,NAV,0.121718,99504.0,28.2,0.121718
12521,53649,2020-06-30,11,1,LEAF,0.344322,26710.0,3.67,0.344322
12527,53652,2020-06-30,11,2,IBIO,0.3875,119796.0,2.22,0.3875
12623,53697,2020-06-30,11,1,HII,-0.12707,40474.0,174.49001,-0.12707
12629,53698,2020-06-30,11,1,MX,-0.068716,35065.0,10.3,-0.068716
12639,53702,2020-06-30,11,3,CSOD,-0.002329,64060.0,38.56,-0.002329
12640,53704,2020-06-30,11,3,SREV,-0.018634,95579.0,1.58,-0.018634
12641,53705,2020-06-30,11,1,AL,-0.022252,113643.0,29.29,-0.027234
12577,53677,2020-06-30,11,3,FLDM,-0.080275,71283.0,4.01,-0.080275
12579,53678,2020-06-30,11,3,GEVO,-0.385581,15514.0,0.7926,-0.385581
12583,53682,2020-06-30,11,3,PCRX,0.193857,42608.0,52.47,0.193857
12487,53628,2020-06-30,11,3,HFBL,0.072917,1725.0,-25.75,0.072917
12488,53629,2020-06-30,11,3,LEDS,0.233677,4006.0,3.59,0.233677
12622,53696,2020-06-30,11,1,HCA,-0.092049,337619.0,97.06,-0.092049
12650,21033,2020-06-30,11,1,KSU,-0.005514,95020.0,149.28999,-0.008172
12781,21080,2020-06-30,11,1,SR,-0.090339,51235.0,65.71,-0.098876
12783,53763,2020-06-30,11,1,THR,-0.091079,32961.0,14.57,-0.091079
12788,53769,2020-06-30,11,1,KOS,-0.087912,405191.0,1.66,-0.087912
12840,53806,2020-06-30,11,2,LODE,0.64371,27875.0,0.9499,0.64371
12872,53810,2020-06-30,11,1,MPC,0.063745,650261.0,37.38,0.063745
12877,15120,2020-06-30,11,1,HCHC,0.265151,46550.0,3.34,0.265151
12789,53770,2020-06-30,11,2,AMPE,0.187139,164851.0,0.6369,0.187139
12792,53773,2020-06-30,11,3,ENT,1.194444,3754.0,4.74,1.194444
12796,53776,2020-06-30,11,1,SAVE,0.374517,86040.0,17.8,0.374517
12798,53779,2020-06-30,11,3,WIFI,-0.027737,44465.0,13.32,-0.027737
12913,53842,2020-06-30,11,3,CHEF,-0.082432,37799.0,13.58,-0.082432
12914,53843,2020-06-30,11,3,DNKN,0.021293,82258.0,65.23,0.021293
12915,53844,2020-06-30,11,3,FRAN,0.180982,3034.0,3.85,0.180982
12880,53816,2020-06-30,11,3,AMCX,-0.172621,40558.0,23.39,-0.172621
12758,7019,2020-06-30,11,3,ECOL,0.006237,31139.0,33.88,0.006237
12905,53836,2020-06-30,11,1,SXC,-0.131965,82761.0,2.96,-0.131965
12920,53847,2020-06-30,11,3,IROQ,0.079137,3240.0,17.25,0.079137
12927,53853,2020-06-30,11,3,ZG,-0.008282,59850.0,57.48,-0.008282
12981,53876,2020-06-30,11,1,FBHS,0.048721,137947.0,63.93,0.048721
13006,53882,2020-06-30,11,3,FMNB,0.018723,28180.0,11.86,0.009362
13019,53892,2020-06-30,11,1,GNE,-0.14518,24763.0,7.36,-0.14518
13084,53922,2020-06-30,11,1,MN,-0.103448,16275.0,2.86,-0.103448
13085,53923,2020-06-30,11,1,VAC,-0.084827,41052.0,82.21,-0.084827
13210,53983,2020-06-30,11,1,EPAM,0.092655,55639.0,252.00999,0.092655
13262,53994,2020-06-30,11,3,CCXI,-0.077737,68803.0,57.54,-0.077737
13265,53997,2020-06-30,11,3,OEG,-0.099827,30421.0,0.61905,-0.099827
13105,53929,2020-06-30,11,3,ACHC,-0.121985,87898.0,25.12,-0.121985
13107,53931,2020-06-30,11,3,CLVS,-0.024567,88197.0,6.75,-0.024567
13108,53932,2020-06-30,11,3,GRPN,-0.289412,28684.0,18.12,-0.289412
13111,53935,2020-06-30,11,3,LUMO,0.185478,8293.0,16.49,0.185478
13007,53883,2020-06-30,11,3,LCNB,0.073302,12976.0,15.96,0.073302
13141,53947,2020-06-30,11,1,WPX,0.12522,559403.0,6.38,0.12522
13244,53987,2020-06-30,11,1,MTDR,0.084184,116557.0,8.5,0.084184
13249,53988,2020-06-30,11,1,PRLB,-0.109854,26613.0,112.47,-0.109854
13035,53896,2020-06-30,11,1,XYL,-0.020802,179915.0,64.96,-0.020802
13046,53901,2020-06-30,11,1,UI,-0.053414,63684.0,174.56,-0.053414
13159,53958,2020-06-30,11,3,FBIO,-0.075862,86113.0,2.68,-0.075862
13168,53964,2020-06-30,11,3,TRIP,-0.014004,121568.0,19.01,-0.014004
13188,53972,2020-06-30,11,1,POST,0.006432,68177.0,87.62,0.006432
13196,53975,2020-06-30,11,2,RLGT,-0.015038,49396.0,3.93,-0.015038
13198,53976,2020-06-30,11,3,BOTJ,-0.054446,4339.0,9.447,-0.061401
13201,53977,2020-06-30,11,3,REGI,-0.128998,39292.0,24.78,-0.128998
13202,53978,2020-06-30,11,3,VSTM,-0.075269,169338.0,1.72,-0.075269
13267,53998,2020-06-30,11,3,CZR,0.064969,684004.0,12.13,0.064969
13278,54001,2020-06-30,11,3,HMST,0.033165,23007.0,24.61,0.033165
13279,54003,2020-06-30,11,3,CHFS,0.2768,43197.0,0.4788,0.2768
13280,54004,2020-06-30,11,3,SYNC,0.027273,39449.0,1.13,0.027273
13284,54006,2020-06-30,11,1,ALSN,-0.024921,113177.0,36.78,-0.024921
13116,53938,2020-06-30,11,1,BCEI,-0.123077,20773.0,14.82,-0.123077
13121,53939,2020-06-30,11,3,TEUM,0.421922,111904.0,0.6201,0.421922
13124,53941,2020-06-30,11,1,LPI,-0.183264,11970.0,13.86,-0.183264
13325,54028,2020-06-30,11,3,MACK,-0.017699,13380.0,3.33,-0.017699
13326,54029,2020-06-30,11,3,MTSI,0.08189,66695.0,34.35,0.08189
13328,54031,2020-06-30,11,3,HEAR,0.391304,14595.0,14.72,0.391304
13253,53989,2020-06-30,11,1,SLCA,0.223729,73807.0,3.61,0.223729
13260,53992,2020-06-30,11,3,BCOV,-0.01868,39409.0,7.88,-0.01868
13303,21245,2020-06-30,11,1,NL,0.102236,48756.0,3.41,0.089457
13305,54014,2020-06-30,11,1,RXN,-0.031562,120139.0,29.15,-0.031562
13169,53965,2020-06-30,11,3,ZNGA,0.042623,958874.0,9.54,0.042623
13181,53970,2020-06-30,11,1,GWRE,0.08062,83180.0,110.85,0.08062
13356,54048,2020-06-30,11,1,PSX,-0.081268,436675.0,71.9,-0.081268
13375,54061,2020-06-30,11,3,FRGI,-0.224787,25288.0,6.38,-0.224787
13377,54063,2020-06-30,11,3,PFPT,-0.044293,57588.0,111.12,-0.044293
13302,54013,2020-06-30,11,1,RM,0.116646,11179.0,17.71,0.116646
13399,54077,2020-06-30,11,1,TLYS,0.107422,22414.0,5.67,0.107422
13407,54084,2020-06-30,11,3,FB,0.008797,2406000.0,227.07001,0.008797
13337,54037,2020-06-30,11,1,FET,0.821035,111368.0,0.5281,0.821035
13343,54041,2020-06-30,11,1,MRC,-0.001689,81995.0,5.91,-0.001689
13532,54149,2020-06-30,11,3,HBMD,0.030068,18716.0,10.62,0.030068
13534,54151,2020-06-30,11,3,HTBI,0.037614,17021.0,16.0,0.037614
13316,54018,2020-06-30,11,1,VCRA,0.07998,32026.0,21.2,0.07998
13318,54020,2020-06-30,11,1,YELP,0.063937,71890.0,23.13,0.063937
13323,54026,2020-06-30,11,3,ENPH,-0.182506,125979.0,47.57,-0.182506
13324,54027,2020-06-30,11,3,GALT,0.009901,57044.0,3.06,0.009901
13453,54113,2020-06-30,11,3,CEMI,-0.662513,20162.0,3.25,-0.662513
13455,54115,2020-06-30,11,3,SONN,-0.118644,9200.0,3.64,-0.118644
13369,54057,2020-06-30,11,3,CLIR,2.996157,26731.0,2.08,2.996157
13447,54109,2020-06-30,11,1,NOW,0.044158,190704.0,405.06,0.044158
13559,54167,2020-06-30,11,3,PFMT,0.087167,54462.0,0.6523,0.087167
13561,54169,2020-06-30,11,3,SFBC,0.004994,2593.0,24.15,0.004994
13379,54064,2020-06-30,11,3,SPLK,0.069199,158838.0,198.7,0.069199
13507,261,2020-06-30,11,3,ANAT,-0.030073,26887.0,72.07,-0.040985
13508,54136,2020-06-30,11,1,NGVC,0.033333,22511.0,14.88,0.033333
13511,54139,2020-06-30,11,1,PANW,-0.023803,96466.0,229.67,-0.023803
13520,54141,2020-06-30,11,3,CHUY,-0.069418,19690.0,14.88,-0.069418
13410,54087,2020-06-30,11,3,SUPN,-0.01534,52624.0,23.75,-0.01534
13411,54088,2020-06-30,11,3,CRDF,1.02834,21325.0,5.01,1.02834
13412,54089,2020-06-30,11,3,IDEX,4.104114,237008.0,2.01,4.104114
13577,28836,2020-06-30,11,1,HY,0.055996,12931.0,38.66,0.055996
13579,54180,2020-06-30,11,1,NBHC,0.026616,30562.0,27.0,0.026616
13537,54155,2020-06-30,11,3,FRG,0.400633,35186.0,21.88,0.38481
13543,54157,2020-06-30,11,1,GMED,-0.12699,74893.0,47.71,-0.12699
13544,54158,2020-06-30,11,1,HCR,-0.396901,100908.0,0.1518,-0.396901
13548,54162,2020-06-30,11,3,BLMN,-0.065732,87534.0,10.66,-0.065732
13652,54232,2020-06-30,11,3,RGLS,-0.091333,35923.0,0.6815,-0.091333
13625,54209,2020-06-30,11,1,SSTK,-0.073312,35631.0,34.97,-0.077795
13628,54213,2020-06-30,11,3,WDAY,0.021425,174000.0,187.36,0.021425
13641,54222,2020-06-30,11,3,FANG,-0.017849,157824.0,41.82,-0.017849
13643,54224,2020-06-30,11,3,ICPT,-0.336978,32943.0,47.91,-0.336978
13521,54142,2020-06-30,11,3,CPAH,0.527273,6104.0,5.04,0.527273
13527,54146,2020-06-30,11,3,FIVE,0.021596,55756.0,106.91,0.021596
13528,54147,2020-06-30,11,3,FSBW,-0.086885,4245.0,38.57,-0.086885
13688,21356,2020-06-30,11,1,PCG,-0.252108,529788.0,8.87,-0.252108
13599,54194,2020-06-30,11,3,LFVN,-0.116917,14313.0,13.52,-0.116917
13600,54195,2020-06-30,11,3,QLYS,-0.097988,39315.0,104.02,-0.097988
13604,54198,2020-06-30,11,1,BERY,-0.013137,132500.0,44.32,-0.013137
13704,54278,2020-06-30,11,3,NEO,0.160734,110397.0,30.98,0.160734
13610,21329,2020-06-30,11,1,OLN,-0.044888,157851.0,11.49,-0.044888
13621,54207,2020-06-30,11,3,PBYI,0.021548,39627.0,10.43,0.021548
13622,54208,2020-06-30,11,1,RLGY,0.222772,115372.0,7.41,0.222772
13766,54318,2020-06-30,11,1,BCC,0.105201,39197.0,37.61,0.105201
13769,7119,2020-06-30,11,2,AMS,0.163044,5688.0,2.14,0.163044
13687,54265,2020-06-30,11,1,RH,0.147586,19291.0,248.89999,0.147586
13739,54297,2020-06-30,11,1,BFAM,0.047551,60319.0,117.2,0.047551
13743,54299,2020-06-30,11,1,VTOL,-0.073187,31423.0,13.93,-0.073187
13748,54303,2020-06-30,11,1,TPH,0.025838,130237.0,14.69,0.025838
13757,54311,2020-06-30,11,3,FWONA,-0.137197,25834.0,29.18,-0.137197
13648,54228,2020-06-30,11,3,APEN,-0.091667,21196.0,1.635,-0.091667
13788,54327,2020-06-30,11,1,ZTS,-0.016859,474941.0,137.03999,-0.016859
13794,54330,2020-06-30,11,3,BFYT,0.042282,13227.0,20.46,0.042282
13796,54331,2020-06-30,11,3,HROW,-0.036969,25649.0,5.21,-0.036969
13797,54332,2020-06-30,11,3,INBK,0.037314,9799.0,16.62,0.033582
13693,54269,2020-06-30,11,3,ATOS,0.596639,9304.0,3.8,0.596639
13694,54270,2020-06-30,11,3,CHMG,0.088468,4780.0,27.3,0.078199
13812,54343,2020-06-30,11,3,MRIN,-0.04698,6959.0,1.42,-0.04698
13816,54344,2020-06-30,11,1,MODN,0.082192,34277.0,34.76,0.082192
13712,54284,2020-06-30,11,3,UIHC,-0.002551,43068.0,7.82,-0.002551
13721,54287,2020-06-30,11,1,ABBV,0.059458,1762342.0,98.18,0.059458
13730,54291,2020-06-30,11,1,PBF,-0.035782,119987.0,10.24,-0.035782
13777,5828,2020-06-30,11,3,AMSWA,-0.189717,30643.0,15.76,-0.189717
13876,54376,2020-06-30,11,3,HMTV,0.003061,19769.0,9.83,0.003061
13877,54377,2020-06-30,11,3,IBTX,0.069694,43041.0,40.52,0.069694
13828,54354,2020-06-30,11,3,IPDN,1.234375,11338.0,2.86,1.234375
13829,54356,2020-06-30,11,3,TTPH,0.166667,7263.0,2.52,0.166667
13837,54361,2020-06-30,11,1,EVTC,-0.035028,71865.0,28.1,-0.035028
13844,54363,2020-06-30,11,2,NSPR,-0.446626,15308.0,0.465,-0.446626
13798,54333,2020-06-30,11,3,ORMP,0.124204,23277.0,3.53,0.124204
13799,54334,2020-06-30,11,3,XONE,0.002345,16864.0,8.55,0.002345
13802,54336,2020-06-30,11,1,APAM,0.12185,60647.0,32.5,0.12185
13901,21398,2020-06-30,11,1,MO,0.026633,1858368.0,39.25,0.005122
13904,54396,2020-06-30,11,1,VOYA,0.035516,126138.0,46.65,0.035516
13908,54399,2020-06-30,11,1,PFSI,0.244491,79232.0,41.79,0.244491
13825,54351,2020-06-30,11,3,ENTA,-0.024859,20070.0,50.21,-0.024859
13928,21401,2020-06-30,11,1,COP,-0.003793,1072425.0,42.02,-0.003793
13935,15751,2020-06-30,11,3,NRC,0.026269,25235.0,58.21,0.026269
13856,21384,2020-06-30,11,3,PEP,0.01317,1385000.0,132.25999,0.005397
13860,54366,2020-06-30,11,1,SEAS,-0.179956,78211.0,14.81,-0.179956
13862,54368,2020-06-30,11,1,TMHC,-0.002069,129600.0,19.29,-0.002069
13863,54369,2020-06-30,11,3,TXMD,0.106195,272294.0,1.25,0.106195
13870,54373,2020-06-30,11,3,CMRX,-0.00641,62172.0,3.1,-0.00641
13964,54433,2020-06-30,11,3,NWS,-0.025286,199630.0,11.95,-0.025286
13965,54434,2020-06-30,11,3,NBSE,0.125641,23120.0,8.78,0.125641
13967,54436,2020-06-30,11,3,PTCT,0.000592,67241.0,50.74,0.000592
13969,54438,2020-06-30,11,3,SAMG,0.14197,9520.0,12.71,0.127773
13879,54379,2020-06-30,11,3,MICT,0.230125,11108.0,1.47,0.230125
13883,54381,2020-06-30,11,3,MLND,-0.338346,19000.0,1.76,-0.338346
13890,54388,2020-06-30,11,1,ECOM,0.135484,28366.0,15.84,0.135484
13993,54448,2020-06-30,11,1,GTT,0.021277,58820.0,8.16,0.021277
13938,46028,2020-06-30,11,3,OTEL,0.492715,3422.0,11.27,0.492715
13940,54419,2020-06-30,11,3,PTLA,0.002228,78517.0,17.99,0.002228
13943,54422,2020-06-30,11,3,TSC,0.050836,29852.0,15.71,0.050836
13947,54424,2020-06-30,11,3,BLUE,-0.040704,66196.0,61.04,-0.040704
13949,54426,2020-06-30,11,3,CDW,0.047516,142600.0,116.18,0.047516
13954,54427,2020-06-30,11,3,ESPR,0.210998,27752.0,51.31,0.210998
13911,54401,2020-06-30,11,1,IQV,-0.051097,190964.0,141.88,-0.051097
13918,54405,2020-06-30,11,3,ARCT,0.200308,20610.0,46.74,0.200308
13919,29052,2020-06-30,11,1,AMBC,0.067064,45779.0,14.32,0.067064
13921,54408,2020-06-30,11,1,CUBI,0.083859,31491.0,12.02,0.083859
13924,54410,2020-06-30,11,3,EPZM,-0.0849,101464.0,16.06,-0.0849
14051,54481,2020-06-30,11,3,HTBX,-0.173824,118581.0,0.8427,-0.173824
14054,54484,2020-06-30,11,3,MRTX,0.151023,44482.0,114.17,0.151023
14056,54486,2020-06-30,11,3,ONTX,0.355603,174177.0,0.5661,0.355603
13936,21402,2020-06-30,11,1,PVH,0.056741,71039.0,48.05,0.056741
14030,54466,2020-06-30,11,1,CWEN,0.033514,34600.0,20.97,0.033514
14033,54467,2020-06-30,11,3,ONVO,-0.128899,130618.0,0.5501,-0.128899
14044,54476,2020-06-30,11,3,AGIO,0.03363,69059.0,53.48,0.03363
14045,54407,2020-06-30,11,3,LIND,-0.016561,49754.0,7.72,-0.016561
13976,54440,2020-06-30,11,2,AIRI,0.142254,30579.0,1.19,0.142254
13983,54444,2020-06-30,11,1,COTY,0.231405,763095.0,4.47,0.231405
14093,54506,2020-06-30,11,3,GLG,0.18239,68585.0,1.88,0.18239
14094,54507,2020-06-30,11,3,CGIX,-0.019418,2260.0,3.03,-0.019418
14097,54509,2020-06-30,11,3,FOXF,0.145611,38603.0,82.61,0.145611
14099,54510,2020-06-30,11,3,MBII,0.093458,149362.0,1.17,0.093458
14008,216,2020-06-30,11,3,AMGN,0.026818,586400.0,235.86,0.026818
14076,54499,2020-06-30,11,1,MUSA,-0.030233,29178.0,112.59,-0.030233
14229,54593,2020-06-30,11,1,OMF,0.051865,134318.0,24.54,0.051865
13956,54428,2020-06-30,11,3,GOGO,0.519231,84032.0,3.16,0.519231
13957,54429,2020-06-30,11,3,HDS,0.092715,161994.0,34.65,0.092715
13959,54431,2020-06-30,11,3,NDLS,0.032423,44355.0,6.05,0.032423
13962,54432,2020-06-30,11,3,NSTG,-0.038651,37937.0,29.35,-0.038651
13963,54433,2020-06-30,11,3,NWSA,-0.031837,388923.0,11.86,-0.031837
14141,54544,2020-06-30,11,1,SAIC,-0.117674,58119.0,77.68,-0.117674
14060,54488,2020-06-30,11,3,VISL,1.103202,88277.0,0.6175,1.103202
14072,54496,2020-06-30,11,3,PGEN,1.268182,172286.0,4.99,1.268182
14213,54584,2020-06-30,11,1,MMI,0.04679,39274.0,28.86,0.04679
14046,54477,2020-06-30,11,3,HSTO,-0.118056,11812.0,3.81,-0.118056
14169,54563,2020-06-30,11,3,PINC,-0.014659,71627.0,34.28,-0.014659
14172,54564,2020-06-30,11,3,PPSI,0.852632,8726.0,1.76,0.852632
14174,54566,2020-06-30,11,3,SQBG,0.138211,66018.0,0.21,0.138211
14175,54567,2020-06-30,11,3,TCFC,0.029536,5912.0,24.4,0.029536
14176,54568,2020-06-30,11,3,XLRN,-0.036022,54167.0,95.27,-0.036022
14179,54570,2020-06-30,11,1,AR,-0.150502,268926.0,2.54,-0.150502
14102,54513,2020-06-30,11,3,SFM,0.018305,117944.0,25.59,0.018305
14106,54515,2020-06-30,11,3,BMCH,-0.039358,67100.0,25.14,-0.039358
14107,54516,2020-06-30,11,3,TNXP,-0.060769,104804.0,0.6105,-0.060769
14127,54533,2020-06-30,11,2,AAMC,-0.074774,1626.0,16.395,-0.074774
14133,54538,2020-06-30,11,2,NNVC,-0.005319,9073.0,7.48,-0.005319
14135,54540,2020-06-30,11,2,PED,0.06579,71125.0,0.81,0.06579
14231,54595,2020-06-30,11,1,VEEV,0.071047,134988.0,234.42,0.071047
14237,54600,2020-06-30,11,3,ADXS,-0.218659,61608.0,0.536,-0.218659
14238,54601,2020-06-30,11,3,AERI,0.052031,46513.0,14.76,0.052031
14239,54602,2020-06-30,11,3,COMM,-0.192047,195997.0,8.33,-0.192047
14244,54604,2020-06-30,11,3,EIGI,0.125698,140433.0,4.03,0.125698
14245,54605,2020-06-30,11,3,FATE,0.057971,86802.0,34.31,0.057971
14145,54548,2020-06-30,11,3,AAOI,0.231031,21941.0,10.87,0.231031
14149,54550,2020-06-30,11,3,BNFT,-0.154753,32175.0,10.76,-0.154753
14158,54555,2020-06-30,11,3,EVOK,0.433198,26011.0,3.54,0.433198
14159,54556,2020-06-30,11,3,FEYE,-0.024439,223597.0,12.175,-0.024439
14161,54558,2020-06-30,11,3,FPRX,0.150943,35481.0,6.1,0.150943
14166,54355,2020-06-30,11,3,NVEE,0.07782,13034.0,50.83,0.07782
14167,54561,2020-06-30,11,3,ISEE,0.27182,89489.0,5.1,0.27182
14221,54589,2020-06-30,11,1,RMAX,0.122901,18124.0,31.43,0.122901
14257,54614,2020-06-30,11,3,MGNX,0.451143,53365.0,27.92,0.451143
14258,54615,2020-06-30,11,3,PBPB,0.085714,23898.0,2.28,0.085714
14262,54619,2020-06-30,11,3,SRNE,0.243564,231847.0,6.28,0.243564
14263,54620,2020-06-30,11,3,VCYT,0.038492,50446.0,25.9,0.038492
14182,54574,2020-06-30,11,1,BURL,-0.060762,65847.0,196.92999,-0.060762
14185,54577,2020-06-30,11,1,CPS,0.263108,16885.0,13.25,0.263108
14317,54657,2020-06-30,11,3,LGIH,0.055263,25089.0,88.03,0.055263
14318,54658,2020-06-30,11,3,NMIH,0.046534,84805.0,16.08,0.046534
14325,54662,2020-06-30,11,3,TNDM,0.189657,60787.0,98.92,0.189657
14328,54665,2020-06-30,11,1,AMC,-0.163743,52550.0,4.29,-0.163743
14329,54666,2020-06-30,11,1,ARMK,-0.128235,252616.0,22.57,-0.128235
14136,54541,2020-06-30,11,1,RNG,0.039234,77006.0,285.01001,0.039234
14137,54542,2020-06-30,11,2,REI,-0.02521,68000.0,1.16,-0.02521
14296,54640,2020-06-30,11,1,VNCE,-0.110577,11772.0,5.55,-0.110577
14310,54651,2020-06-30,11,3,FRBA,-0.127175,19630.0,6.52,-0.127175
14312,54653,2020-06-30,11,3,HMHC,0.183007,125556.0,1.81,0.183007
14313,54654,2020-06-30,11,3,IPWR,2.009217,2352.0,6.53,2.009217
14295,54638,2020-06-30,11,1,TWTR,-0.038101,784629.0,29.79,-0.038101
14338,54672,2020-06-30,11,1,HLT,-0.073887,277261.0,73.45,-0.073887
14339,54673,2020-06-30,11,3,LIQT,-0.119355,21649.0,5.46,-0.119355
14352,54680,2020-06-30,11,3,KIN,0.04662,39333.0,4.49,0.04662
14355,54682,2020-06-30,11,3,RIBT,-0.260804,40207.0,0.8279,-0.260804
14431,54718,2020-06-30,11,3,GLYC,0.328622,46715.0,3.76,0.328622
14358,54684,2020-06-30,11,3,TRCH,0.02983,94468.0,0.3625,0.02983
14359,54685,2020-06-30,11,3,XNCR,0.070744,57214.0,32.39,0.070744
14400,54701,2020-06-30,11,1,NWHM,0.087379,18180.0,3.36,0.087379
14401,54702,2020-06-30,11,1,OGS,-0.08241,52866.0,77.05,-0.08241
14497,54757,2020-06-30,11,2,ATNM,0.652562,395155.0,0.3515,0.652562
14273,54627,2020-06-30,11,1,CHGG,0.101179,123646.0,67.26,0.101179
14274,54628,2020-06-30,11,1,TCS,0.136842,50363.0,3.24,0.136842
14276,20626,2020-06-30,11,1,KODK,-0.100806,43734.0,2.23,-0.100806
14406,54703,2020-06-30,11,1,ESI,-0.003673,248753.0,10.85,-0.003673
14414,54706,2020-06-30,11,1,SC,0.113733,321118.0,18.41,0.113733
14449,54730,2020-06-30,11,3,BIOC,0.635632,131213.0,0.7115,0.635632
14451,54733,2020-06-30,11,3,CNCE,-0.063089,29678.0,9.95,-0.063089
14452,54734,2020-06-30,11,3,SESN,-0.1047,116628.0,0.72,-0.1047
14456,54736,2020-06-30,11,3,EGRX,-0.063988,13604.0,47.98,-0.063988
14457,54737,2020-06-30,11,3,FLXN,0.150481,49270.0,13.15,0.150481
14458,54738,2020-06-30,11,3,GNCA,-0.166667,29964.0,2.3,-0.166667
14459,54739,2020-06-30,11,3,INGN,-0.065263,22066.0,35.52,-0.065263
14316,54655,2020-06-30,11,3,KPTI,0.024338,73366.0,18.94,0.024338
14472,54748,2020-06-30,11,3,VRNS,0.048466,31544.0,88.48,0.048466
14479,54750,2020-06-30,11,1,IBP,0.070006,29793.0,68.78,0.070006
14487,54752,2020-06-30,11,1,KN,0.014628,91525.0,15.26,0.014628
14490,54754,2020-06-30,11,1,GCI,0.053435,132097.0,1.38,0.053435
14432,54720,2020-06-30,11,3,ITCI,0.229406,66778.0,25.67,0.229406
14433,54656,2020-06-30,11,3,TACO,-0.027869,37123.0,5.93,-0.027869
14434,54721,2020-06-30,11,3,MBUU,0.10227,20596.0,51.95,0.10227
14435,54722,2020-06-30,11,3,NVFY,0.608333,5583.0,1.93,0.608333
14436,54723,2020-06-30,11,3,RARE,0.142565,60414.0,78.22,0.142565
14440,54724,2020-06-30,11,3,RTRX,0.301243,50903.0,20.41,0.301243
14502,54761,2020-06-30,11,1,CSLT,0.053701,114485.0,0.83,0.053701
14503,54762,2020-06-30,11,1,OUT,0.009259,144354.0,14.17,0.009259
14504,54763,2020-06-30,11,1,QUOT,0.051724,89950.0,7.32,0.051724
14516,54769,2020-06-30,11,1,QTWO,0.038368,53208.0,85.79,0.038368
14535,54781,2020-06-30,11,3,NLTX,0.36289,38487.0,16.6,0.36289
14536,54782,2020-06-30,11,3,BPTH,-0.086799,3692.0,5.05,-0.086799
14538,54784,2020-06-30,11,3,PLXP,-0.119565,9156.0,3.24,-0.119565
14419,54711,2020-06-30,11,3,AKER,0.023529,6125.0,3.48,0.023529
14422,54713,2020-06-30,11,3,CARA,0.077505,46864.0,17.1,0.077505
14423,54714,2020-06-30,11,3,EIGR,-0.20464,29243.0,9.6,-0.20464
14426,54717,2020-06-30,11,3,DRNA,0.177561,74321.0,25.4,0.177561
14521,54772,2020-06-30,11,1,TNET,0.134189,67290.0,60.94,0.134189
14523,54774,2020-06-30,11,2,XXII,-0.077146,138854.0,0.7644,-0.077146
14464,54740,2020-06-30,11,3,NGHC,0.066995,113398.0,21.61,0.064532
14467,54743,2020-06-30,11,3,RVNC,0.168421,57314.0,24.42,0.168421
14468,54744,2020-06-30,11,3,PHIO,-0.281967,5780.0,2.19,-0.281967
14589,54816,2020-06-30,11,3,ADMS,-0.072464,28282.0,2.56,-0.072464
14590,54731,2020-06-30,11,3,AGFS,0.139098,52214.0,3.03,0.139098
14495,54756,2020-06-30,11,1,ATEN,0.001471,78987.0,6.81,0.001471
14550,54792,2020-06-30,11,3,REPH,0.006637,23639.0,4.55,0.006637
14551,54793,2020-06-30,11,3,PULM,0.02381,25749.0,1.72,0.02381
14554,54796,2020-06-30,11,3,TWOU,0.040855,64301.0,37.96,0.040855
14555,54797,2020-06-30,11,3,ARAV,-0.091335,15996.0,11.64,-0.091335
14556,54798,2020-06-30,11,3,WATT,0.46114,41685.0,2.82,0.46114
14441,54725,2020-06-30,11,3,SHSP,-0.113131,11535.0,8.78,-0.113131
14442,54726,2020-06-30,11,3,TRVN,0.153846,127210.0,1.5,0.153846
14444,54727,2020-06-30,11,3,SINT,1.754022,19379.0,1.9,1.754022
14607,54828,2020-06-30,11,3,PIH,-0.041849,6068.0,4.46,-0.041849
14608,54830,2020-06-30,11,3,SABR,0.156385,275872.0,8.06,0.156385
14609,54831,2020-06-30,11,3,SPWH,0.275739,43455.0,14.25,0.275739
14610,54832,2020-06-30,11,3,INPX,0.045802,40175.0,1.37,0.045802
14541,20440,2020-06-30,11,1,CVX,-0.026936,1866979.0,89.23,-0.026936
14542,45483,2020-06-30,11,3,GOOG,-0.010714,334692.0,1413.60999,-0.010714
14543,54719,2020-06-30,11,3,BLBD,0.044599,27027.0,14.99,0.044599
14544,54786,2020-06-30,11,3,LE,0.280255,32596.0,8.04,0.280255
14545,54787,2020-06-30,11,3,LPCN,0.379159,61377.0,1.26,0.379159
14547,54790,2020-06-30,11,3,PCTY,0.122188,53792.0,145.89,0.122188
14526,317,2020-06-30,11,3,APOG,0.115739,26369.0,23.04,0.115739
14528,54777,2020-06-30,11,3,AGTC,0.154167,25793.0,5.54,0.154167
14531,54779,2020-06-30,11,3,AKBA,0.166667,143129.0,13.58,0.166667
14532,54780,2020-06-30,11,3,AMRK,0.124557,7032.0,19.05,0.124557
14632,54844,2020-06-30,11,1,DNOW,0.158389,109308.0,8.63,0.158389
14591,54817,2020-06-30,11,3,DARE,-0.058028,28524.0,0.9886,-0.058028
14593,7,2020-06-30,11,3,AAPL,0.147386,4283939.0,364.79999,0.147386
14596,54820,2020-06-30,11,3,FIVN,0.062092,65296.0,110.67,0.062092
14599,54822,2020-06-30,11,3,HNNA,-0.01375,7264.0,7.89,-0.01375
14601,54824,2020-06-30,11,3,NAVI,-0.033602,194000.0,7.03,-0.055108
14603,54826,2020-06-30,11,3,PAHC,0.007252,20288.0,26.27,0.002672
14558,53687,2020-06-30,11,1,ALLY,0.137041,373156.0,19.83,0.137041
14567,54805,2020-06-30,11,1,GRUB,0.238985,92234.0,70.3,0.238985
14574,54809,2020-06-30,11,1,MC,-0.073446,53419.0,31.16,-0.073446
14579,54812,2020-06-30,11,1,PAYC,0.042055,57433.0,309.73001,0.042055
14580,54813,2020-06-30,11,3,RUBI,0.063796,109861.0,6.67,0.063796
14615,54835,2020-06-30,11,3,IMUX,0.010842,14968.0,12.12,0.010842
14617,54837,2020-06-30,11,1,ARES,0.06197,132460.0,39.7,0.051377
14625,54841,2020-06-30,11,1,HRTG,0.048644,28212.0,13.09,0.04386
14677,54875,2020-06-30,11,3,TRUE,-0.044445,107910.0,2.58,-0.044445
14682,54876,2020-06-30,11,1,RYAM,0.294931,63251.0,2.81,0.294931
14684,54878,2020-06-30,11,1,TMST,0.111429,44966.0,3.89,0.111429
14548,54791,2020-06-30,11,3,PFIE,0.087598,47913.0,0.83745,0.087598
14663,54866,2020-06-30,11,3,QRHC,0.015038,15403.0,1.35,0.015038
14667,54867,2020-06-30,11,3,RESN,0.044843,53113.0,2.33,0.044843
14668,54868,2020-06-30,11,3,SCYX,-0.004376,105083.0,0.7509,-0.004376
14670,54870,2020-06-30,11,3,SFBS,0.030247,53874.0,35.76,0.025229
14634,54846,2020-06-30,11,1,PE,0.173961,377599.0,10.68,0.16849
14636,54848,2020-06-30,11,2,SDPI,-0.017303,25435.0,0.744,-0.017303
14641,54851,2020-06-30,11,1,ZEN,0.03242,114226.0,88.53,0.03242
14645,54855,2020-06-30,11,3,AGRX,-0.014184,87298.0,2.78,-0.014184
14647,54857,2020-06-30,11,3,ALDX,-0.152439,32997.0,4.17,-0.152439
14650,54858,2020-06-30,11,3,BWFG,0.086066,7888.0,15.9,0.086066
14604,54827,2020-06-30,11,3,PFIS,0.155522,7333.0,38.19,0.155522
14750,54920,2020-06-30,11,1,SERV,0.084802,131935.0,35.69,0.084802
14702,194,2020-06-30,11,3,AMAT,0.076006,916479.0,60.45,0.076006
14707,54898,2020-06-30,11,3,RDUS,0.076619,46448.0,13.63,0.076619
14708,54899,2020-06-30,11,3,MGEN,0.12462,53077.0,1.11,0.12462
14711,54904,2020-06-30,11,3,LRMR,0.044716,15356.0,12.85,0.044716
14714,54907,2020-06-30,11,1,ANET,-0.10036,75705.0,210.03,-0.10036
14715,54908,2020-06-30,11,1,ASPN,0.06129,26594.0,6.58,0.06129
14716,54909,2020-06-30,11,1,CCS,0.037915,33333.0,30.66,0.037915
14688,54881,2020-06-30,11,3,AMPH,0.204936,47495.0,22.46,0.204936
14689,54882,2020-06-30,11,3,AMTX,0.009625,20683.0,0.8077,0.009625
14690,54883,2020-06-30,11,3,ARDX,-0.055935,89141.0,6.92,-0.055935
14691,54884,2020-06-30,11,3,CBAY,-0.05803,68887.0,3.49,-0.05803
14693,54886,2020-06-30,11,3,CBMG,0.087146,19426.0,14.97,0.087146
14694,54888,2020-06-30,11,3,GPRO,0.010616,119751.0,4.76,0.010616
14761,352,2020-06-30,11,1,TREC,-0.018779,24715.0,6.27,-0.018779
14763,54931,2020-06-30,11,1,CTLT,-0.056992,163932.0,73.3,-0.056992
14773,54933,2020-06-30,11,1,PARR,-0.032293,53863.0,8.99,-0.032293
14774,54934,2020-06-30,11,2,PFNX,0.142271,34292.0,8.35,0.142271
14776,54936,2020-06-30,11,1,SYF,0.087874,583708.0,22.16,0.087874
14778,54938,2020-06-30,11,1,TSQ,0.0,14330.0,4.47,0.0
14653,54861,2020-06-30,11,3,FMBH,0.030648,16728.0,26.23,0.030648
14790,54946,2020-06-30,11,3,ADVM,0.012118,80657.0,20.88,0.012118
14795,21758,2020-06-30,11,1,TKR,0.069347,75066.0,45.49,0.069347
14797,54951,2020-06-30,11,3,CDNA,0.103051,48862.0,35.43,0.103051
14751,54923,2020-06-30,11,1,VRTV,0.361156,15867.0,16.96,0.361156
14759,54929,2020-06-30,11,1,WMS,0.114118,69737.0,49.4,0.114118
14812,54960,2020-06-30,11,3,LOCO,0.064167,35854.0,14.76,0.064167
14813,54961,2020-06-30,11,3,MARA,0.3,24526.0,0.91,0.3
14815,54963,2020-06-30,11,3,MRNS,0.0,122195.0,2.54,0.0
14816,21763,2020-06-30,11,1,TR,-0.035373,39769.0,34.27,-0.0379
14719,54912,2020-06-30,11,1,MR,-0.354575,35815.0,3.95,-0.354575
14720,54913,2020-06-30,11,2,UAVS,0.0,48526.0,1.19,0.0
14828,54971,2020-06-30,11,3,SAGE,0.164054,51935.0,41.58,0.164054
14830,54973,2020-06-30,11,3,SPKE,-0.139903,14672.0,7.07,-0.139903
14831,54975,2020-06-30,11,3,TERP,0.003264,226521.0,18.44,0.003264
14836,54980,2020-06-30,11,3,XENT,0.21435,32645.0,13.54,0.21435
14696,54891,2020-06-30,11,3,MIK,0.831606,147340.0,7.07,0.831606
14697,54892,2020-06-30,11,3,MOBL,0.090708,116844.0,4.93,0.090708
14862,54990,2020-06-30,11,3,CLRB,-0.153999,25472.0,1.28,-0.153999
14872,54995,2020-06-30,11,3,LTRPA,-0.103158,72168.0,2.13,-0.103158
14873,54995,2020-06-30,11,3,LTRPB,0.828867,2953.0,44.7158,0.828867
14874,54996,2020-06-30,11,3,OTIC,0.414063,30951.0,3.62,0.414063
14951,55040,2020-06-30,11,1,BGSF,0.084291,10307.0,11.32,0.084291
14953,55042,2020-06-30,11,1,BOOT,0.003724,28810.0,21.56,0.003724
14781,54939,2020-06-30,11,3,TPCO,0.051579,36501.0,9.99,0.051579
14782,54940,2020-06-30,11,3,TRUP,0.417331,35246.0,42.69,0.417331
14877,54976,2020-06-30,11,3,LMB,0.298246,7853.0,3.7,0.298246
14879,54998,2020-06-30,11,3,TTOO,0.513166,128461.0,1.27,0.513166
14882,55000,2020-06-30,11,3,ERI,0.129724,98566.0,40.06,0.129724
14884,55001,2020-06-30,11,1,VEC,-0.105426,11590.0,49.13,-0.105426
14803,54955,2020-06-30,11,3,HQY,-0.053252,71399.0,58.67,-0.053252
14807,54958,2020-06-30,11,3,IRMD,-0.00172,12198.0,23.21,-0.00172
14810,54959,2020-06-30,11,3,ISTR,0.111111,10840.0,14.5,0.111111
14811,54311,2020-06-30,11,3,FWONK,-0.084849,203442.0,31.71,-0.084849
14908,55013,2020-06-30,11,1,MDLY,0.716013,6293.0,0.772,0.716013
15014,55082,2020-06-30,11,3,PLAY,0.010614,47453.0,13.33,0.010614
14818,54964,2020-06-30,11,3,MTBC,0.265649,12455.0,8.29,0.265649
14820,54965,2020-06-30,11,3,MYOS,-0.000113,11847.0,0.8849,-0.000113
14822,54967,2020-06-30,11,3,NERV,-0.026954,40645.0,3.61,-0.026954
14823,54968,2020-06-30,11,3,OCUL,0.183239,62954.0,8.33,0.183239
14982,55059,2020-06-30,11,1,VSLR,0.316489,124670.0,9.9,0.316489
14852,54984,2020-06-30,11,1,ICD,-0.36953,3816.0,3.89,-0.36953
14855,54985,2020-06-30,11,1,RYI,0.128257,38117.0,5.63,0.128257
14925,55022,2020-06-30,11,3,BCLI,0.504698,29670.0,11.21,0.504698
14926,55023,2020-06-30,11,3,CDK,0.057492,121500.0,41.42,0.053676
14927,54953,2020-06-30,11,3,CFRX,0.235977,27804.0,6.39,0.235977
14930,55026,2020-06-30,11,3,GWGH,-0.030341,30537.0,7.67,-0.030341
14932,55027,2020-06-30,11,3,MBCN,0.1,6369.0,20.75,0.092105
14934,55028,2020-06-30,11,3,NXTD,0.295554,30496.0,0.5041,0.295554
14960,55047,2020-06-30,11,1,ENVA,0.050883,30039.0,14.87,0.050883
14969,55050,2020-06-30,11,1,GWB,-0.033708,55014.0,13.76,-0.033708
14970,55051,2020-06-30,11,1,HUBS,0.122087,43627.0,224.35001,0.122087
15046,55095,2020-06-30,11,1,NVRO,-0.048806,33998.0,119.47,-0.048806
15056,55102,2020-06-30,11,3,ADMA,-0.109422,86350.0,2.93,-0.109422
15057,55103,2020-06-30,11,3,APDN,-0.169753,4968.0,8.07,-0.169753
14889,55006,2020-06-30,11,1,CFG,0.047303,426619.0,25.24,0.047303
15062,55108,2020-06-30,11,3,EYES,0.025327,23118.0,0.9797,0.025327
15064,55109,2020-06-30,11,3,FFWM,0.096644,44625.0,16.34,0.096644
15065,55110,2020-06-30,11,3,FGEN,0.212022,90228.0,40.53,0.212022
15067,55111,2020-06-30,11,3,FRPT,0.08396,40466.0,83.66,0.08396
15015,55083,2020-06-30,11,3,TARA,-0.461029,5843.0,29.32,-0.461029
15016,55084,2020-06-30,11,3,SIEN,-0.002577,50283.0,3.87,-0.002577
15022,55085,2020-06-30,11,3,VBTX,0.010274,49633.0,17.7,0.010274
15028,55088,2020-06-30,11,2,AINC,0.595912,2527.0,10.15,0.595912
15029,55089,2020-06-30,11,1,CRC,-0.082707,49453.0,1.22,-0.082707
15079,55119,2020-06-30,11,3,PRAH,-0.06,63949.0,97.29,-0.06
14983,55060,2020-06-30,11,1,W,0.151909,67678.0,197.61,0.151909
14985,55062,2020-06-30,11,1,BSIG,0.493413,80242.0,12.46,0.492216
14988,55037,2020-06-30,11,3,LBRDK,-0.092666,152984.0,123.96,-0.092666
14991,55066,2020-06-30,11,3,ATRA,0.266957,74308.0,14.57,0.266957
14995,55070,2020-06-30,11,3,CALA,-0.092784,70559.0,5.28,-0.092784
15129,55078,2020-06-30,11,3,INSE,0.078067,22405.0,2.9,0.078067
14937,55031,2020-06-30,11,3,NVUS,-0.639055,19380.0,0.4584,-0.639055
14939,55033,2020-06-30,11,1,KEYS,-0.067974,187037.0,100.78,-0.067974
14941,55034,2020-06-30,11,1,AVNS,0.011356,47757.0,29.39,0.011356
14942,55035,2020-06-30,11,3,KE,-0.045807,24987.0,13.54,-0.045807
14943,55036,2020-06-30,11,3,CBFV,-0.090309,5394.0,21.82,-0.100206
14944,55037,2020-06-30,11,3,LBRDA,-0.092806,26495.0,122.19,-0.092806
15058,55104,2020-06-30,11,3,SLNO,-0.339286,79594.0,2.22,-0.339286
15059,55105,2020-06-30,11,3,CHRS,-0.041845,71470.0,17.86,-0.041845
15108,55133,2020-06-30,11,1,NEWR,0.041572,59844.0,68.9,0.041572
15110,55135,2020-06-30,11,1,ONDK,-0.03931,58424.0,0.7185,-0.03931
15119,55141,2020-06-30,11,1,WK,0.200943,38584.0,53.49,0.200943
15125,55143,2020-06-30,11,3,BLCM,-0.026212,5060.0,7.43,-0.026212
15127,55146,2020-06-30,11,3,CTSO,-0.030362,36812.0,9.9,-0.030362
15069,21795,2020-06-30,11,1,MRO,0.146067,790312.0,6.12,0.146067
15070,1940,2020-06-30,11,3,AROW,0.025299,15011.0,29.73,0.01641
15071,55113,2020-06-30,11,3,SYNH,-0.044925,104236.0,58.25,-0.044925
15072,55114,2020-06-30,11,3,JYNT,0.010589,14027.0,15.27,0.010589
15084,55123,2020-06-30,11,3,TBK,-0.011405,24203.0,24.27,-0.011405
15087,55124,2020-06-30,11,3,UPLD,0.006078,25366.0,34.76,0.006078
15092,55129,2020-06-30,11,1,LC,-0.149533,69869.0,4.55,-0.149533
15167,55162,2020-06-30,11,1,SHAK,-0.046265,38173.0,52.98,-0.046265
15168,55163,2020-06-30,11,1,VSTO,0.488157,58064.0,14.45,0.488157
15172,55167,2020-06-30,11,3,AVGR,-0.168011,51339.0,0.3095,-0.168011
15177,55169,2020-06-30,11,3,SLRX,0.333468,14638.0,1.32,0.333468
15132,55148,2020-06-30,11,3,OCGN,-0.289032,135007.0,0.2204,-0.289032
15144,55157,2020-06-30,11,3,PATI,0.007143,3377.0,-8.46,0.007143
15145,55158,2020-06-30,11,1,BOX,0.039039,153453.0,20.76,0.039039
15198,55184,2020-06-30,11,1,NVTA,0.800832,125013.0,30.29,0.800832
15202,21876,2020-06-30,11,1,VMC,0.069516,132434.0,115.85,0.069516
15203,357,2020-06-30,11,3,ARTW,0.21134,4432.0,2.35,0.21134
15291,55229,2020-06-30,11,3,ETSY,0.311805,119141.0,106.23,0.311805
15293,55212,2020-06-30,11,3,NEXT,0.430464,117500.0,2.16,0.430464
15215,55187,2020-06-30,11,2,VNRX,0.262987,46226.0,3.89,0.262987
15218,55191,2020-06-30,11,3,BLPH,-0.114951,9498.0,12.55,-0.114951
15219,55193,2020-06-30,11,3,HEPA,0.545946,9025.0,2.86,0.545946
15220,55195,2020-06-30,11,3,INOV,0.023379,76090.0,19.26,0.023379
15221,55196,2020-06-30,11,3,RCKT,0.112706,55170.0,20.93,0.112706
15222,55197,2020-06-30,11,3,IOVA,-0.144593,146435.0,27.45,-0.144593
15226,55200,2020-06-30,11,3,ATEX,-0.154104,17289.0,45.34,-0.154104
15075,55117,2020-06-30,11,3,EVFM,-0.481685,81301.0,2.83,-0.481685
15264,55208,2020-06-30,11,1,SUM,0.058591,114111.0,16.08,0.058591
15271,55174,2020-06-30,11,3,XELA,0.706281,147511.0,0.5542,0.706281
15272,55214,2020-06-30,11,3,SEDG,-0.021987,50076.0,138.78,-0.021987
15273,55215,2020-06-30,11,3,SUNW,0.355556,16629.0,0.61,0.355556
15278,55219,2020-06-30,11,2,PZG,0.107143,32958.0,1.24,0.107143
15282,55222,2020-06-30,11,3,ADRO,-0.293578,81059.0,2.31,-0.293578
15284,55224,2020-06-30,11,3,BPMC,0.197421,54285.0,78.0,0.197421
15285,55225,2020-06-30,11,3,KALV,0.075556,17847.0,12.1,0.075556
15286,55226,2020-06-30,11,3,CDTX,0.019337,42019.0,3.69,0.019337
15178,55170,2020-06-30,11,3,FNWB,-0.084071,10433.0,12.42,-0.084071
15180,55171,2020-06-30,11,3,ICBK,-0.034483,6375.0,20.93,-0.037701
15184,55175,2020-06-30,11,3,TCON,-0.147826,7774.0,1.96,-0.147826
15186,55176,2020-06-30,11,3,VUZI,-0.040161,39004.0,2.39,-0.040161
15187,55177,2020-06-30,11,3,ZSAN,-0.126225,57245.0,0.8563,-0.126225
15242,55204,2020-06-30,11,1,FSB,0.044201,14919.0,25.75,0.044201
15254,377,2020-06-30,11,2,ENSV,0.126715,55613.0,0.1725,0.126715
15351,55257,2020-06-30,11,1,FTAI,0.154667,85115.0,12.99,0.154667
15431,55315,2020-06-30,11,3,MCRB,-0.132969,75132.0,4.76,-0.132969
15432,55316,2020-06-30,11,3,ALPN,1.624324,18591.0,9.71,1.624324
15433,55317,2020-06-30,11,3,PIRS,-0.138889,52399.0,3.1,-0.138889
15435,55319,2020-06-30,11,3,PUB,-0.092854,18793.0,22.47,-0.092854
15436,55320,2020-06-30,11,3,QLGN,-0.384496,12540.0,3.97,-0.384496
15440,55321,2020-06-30,11,3,WING,0.140467,29596.0,138.97,0.139565
15297,55232,2020-06-30,11,3,NVIV,0.036184,4882.0,1.575,0.036184
15302,55235,2020-06-30,11,3,VIRT,-0.010482,122475.0,23.6,-0.010482
15303,55236,2020-06-30,11,3,VKTX,0.008392,72758.0,7.21,0.008392
15315,55241,2020-06-30,11,1,GDDY,-0.050744,165265.0,73.33,-0.050744
15371,55270,2020-06-30,11,3,COLL,-0.206349,34494.0,17.5,-0.206349
15374,55274,2020-06-30,11,3,HTGM,0.358747,67094.0,0.72,0.358747
15375,55275,2020-06-30,11,3,JAGX,0.003726,32408.0,0.4849,0.003726
15378,55276,2020-06-30,11,3,LIFE,0.187166,9383.0,4.44,0.187166
15380,55278,2020-06-30,11,3,ONCS,-0.080718,23032.0,2.05,-0.080718
15381,55279,2020-06-30,11,3,OPGN,0.051546,17694.0,2.04,0.051546
15382,55280,2020-06-30,11,3,RKDA,0.032967,10046.0,3.76,0.032967
15287,55227,2020-06-30,11,3,CRBP,0.124665,80656.0,8.39,0.124665
15390,55284,2020-06-30,11,1,FIT,0.018927,237659.0,6.46,0.018927
15394,55286,2020-06-30,11,3,MJCO,0.118065,43295.0,7.86,0.118065
15395,55287,2020-06-30,11,1,CABO,-0.059378,5979.0,1774.84998,-0.059378
15396,55288,2020-06-30,11,1,BW,0.060465,46408.0,2.28,0.060465
15397,55289,2020-06-30,11,1,BLD,-0.008022,33327.0,113.77,-0.008022
15398,55290,2020-06-30,11,1,CC,0.170862,164218.0,15.35,0.170862
15399,55291,2020-06-30,11,1,HZN,0.358025,25473.0,2.2,0.358025
15400,55292,2020-06-30,11,1,ENR,0.08227,68457.0,47.49,0.08227
15407,55295,2020-06-30,11,3,SPNE,-0.016901,27399.0,10.47,-0.016901
15318,362,2020-06-30,11,1,ASB,-0.023555,153674.0,13.68,-0.023555
15327,55244,2020-06-30,11,1,PRTY,0.155039,94491.0,1.49,0.155039
15332,54466,2020-06-30,11,1,CWEN,0.052487,79330.0,23.06,0.052487
15478,55335,2020-06-30,11,1,TRU,0.008692,189800.0,87.04,0.008692
15482,55337,2020-06-30,11,1,UNVR,0.090556,168901.0,16.86,0.090556
15488,55341,2020-06-30,11,3,PYPL,0.123992,1173000.0,174.23,0.123992
15489,55342,2020-06-30,11,1,BNED,0.032258,48298.0,1.6,0.032258
15490,55343,2020-06-30,11,3,LITE,0.110611,75101.0,81.43,0.110611
15491,55344,2020-06-30,11,3,AEMD,0.380952,12070.0,2.03,0.380952
15493,55345,2020-06-30,11,3,AQMS,0.666468,60274.0,1.4,0.666468
15443,55323,2020-06-30,11,2,TMBR,-0.192593,11849.0,2.18,-0.192593
15452,55326,2020-06-30,11,1,EVH,-0.198198,85476.0,7.12,-0.198198
15454,55327,2020-06-30,11,1,GKOS,-0.014366,44230.0,38.42,-0.014366
15505,55349,2020-06-30,11,3,RBNC,0.163571,16632.0,16.29,0.163571
15506,55350,2020-06-30,11,3,CYRX,0.231176,38565.0,30.25,0.231176
15507,55351,2020-06-30,11,3,SRRA,-0.136331,10396.0,12.1,-0.136331
15510,55355,2020-06-30,11,3,EYEG,-0.056863,4627.0,4.81,-0.056863
15525,55273,2020-06-30,11,3,RMNI,0.117137,68530.0,5.15,0.117137
15456,21936,2020-06-30,11,1,FL,0.052708,104234.0,29.16,0.052708
15457,397,2020-06-30,11,3,ATRO,0.156627,23586.0,10.56,0.156627
15383,55281,2020-06-30,11,3,STKS,-0.111717,28960.0,1.63,-0.111717
15537,5225,2020-06-30,11,3,ALOT,0.237947,7163.0,7.96,0.237947
15539,55368,2020-06-30,11,3,PVBC,-0.077465,19472.0,7.86,-0.077465
15540,55369,2020-06-30,11,3,RILY,0.131565,25864.0,21.76,0.131565
15541,55370,2020-06-30,11,3,RPD,0.043567,50951.0,51.02,0.043567
15542,55371,2020-06-30,11,3,VTVT,-0.21875,47943.0,2.25,-0.21875
15543,55373,2020-06-30,11,3,XELB,0.104911,19231.0,0.891,0.104911
15408,55296,2020-06-30,11,3,KHC,0.046603,1223000.0,31.89,0.046603
15409,55297,2020-06-30,11,3,ALRM,0.37048,48924.0,64.81,0.37048
15410,55298,2020-06-30,11,3,APPF,0.026497,16952.0,162.71001,0.026497
15416,55302,2020-06-30,11,3,CATB,0.035427,18824.0,6.43,0.035427
15417,55303,2020-06-30,11,3,CETX,0.731785,16264.0,1.64,0.731785
15429,55313,2020-06-30,11,3,LNTH,0.041515,66808.0,14.3,0.041515
15496,55347,2020-06-30,11,3,CFMS,-0.170628,76104.0,0.82,-0.170628
15497,55348,2020-06-30,11,3,CHMA,-0.1392,42269.0,5.38,-0.1392
15579,21737,2020-06-30,11,3,TXN,0.069311,915591.0,126.97,0.069311
15580,5,2020-06-30,11,3,AAME,-0.064972,20454.0,1.655,-0.064972
15582,55377,2020-06-30,11,1,OOMA,0.314195,22100.0,16.48,0.314195
15527,55361,2020-06-30,11,3,LOB,0.07164,37810.0,14.51,0.07164
15530,55362,2020-06-30,11,3,MCFT,0.281965,18872.0,19.05,0.281965
15531,55363,2020-06-30,11,3,NEOS,-0.034939,49755.0,0.685,-0.034939
15533,55364,2020-06-30,11,3,NK,0.821958,107764.0,12.28,0.821958
15534,55365,2020-06-30,11,3,NTRA,0.137058,79717.0,49.86,0.137058
15535,55366,2020-06-30,11,3,OLLI,0.067797,63798.0,97.65,0.067797
15664,55372,2020-06-30,11,3,CCNC,-0.133641,28515.0,1.88,-0.133641
15638,55393,2020-06-30,11,3,GBT,-0.097111,61331.0,63.13,-0.097111
15639,55358,2020-06-30,11,3,PRPL,0.25523,36468.0,18.0,0.25523
15643,55396,2020-06-30,11,3,RUN,0.180838,122307.0,19.72,0.180838
15645,55398,2020-06-30,11,3,POAI,0.064935,13191.0,1.64,0.064935
15646,55399,2020-06-30,11,3,ZYNE,-0.359316,29255.0,3.37,-0.359316
15647,55400,2020-06-30,11,1,FLOW,0.082707,42648.0,37.44,0.082707
15648,55401,2020-06-30,11,1,JAX,0.160377,15012.0,4.92,0.160377
15649,55402,2020-06-30,11,1,MSGS,-0.139131,19462.0,146.89,-0.139131
15650,55403,2020-06-30,11,1,PJT,-0.06034,24075.0,51.34,-0.061254
15651,55404,2020-06-30,11,3,CSWI,-0.034237,14719.0,69.11,-0.034237
15653,55407,2020-06-30,11,3,GYRO,0.033251,1483.0,-16.625,0.033251
15546,53853,2020-06-30,11,3,Z,-0.006553,159974.0,57.61,-0.006553
15694,55417,2020-06-30,11,1,PEN,0.037119,35940.0,178.82001,0.037119
15707,55421,2020-06-30,11,1,HPE,0.014418,1284757.0,9.73,0.00206
15623,55384,2020-06-30,11,1,HLI,-0.074901,49418.0,55.64,-0.080027
15627,55386,2020-06-30,11,1,PLNT,-0.062819,79951.0,60.57,-0.062819
15630,55389,2020-06-30,11,3,AIMT,0.00602,65440.0,16.71,0.00602
15631,55390,2020-06-30,11,3,BNTC,0.083562,1108.0,7.91,0.083562
15636,55391,2020-06-30,11,3,CNFR,0.08254,9598.0,2.728,0.08254
15720,21543,2020-06-30,11,1,EIX,-0.065393,377941.0,54.31,-0.065393
15585,55379,2020-06-30,11,1,TDOC,0.096404,74453.0,190.84,0.096404
15590,55381,2020-06-30,11,2,UFAB,-0.012353,9779.0,3.19,-0.012353
15838,55480,2020-06-30,11,3,EQBK,0.069283,15218.0,17.44,0.069283
15774,55451,2020-06-30,11,3,ABTX,-0.00859,20431.0,25.39,-0.00859
15775,55452,2020-06-30,11,3,ACRS,0.148936,42691.0,1.62,0.148936
15776,55453,2020-06-30,11,3,AVXL,0.19708,60082.0,4.92,0.19708
15779,55456,2020-06-30,11,3,CTMX,-0.059819,46190.0,8.33,-0.059819
15782,55406,2020-06-30,11,3,WSC,-0.078711,121233.0,12.29,-0.078711
15784,55458,2020-06-30,11,3,PDSB,0.534351,15362.0,2.01,0.534351
15785,55394,2020-06-30,11,3,TWNK,0.012008,124409.0,12.22,0.012008
15787,55461,2020-06-30,11,3,SYBX,-0.191235,34145.0,2.03,-0.191235
15654,55359,2020-06-30,11,3,DSKE,0.421338,64727.0,3.93,0.421338
15658,55410,2020-06-30,11,3,RGNX,-0.022039,37291.0,36.83,-0.022039
15662,55411,2020-06-30,11,3,STAF,0.039605,9323.0,0.7901,0.039605
15902,55460,2020-06-30,11,3,LMFA,0.343039,5069.0,1.3699,0.343039
15709,55423,2020-06-30,11,3,ACBI,0.066667,21478.0,12.16,0.066667
15710,55424,2020-06-30,11,1,EXTN,-0.160436,33151.0,5.39,-0.160436
15826,55474,2020-06-30,11,1,SQ,0.294277,362988.0,104.94,0.294277
15831,55477,2020-06-30,11,3,AXSM,0.068849,37268.0,82.28,0.068849
15833,55454,2020-06-30,11,3,CERC,-0.195046,74900.0,2.6,-0.195046
15837,55479,2020-06-30,11,3,DLTH,0.623348,29443.0,7.37,0.623348
15948,55525,2020-06-30,11,3,NCBS,-0.019853,10424.0,54.8,-0.019853
15724,55428,2020-06-30,11,1,PFGC,0.093433,132481.0,29.14,0.093433
15729,55429,2020-06-30,11,1,PSTG,-0.0159,265022.0,17.33,-0.0159
15914,55512,2020-06-30,11,3,WKHS,6.012096,89330.0,17.39,6.012096
15917,55513,2020-06-30,11,1,GCP,-0.077458,72922.0,18.58,-0.077458
15921,55517,2020-06-30,11,1,WBT,0.001645,141499.0,6.09,0.001645
15937,55521,2020-06-30,11,3,EDIT,0.092723,62104.0,29.58,0.092723
15943,55523,2020-06-30,11,3,IZEA,0.869465,41785.0,1.14,0.869465
16044,55557,2020-06-30,11,1,NGVT,-0.001899,41209.0,52.57,-0.001899
15840,55481,2020-06-30,11,3,FGBI,0.041177,9741.0,12.23,0.027731
15847,55484,2020-06-30,11,3,KURA,-0.046226,56214.0,16.3,-0.046226
15850,55487,2020-06-30,11,3,MTCH,0.202269,74224.0,107.05,0.202269
15853,55488,2020-06-30,11,3,RMR,0.093101,15315.0,29.47,0.093101
15856,55490,2020-06-30,11,3,VYGR,0.042975,37204.0,12.62,0.042975
15859,55493,2020-06-30,11,1,AGR,-0.046313,309005.0,41.98,-0.056205
15860,55056,2020-06-30,11,1,OSG,-0.158371,85979.0,1.86,-0.158371
15788,55462,2020-06-30,11,3,MYOK,-0.055431,52965.0,96.62,-0.055431
15795,55468,2020-06-30,11,3,SGRY,-0.136889,50551.0,11.57,-0.136889
15802,55471,2020-06-30,11,1,AC,-0.104648,3405.0,36.69,-0.107082
15976,55537,2020-06-30,11,3,SNDX,-0.085185,38513.0,14.82,-0.085185
15978,55538,2020-06-30,11,3,VRAY,0.28,147616.0,2.24,0.28
15980,48779,2020-06-30,11,1,UA,0.124682,231191.0,8.84,0.124682
15995,55540,2020-06-30,11,2,SENS,-0.164345,227642.0,0.39,-0.164345
15906,55508,2020-06-30,11,3,SMBK,0.050649,15217.0,16.18,0.050649
15998,54311,2020-06-30,11,3,LSXMA,-0.054247,101421.0,34.52,-0.054247
15999,54311,2020-06-30,11,3,LSXMB,0.054259,9808.0,37.5,0.054259
16000,54311,2020-06-30,11,3,LSXMK,-0.055388,232276.0,34.45,-0.055388
16005,55543,2020-06-30,11,3,AGLE,0.049943,44600.0,9.25,0.049943
16007,55544,2020-06-30,11,3,CDXC,-0.045738,61421.0,4.59,-0.045738
15950,55526,2020-06-30,11,3,PTI,0.045802,52148.0,1.37,0.045802
15956,55529,2020-06-30,11,1,AFI,-0.125731,21594.0,2.99,-0.125731
15960,55530,2020-06-30,11,3,CRVS,-0.211594,28035.0,2.72,-0.211594
15961,55531,2020-06-30,11,3,DRIO,-0.007595,4099.0,6.35,-0.007595
15970,55535,2020-06-30,11,3,ROSE,1.150432,28944.0,0.7219,1.150432
16064,55568,2020-06-30,11,3,NTLA,0.200457,58724.0,21.02,0.200457
16066,55570,2020-06-30,11,3,PLSE,0.150715,25149.0,10.46,0.150715
16068,55572,2020-06-30,11,3,RETA,0.073631,28527.0,156.02,0.073631
16049,55560,2020-06-30,11,2,ZDGE,0.333333,11675.0,1.48,0.333333
16051,55562,2020-06-30,11,3,ACIA,-0.004593,41991.0,67.19,-0.004593
16052,55563,2020-06-30,11,3,ALJJ,-0.230769,42173.0,0.5,-0.230769
16063,55567,2020-06-30,11,3,MSBI,-0.001336,22937.0,14.95,-0.001336
16119,55595,2020-06-30,11,1,ATKR,0.019002,47188.0,27.35,0.019002
15863,55496,2020-06-30,11,2,OCX,-0.307971,67218.0,1.91,-0.307971
16097,55587,2020-06-30,11,3,HONE,0.071518,58418.0,8.54,0.071518
16099,55588,2020-06-30,11,3,MBRX,-0.11211,60403.0,0.9678,-0.11211
16100,55589,2020-06-30,11,3,NH,0.734848,110929.0,4.58,0.734848
16104,55569,2020-06-30,11,3,OTLK,0.264706,126360.0,1.29,0.264706
16108,55591,2020-06-30,11,3,SELB,-0.226158,100848.0,2.84,-0.226158
16111,55593,2020-06-30,11,3,SYRS,0.088866,45759.0,10.66,0.088866
16112,55594,2020-06-30,11,3,VIVE,-0.10789,15734.0,0.5631,-0.10789
16179,55622,2020-06-30,11,3,MYSZ,0.081743,7158.0,1.06,0.081743
16181,55547,2020-06-30,11,3,PAVM,0.060301,47919.0,2.11,0.060301
16182,55623,2020-06-30,11,3,PI,0.062669,22786.0,27.47,0.062669
15996,54311,2020-06-30,11,3,BATRA,-0.111111,10313.0,20.08,-0.111111
15997,54311,2020-06-30,11,3,BATRK,-0.100683,39930.0,19.74,-0.100683
16145,55592,2020-06-30,11,3,SRTS,0.280335,16502.0,3.06,0.280335
16146,55606,2020-06-30,11,3,APVO,0.464912,3233.0,8.35,0.464912
16154,55608,2020-06-30,11,1,KDMN,0.153153,160026.0,5.12,0.153153
16158,53017,2020-06-30,11,1,VRS,-0.161335,33837.0,11.96,-0.168289
16164,55615,2020-06-30,11,3,DMPI,-0.298163,11458.0,0.6878,-0.298163
16171,55617,2020-06-30,11,3,KNSL,0.040048,22303.0,155.21001,0.039446
16173,55565,2020-06-30,11,3,WTRH,0.064777,102383.0,2.63,0.064777
16008,55545,2020-06-30,11,3,GWRS,-0.017293,22587.0,10.54,-0.019535
16012,55534,2020-06-30,11,3,PECK,-0.029487,5298.0,3.785,-0.029487
16019,55548,2020-06-30,11,3,RRR,-0.20942,71228.0,10.91,-0.20942
16020,55549,2020-06-30,11,3,SCWX,-0.150817,12140.0,11.43,-0.150817
16021,55527,2020-06-30,11,3,CDEV,-0.118812,277283.0,0.89,-0.118812
16024,55551,2020-06-30,11,1,ARA,0.053312,33739.0,6.52,0.053312
16255,55671,2020-06-30,11,3,NRBO,-0.391074,16427.0,8.05,-0.391074
16260,55672,2020-06-30,11,3,MEDP,0.002155,35408.0,93.02,0.002155
16261,55620,2020-06-30,11,3,IEA,1.116402,20961.0,4.0,1.116402
16263,55673,2020-06-30,11,3,PTGX,0.068361,36802.0,17.66,0.068361
16069,55573,2020-06-30,11,3,SBPH,-0.109091,17249.0,1.47,-0.109091
16070,55574,2020-06-30,11,3,VTGN,0.193614,55802.0,0.5271,0.193614
16076,55577,2020-06-30,11,1,GMS,0.200098,42554.0,24.59,0.200098
16082,55580,2020-06-30,11,1,SITE,0.072054,41862.0,113.97,0.072054
16083,55581,2020-06-30,11,1,TPB,0.040434,19589.0,24.91,0.038349
16084,55582,2020-06-30,11,1,USFD,0.030303,220282.0,19.72,0.030303
16086,55584,2020-06-30,11,1,HTZ,0.41,142294.0,1.41,0.41
16087,55585,2020-06-30,11,1,FTV,0.109544,336856.0,67.66,0.109544
16126,430,2020-06-30,11,1,AZZ,0.084018,26159.0,34.32,0.084018
16140,55601,2020-06-30,11,1,TWLO,0.110425,128731.0,219.42,0.110425
16284,55614,2020-06-30,11,3,SMPL,0.091016,95379.0,18.58,0.091016
16285,55691,2020-06-30,11,3,CSTR,0.041667,18302.0,12.0,0.041667
16287,55692,2020-06-30,11,3,EVBG,-0.054013,34464.0,138.36,-0.054013
16290,55694,2020-06-30,11,3,FLGT,-0.081516,21810.0,16.0,-0.081516
16303,55696,2020-06-30,11,3,NOVN,0.198759,119422.0,0.4831,0.198759
16304,55697,2020-06-30,11,3,NTNX,-0.014755,184460.0,23.705,-0.014755
16306,55699,2020-06-30,11,3,SNDE,0.16129,6876.0,2.88,0.16129
16183,55624,2020-06-30,11,3,RNDB,0.062368,5480.0,10.05,0.062368
16186,55625,2020-06-30,11,3,TCMD,-0.144892,19411.0,41.43,-0.144892
16188,55627,2020-06-30,11,3,TPIC,0.126265,35340.0,23.37,0.126265
16247,55667,2020-06-30,11,3,AIRG,0.189369,9654.0,10.74,0.189369
16250,55668,2020-06-30,11,3,ATOM,0.036866,19826.0,9.0,0.036866
16252,55669,2020-06-30,11,3,EKSO,1.193211,7814.0,8.4,1.193211
16253,55670,2020-06-30,11,3,FHB,-0.00058,129867.0,17.24,-0.00058
16497,55805,2020-06-30,11,3,CNDT,0.0,209225.0,2.39,0.0
16498,55806,2020-06-30,11,1,HGV,-0.092386,84987.0,19.55,-0.092386
16174,55618,2020-06-30,11,3,LONE,-0.193659,25369.0,0.4705,-0.193659
16178,55621,2020-06-30,11,3,NMTR,0.013982,134529.0,0.5729,0.013982
16308,55700,2020-06-30,11,3,TRHC,0.024331,22955.0,54.73,0.024331
16309,55701,2020-06-30,11,3,TTD,0.304725,41713.0,406.5,0.304725
16310,55702,2020-06-30,11,3,TYHT,0.268505,27333.0,0.53886,0.268505
16318,55704,2020-06-30,11,1,ELF,0.112602,50009.0,19.07,0.112602
16319,55705,2020-06-30,11,1,FBK,0.049132,32082.0,24.77,0.049132
16458,55788,2020-06-30,11,3,FPAY,0.101266,21356.0,1.74,0.101266
16463,55790,2020-06-30,11,3,GNUS,0.097561,218856.0,2.25,0.097561
16464,55750,2020-06-30,11,3,GTYH,0.110667,53893.0,4.165,0.110667
16465,55688,2020-06-30,11,3,PRTH,0.385027,67114.0,2.59,0.385027
16466,55792,2020-06-30,11,3,MOXC,0.341623,16192.0,0.82,0.341623
16268,55677,2020-06-30,11,1,HOME,0.369198,64188.0,6.49,0.369198
16276,55684,2020-06-30,11,1,ASIX,-0.008446,28004.0,11.74,-0.008446
16277,55685,2020-06-30,11,1,DFIN,0.030675,33733.0,8.4,0.030675
16431,55778,2020-06-30,11,1,LW,0.064436,146039.0,63.93,0.064436
16432,20834,2020-06-30,11,3,GT,0.175427,233011.0,8.945,0.175427
16434,55775,2020-06-30,11,1,GOLF,0.045631,74277.0,34.79,0.040994
16435,55776,2020-06-30,11,1,ADSW,-0.032393,90183.0,30.17,-0.032393
16436,20221,2020-06-30,11,1,ARCH,-0.138046,15143.0,28.41,-0.138046
16090,55586,2020-06-30,11,3,CLSD,0.010753,46275.0,1.88,0.010753
16338,55711,2020-06-30,11,1,VVV,0.053406,185030.0,19.33,0.053406
16343,55716,2020-06-30,11,1,YUMC,0.037333,376433.0,48.07,0.037333
16347,55718,2020-06-30,11,1,AA,0.220413,185919.0,11.24,0.220413
16377,55744,2020-06-30,11,3,AZRX,0.128394,28503.0,0.9061,0.128394
16378,55745,2020-06-30,11,3,BCTF,0.052039,3200.0,11.3014,0.047406
16529,55825,2020-06-30,11,3,PVAC,0.085421,15176.0,9.53,0.085421
16532,55827,2020-06-30,11,3,SNES,0.04712,3399.0,2.0,0.04712
16381,55746,2020-06-30,11,3,BL,0.115882,56899.0,82.91,0.115882
16382,55747,2020-06-30,11,3,COUP,0.217705,66641.0,277.04001,0.217705
16384,55749,2020-06-30,11,3,FRTA,0.265306,65211.0,11.16,0.265306
16386,55752,2020-06-30,11,3,IRTC,-0.067734,27364.0,115.89,-0.067734
16392,55754,2020-06-30,11,3,MRAM,0.191851,18870.0,7.02,0.191851
16393,55755,2020-06-30,11,3,OBLN,-0.272502,7732.0,0.7056,-0.272502
16394,55756,2020-06-30,11,3,OTTW,-0.013583,3121.0,10.45,-0.021077
16399,55759,2020-06-30,11,3,SRAX,0.468208,14134.0,2.54,0.468208
16400,55675,2020-06-30,11,3,PHUN,-0.046512,43561.0,1.23,-0.046512
16499,55807,2020-06-30,11,1,PK,0.006104,235594.0,9.89,0.006104
16505,475,2020-06-30,11,3,BPOP,-0.04862,84185.0,37.17,-0.058749
16522,55742,2020-06-30,11,3,ORGO,-0.070218,105417.0,3.84,-0.070218
16528,55824,2020-06-30,11,3,POLA,2.771863,10126.0,4.96,2.771863
16590,55863,2020-06-30,11,3,IFMK,0.009434,25194.0,1.07,0.009434
16591,12654,2020-06-30,11,3,LAUR,0.024152,118578.0,9.965,0.024152
16592,55864,2020-06-30,11,3,METC,-0.210332,42622.0,2.14,-0.210332
16593,55865,2020-06-30,11,3,NBEV,0.013245,98442.0,1.53,0.013245
16594,55866,2020-06-30,11,3,SGLB,0.030888,3926.0,2.67,0.030888
16595,55867,2020-06-30,11,1,SNAP,0.240232,1188375.0,23.49,0.240232
16597,55869,2020-06-30,11,1,AYX,0.141309,52973.0,164.28,0.141309
16471,55794,2020-06-30,11,3,SND,-0.009434,39754.0,1.05,-0.009434
16472,55795,2020-06-30,11,3,MRKR,-0.088106,46600.0,2.07,-0.088106
16473,55796,2020-06-30,11,3,XBIO,0.015734,6296.0,1.02,0.015734
16555,21838,2020-06-30,11,1,UVV,-0.035179,24480.0,42.51,-0.035179
16557,55842,2020-06-30,11,1,NEX,-0.155172,213790.0,2.45,-0.155172
16560,55844,2020-06-30,11,1,REVG,0.0,63406.0,6.1,0.0
16437,55777,2020-06-30,11,1,CWH,0.289575,37540.0,27.16,0.282342
16442,54043,2020-06-30,11,1,AMPY,0.118182,37566.0,1.23,0.118182
16448,52847,2020-06-30,11,1,SD,-0.183544,35779.0,1.29,-0.183544
16600,20906,2020-06-30,11,1,HSY,-0.044664,147396.0,129.62,-0.044664
16611,55874,2020-06-30,11,1,JILL,0.128874,44774.0,0.692,0.128874
16613,55876,2020-06-30,11,2,MTNB,-0.141111,197487.0,0.773,-0.141111
16617,55879,2020-06-30,11,1,PUMP,0.038384,100850.0,5.14,0.038384
16622,55880,2020-06-30,11,2,TKAT,-0.246377,11271.0,1.04,-0.246377
16533,55828,2020-06-30,11,3,SNGX,0.104712,28591.0,2.11,0.104712
16541,55834,2020-06-30,11,3,AQB,0.188192,32106.0,3.22,0.188192
16542,55835,2020-06-30,11,3,LPTX,-0.118143,59658.0,2.09,-0.118143
16543,55836,2020-06-30,11,3,VREX,-0.192431,39100.0,15.15,-0.192431
16548,589,2020-06-30,11,1,BOH,-0.045391,40011.0,61.41,-0.045391
16554,55841,2020-06-30,11,1,JELD,0.181952,100755.0,16.11,0.181952
16657,55906,2020-06-30,11,1,CLDR,0.240976,295391.0,12.72,0.240976
16659,55907,2020-06-30,11,1,ELVT,-0.129412,42602.0,1.48,-0.129412
16660,55908,2020-06-30,11,1,EEX,0.387387,71446.0,3.08,0.387387
16401,55760,2020-06-30,11,3,TUSK,-0.063492,45762.0,1.18,-0.063492
16417,714,2020-06-30,11,3,PTVCA,0.011143,2603.0,-17.695,0.011143
16632,55886,2020-06-30,11,3,HLNE,-0.074997,32773.0,67.37,-0.079267
16633,55887,2020-06-30,11,3,ICCH,0.088985,3033.0,-11.495,0.088985
16638,55890,2020-06-30,11,3,NODK,-0.014676,21631.0,14.77,-0.014676
16639,55891,2020-06-30,11,3,NTRP,-0.165528,23674.0,1.16,-0.165528
16689,55925,2020-06-30,11,1,BTU,-0.085714,97700.0,2.88,-0.085714
16690,21368,2020-06-30,11,2,GDP,-0.104478,12534.0,7.2,-0.104478
16692,55928,2020-06-30,11,1,IR,-0.002837,416593.0,28.12,-0.002837
16696,55930,2020-06-30,11,1,CARS,-0.066451,67145.0,5.76,-0.066451
16697,55931,2020-06-30,11,1,WOW,-0.190476,86659.0,5.27,-0.190476
16698,55932,2020-06-30,11,3,APPN,-0.100246,37558.0,51.25,-0.100246
16703,55935,2020-06-30,11,3,FMAO,-0.015186,11129.0,21.24,-0.02255
16705,55936,2020-06-30,11,3,GTHX,0.429582,37912.0,24.26,0.429582
16562,55847,2020-06-30,11,3,ANAB,0.17086,27287.0,22.34,0.17086
16569,55851,2020-06-30,11,3,HVBC,0.053202,2239.0,13.0597,0.053202
16570,55852,2020-06-30,11,3,JNCE,0.280148,34065.0,6.9,0.280148
16579,55857,2020-06-30,11,1,FBM,0.171922,43203.0,15.61,0.171922
16709,55940,2020-06-30,11,3,OVID,0.37757,57082.0,7.37,0.37757
16712,55943,2020-06-30,11,3,VERI,0.750294,27516.0,14.86,0.750294
16736,55954,2020-06-30,11,1,VST,-0.082436,488578.0,18.62,-0.089041
16737,55955,2020-06-30,11,1,SMHI,0.645161,23099.0,2.55,0.645161
16625,55883,2020-06-30,11,3,AKTS,0.121786,37990.0,8.29,0.121786
16630,55849,2020-06-30,11,3,IMXI,0.129646,38035.0,12.46,0.129646
16631,55850,2020-06-30,11,3,VRRM,-0.057745,161737.0,10.28,-0.057745
16746,55958,2020-06-30,11,1,FPH,-0.081836,69057.0,4.6,-0.081836
16750,55961,2020-06-30,11,1,SOI,0.085859,29395.0,7.42,0.070707
16753,55965,2020-06-30,11,1,ATUS,-0.123639,412128.0,22.54,-0.123639
16755,55967,2020-06-30,11,1,APRN,0.177282,9727.0,11.09,0.177282
16756,55968,2020-06-30,11,1,BY,0.080659,38383.0,13.1,0.078189
16765,55972,2020-06-30,11,2,MYO,-0.018617,2814.0,3.69,-0.018617
16664,55909,2020-06-30,11,1,FND,0.108654,102287.0,57.65,0.108654
16667,55911,2020-06-30,11,1,WTTR,-0.175084,86852.0,4.9,-0.175084
16670,55914,2020-06-30,11,3,CATS,0.248864,17056.0,24.74,0.248864
16671,55915,2020-06-30,11,3,CFBI,0.135417,7571.0,-8.175,0.135417
16673,55888,2020-06-30,11,3,ALTM,-0.081594,74929.0,0.6337,-0.081594
16674,55889,2020-06-30,11,3,USWS,0.034154,68361.0,0.4875,0.034154
16675,55918,2020-06-30,11,3,NCSM,0.112137,47180.0,0.5782,0.112137
16676,55919,2020-06-30,11,3,PCSB,-0.050898,16898.0,12.68,-0.050898
16678,21068,2020-06-30,11,1,KR,0.037707,777926.0,33.85,0.037707
16680,55920,2020-06-30,11,3,SSNT,0.046875,4501.0,2.01,0.046875
16681,55921,2020-06-30,11,3,FBRX,-0.196695,11198.0,14.58,-0.196695
16648,55898,2020-06-30,11,1,SNDR,0.023376,94187.0,24.67,0.020687
16649,55899,2020-06-30,11,3,OKTA,0.023775,116135.0,200.23,0.023775
16650,55900,2020-06-30,11,1,YEXT,0.051932,117723.0,16.61,0.051932
16653,55901,2020-06-30,11,1,HCC,0.09304,51168.0,15.39,0.09304
16654,55903,2020-06-30,11,1,CADE,0.097893,125930.0,8.86,0.097893
16655,55904,2020-06-30,11,1,CVNA,0.292751,69160.0,120.2,0.292751
16851,56027,2020-06-30,11,1,DD,0.047309,733797.0,53.13,0.047309
16776,55978,2020-06-30,11,3,ALRN,-0.271605,39262.0,1.18,-0.271605
16777,55979,2020-06-30,11,3,ATNX,0.265869,81690.0,13.76,0.265869
16778,55980,2020-06-30,11,3,ATXI,-0.061029,16703.0,10.77,-0.061029
16779,55982,2020-06-30,11,3,BOMN,-0.019608,26176.0,16.0,-0.019608
16781,55984,2020-06-30,11,3,CKPT,-0.066038,50980.0,1.98,-0.066038
16784,55987,2020-06-30,11,3,ESQ,-0.013427,7663.0,16.9,-0.013427
16788,55990,2020-06-30,11,3,KBLM,0.04208,5474.0,11.02,0.04208
16792,55991,2020-06-30,11,3,MRSN,0.033569,68381.0,23.4,0.033569
16738,55956,2020-06-30,11,1,AM,0.066946,476496.0,5.1,0.066946
16805,55994,2020-06-30,11,3,SSTI,0.083871,11395.0,25.2,0.083871
16808,55996,2020-06-30,11,3,YGYI,-0.154762,30270.0,1.42,-0.154762
16814,55999,2020-06-30,11,3,AKCA,-0.080537,101509.0,13.7,-0.080537
16816,56000,2020-06-30,11,3,BHF,-0.063615,92980.0,27.82,-0.063615
16818,56002,2020-06-30,11,3,CLXT,0.135945,33041.0,4.93,0.135945
16819,56003,2020-06-30,11,3,CODA,-0.080357,10752.0,5.15,-0.080357
16820,56004,2020-06-30,11,3,CODX,0.075,27991.0,19.35,0.075
16824,56008,2020-06-30,11,3,KALA,-0.146223,55831.0,10.51,-0.146223
16827,56012,2020-06-30,11,3,PETQ,0.135593,24658.0,34.84,0.135593
16828,56013,2020-06-30,11,3,RBB,0.063913,19739.0,13.65,0.063913
16771,55962,2020-06-30,11,1,MGY,0.091892,166579.0,6.06,0.091892
16874,55976,2020-06-30,11,1,ACEL,-0.050296,78257.0,9.63,-0.050296
16880,55985,2020-06-30,11,3,DMTK,0.066936,18229.0,13.23,0.066936
16883,56045,2020-06-30,11,3,CSSE,-0.060811,4193.0,6.95,-0.060811
16887,56046,2020-06-30,11,3,EAST,-0.058442,10017.0,1.45,-0.058442
16895,56007,2020-06-30,11,3,BBCP,0.045045,58222.0,3.48,0.045045
16903,56049,2020-06-30,11,3,MBIO,-0.147453,54826.0,3.18,-0.147453
16904,56050,2020-06-30,11,3,OPNT,-0.187219,4258.0,9.03,-0.187219
16905,56011,2020-06-30,11,3,FLMN,0.285141,46023.0,3.2,0.285141
16924,56059,2020-06-30,11,3,DCPH,0.019635,56082.0,59.72,0.019635
16927,56061,2020-06-30,11,3,FUV,1.343612,28443.0,5.32,1.343612
16928,56062,2020-06-30,11,3,KRYS,-0.19432,19664.0,41.42,-0.19432
16932,56066,2020-06-30,11,3,ROKU,0.064104,105891.0,116.53,0.064104
16939,56071,2020-06-30,11,1,MAXR,0.192435,60456.0,17.96,0.191772
16853,56029,2020-06-30,11,3,BPRN,-0.027603,6774.0,20.08,-0.027603
16856,56030,2020-06-30,11,3,ASPU,0.078665,22241.0,9.05,0.078665
16857,56031,2020-06-30,11,3,CTXR,0.301843,46316.0,1.13,0.301843
16866,56036,2020-06-30,11,1,RNGR,-0.193989,8477.0,2.95,-0.193989
16961,56079,2020-06-30,11,1,PQG,0.05498,136592.0,13.24,0.05498
16964,56082,2020-06-30,11,1,SPCE,-0.04108,210404.0,16.34,-0.04108
16965,56083,2020-06-30,11,1,FOR,-0.005933,48036.0,15.08,-0.005933
16966,56084,2020-06-30,11,1,SWCH,-0.067504,103149.0,17.82,-0.067504
16967,56085,2020-06-30,11,3,CARG,-0.024249,92863.0,25.35,-0.024249
16968,56086,2020-06-30,11,3,MDB,-0.024859,50682.0,226.34,-0.024859
16971,56087,2020-06-30,11,3,EYE,0.139656,80415.0,30.52,0.139656
16974,56089,2020-06-30,11,3,AYTU,-0.04698,125837.0,1.42,-0.04698
16975,56090,2020-06-30,11,3,AESE,-0.138776,28347.0,2.11,-0.138776
16793,55938,2020-06-30,11,3,NDRA,0.046087,16437.0,0.9624,0.046087
16795,55992,2020-06-30,11,3,PIXY,0.038685,3419.0,5.37,0.038685
16802,55993,2020-06-30,11,3,SGBX,0.055336,8596.0,2.67,0.055336
16987,56097,2020-06-30,11,3,VERO,0.179054,39830.0,3.49,0.179054
16989,56099,2020-06-30,11,3,KIDS,-0.051377,19544.0,43.76,-0.051377
16991,56101,2020-06-30,11,3,MBIN,0.087237,28746.0,18.49,0.082553
16992,56102,2020-06-30,11,3,OPTN,0.722222,45992.0,7.44,0.722222
16995,56103,2020-06-30,11,3,PDLB,0.138703,17234.0,10.18,0.138703
16999,56105,2020-06-30,11,3,RMBL,0.216352,2180.0,9.67,0.216352
16829,56014,2020-06-30,11,3,RDFN,0.397466,99394.0,41.91,0.397466
16834,56016,2020-06-30,11,3,TYME,-0.136364,126610.0,1.33,-0.136364
16837,56019,2020-06-30,11,1,BBX,0.418994,78106.0,2.54,0.418994
17042,56125,2020-06-30,11,3,ALNA,-0.059524,32225.0,1.58,-0.059524
17043,56126,2020-06-30,11,3,FNKO,0.026549,35465.0,5.8,0.026549
17044,56127,2020-06-30,11,3,SPRO,0.14467,21014.0,13.53,0.14467
17045,56128,2020-06-30,11,3,ACMR,0.042984,16250.0,62.36,0.042984
16911,56017,2020-06-30,11,3,AVCT,1.04321,19636.0,3.31,1.04321
16915,56053,2020-06-30,11,2,CTEK,0.081482,10449.0,1.46,0.081482
16917,56055,2020-06-30,11,1,BKI,-0.057418,157048.0,72.56,-0.057418
16920,56056,2020-06-30,11,1,HBB,0.246073,9552.0,11.9,0.246073
16921,56057,2020-06-30,11,3,ANGI,0.119816,73953.0,12.15,0.119816
16922,56042,2020-06-30,11,3,HFFG,0.263967,52145.0,9.05,0.263967
16923,56058,2020-06-30,11,3,CELC,-0.28777,10289.0,6.93,-0.28777
17073,677,2020-06-30,11,1,ESTE,-0.04698,29853.0,2.84,-0.04698
17090,56138,2020-06-30,11,1,LGC,-0.076923,29305.0,9.6,-0.076923
17091,56139,2020-06-30,11,2,YCBD,0.29932,51336.0,1.91,0.29932
17005,21185,2020-06-30,11,1,CVS,-0.009151,1307091.0,64.97,-0.009151
17017,52837,2020-06-30,11,2,NES,0.578231,15761.0,2.32,0.578231
17032,56040,2020-06-30,11,1,NSCO,0.620968,49034.0,4.02,0.620968
17034,56117,2020-06-30,11,3,ALTR,0.016884,42108.0,39.75,0.016884
17035,56118,2020-06-30,11,1,AQUA,-0.011164,116975.0,18.6,-0.011164
17036,56119,2020-06-30,11,1,CNNE,0.115938,90007.0,41.1,0.115938
17037,56120,2020-06-30,11,1,SAIL,0.159439,90186.0,26.47,0.159439
17038,56121,2020-06-30,11,3,SFIX,0.07872,57011.0,24.94,0.07872
17039,56122,2020-06-30,11,1,CEIX,-0.255507,26029.0,5.07,-0.255507
17041,56124,2020-06-30,11,3,NAOV,-0.008811,4314.0,2.25,-0.008811
17144,20798,2020-06-30,11,1,GIS,-0.02205,606139.0,61.65,-0.02205
17147,56175,2020-06-30,11,3,LACQ,0.074321,6262.0,11.7101,0.074321
17148,56176,2020-06-30,11,3,LBC,-0.027237,52383.0,10.0,-0.027237
17151,56179,2020-06-30,11,3,MVBF,-0.06338,11968.0,13.3,-0.06338
16976,56091,2020-06-30,11,3,CATC,0.021379,6928.0,59.24,0.021379
16981,56093,2020-06-30,11,3,FAT,0.057569,11895.0,3.45,0.057569
16982,56094,2020-06-30,11,3,FDBC,0.265859,4978.0,48.09,0.265859
16983,56095,2020-06-30,11,3,FFBW,-0.054945,7705.0,8.6,-0.054945
16984,56096,2020-06-30,11,3,FSCT,-0.101314,49550.0,21.2,-0.101314
17093,56141,2020-06-30,11,1,MCB,0.145714,8295.0,32.08,0.145714
17104,56148,2020-06-30,11,3,APLS,-0.030573,75600.0,32.66,-0.030573
17105,56149,2020-06-30,11,3,XFOR,0.091335,16176.0,9.32,0.091335
17106,56150,2020-06-30,11,3,BAND,0.145692,20556.0,127.0,0.145692
17107,56151,2020-06-30,11,3,BOXL,0.080573,31857.0,0.92,0.080573
17000,56106,2020-06-30,11,3,RYTM,0.150077,44116.0,22.3,0.150077
17201,56115,2020-06-30,11,1,VVNT,0.506957,177901.0,17.33,0.506957
17245,56192,2020-06-30,11,2,KLR,-0.378462,28000.0,4.04,-0.378462
17251,56220,2020-06-30,11,1,NINE,-0.039409,31759.0,1.95,-0.039409
17252,56221,2020-06-30,11,1,AGS,-0.351248,35604.0,3.38,-0.351248
17262,56229,2020-06-30,11,3,CUE,-0.114523,29303.0,24.51,-0.114523
17263,56231,2020-06-30,11,3,EYEN,-0.017301,19944.0,2.84,-0.017301
17266,56233,2020-06-30,11,3,MNLO,-0.276151,167684.0,1.73,-0.276151
17269,56236,2020-06-30,11,3,NMRD,0.267123,21282.0,9.25,0.267123
17270,56237,2020-06-30,11,3,REKR,0.142857,22943.0,4.0,0.142857
17271,56238,2020-06-30,11,3,SLDB,-0.00678,46068.0,2.93,-0.00678
17272,56239,2020-06-30,11,3,TORC,-0.009217,36447.0,2.15,-0.009217
17047,56130,2020-06-30,11,1,BXG,0.243119,72484.0,5.42,0.243119
17126,56164,2020-06-30,11,3,NMRK,0.143529,157811.0,4.86,0.143529
17133,56168,2020-06-30,11,3,AMEH,-0.126522,36310.0,16.5,-0.126522
17134,56152,2020-06-30,11,3,BRPA,-0.030023,2716.0,10.5,-0.030023
17135,56169,2020-06-30,11,3,CASA,-0.043678,84856.0,4.16,-0.043678
17137,676,2020-06-30,11,3,BSET,0.148437,9995.0,7.35,0.148437
17139,56170,2020-06-30,11,3,CWBR,-0.387352,45645.0,1.55,-0.387352
17140,56171,2020-06-30,11,3,DLPN,0.7406,31609.0,0.8703,0.7406
17221,56210,2020-06-30,11,1,LBRT,0.064078,82295.0,5.48,0.064078
17223,56212,2020-06-30,11,1,ADT,0.132062,760432.0,7.98,0.127119
17234,56216,2020-06-30,11,1,AVYA,-0.153425,82788.0,12.36,-0.153425
17281,56251,2020-06-30,11,1,WHD,0.081237,47401.0,20.63,0.081237
17306,56258,2020-06-30,11,1,QES,0.398174,33756.0,0.9955,0.398174
17309,56223,2020-06-30,11,1,PACK,-0.006676,64352.0,7.44,-0.006676
17313,56265,2020-06-30,11,3,BLNK,2.360946,29684.0,5.68,2.360946
17315,56267,2020-06-30,11,3,CDLX,0.027758,26547.0,69.98,0.027758
17317,56270,2020-06-30,11,3,EOLS,0.159737,33748.0,5.3,0.159737
17154,56180,2020-06-30,11,3,ODT,0.29599,32111.0,42.34,0.29599
17155,56181,2020-06-30,11,3,QTRX,-0.007249,28381.0,27.39,-0.007249
17178,56190,2020-06-30,11,1,CURO,0.221226,40790.0,8.17,0.221226
17341,56287,2020-06-30,11,3,ZS,0.116322,130518.0,109.5,0.116322
17342,56288,2020-06-30,11,3,DBX,-0.035445,316100.0,21.77,-0.035445
17343,56289,2020-06-30,11,3,RDVT,-0.037118,11605.0,17.64,-0.037118
17344,56307,2020-06-30,11,1,RFL,-0.168884,15029.0,14.37,-0.168884
17345,56290,2020-06-30,11,3,AIHS,0.800783,29009.0,0.7358,0.800783
17349,56292,2020-06-30,11,3,BTAI,0.138531,20353.0,53.01,0.138531
17350,56293,2020-06-30,11,3,BWB,-0.016315,28838.0,10.25,-0.016315
17351,56294,2020-06-30,11,3,COCP,0.57513,52141.0,1.52,0.57513
17357,56230,2020-06-30,11,3,TH,-0.289916,101027.0,1.69,-0.289916
17358,56296,2020-06-30,11,3,FIXX,0.066714,45211.0,15.19,0.066714
17108,56153,2020-06-30,11,3,CBTX,0.033301,24755.0,21.0,0.028404
17116,56157,2020-06-30,11,3,LOOP,0.048951,39917.0,9.0,0.048951
17117,56158,2020-06-30,11,3,MRBK,0.04345,6094.0,15.85,0.04345
17121,56160,2020-06-30,11,3,SBT,0.25614,49838.0,3.58,0.25614
17273,56240,2020-06-30,11,2,FTSI,0.123779,5379.0,6.9,0.123779
17368,56301,2020-06-30,11,3,OPBK,0.088328,15068.0,6.9,0.088328
17369,56302,2020-06-30,11,3,OPES,0.437303,7863.0,15.99,0.437303
17370,56303,2020-06-30,11,3,ORGS,-0.163686,22094.0,6.08,-0.163686
17372,56305,2020-06-30,11,3,UMRX,-0.180328,31162.0,0.46,-0.180328
17373,56306,2020-06-30,11,3,VTSI,0.669604,7760.0,3.79,0.669604
17374,56308,2020-06-30,11,1,RCUS,-0.210845,57046.0,24.74,-0.210845
17382,56314,2020-06-30,11,1,ZUO,0.061615,99900.0,12.75,0.061615
17323,56273,2020-06-30,11,3,LIVX,0.265734,59575.0,3.62,0.265734
17324,56274,2020-06-30,11,3,MKGI,0.40493,13312.0,1.995,0.40493
17325,56275,2020-06-30,11,3,MOTS,0.073171,28857.0,1.32,0.073171
17326,56234,2020-06-30,11,3,KERN,-0.051724,14686.0,8.8,-0.051724
17327,56277,2020-06-30,11,3,OSS,0.158824,16499.0,1.97,0.158824
17359,56297,2020-06-30,11,3,FNCB,0.034173,20209.0,5.75,0.034173
17360,56298,2020-06-30,11,3,GNPX,0.105634,38629.0,3.14,0.105634
17361,56232,2020-06-30,11,3,GPAQ,0.178899,3532.0,12.85,0.178899
17365,56300,2020-06-30,11,3,LAZY,0.432566,8407.0,8.71,0.432566
17366,56276,2020-06-30,11,3,HYMC,-0.252964,50160.0,9.45,-0.252964
17122,56161,2020-06-30,11,3,SCPH,-0.116447,27288.0,7.36,-0.116447
17125,56163,2020-06-30,11,3,DNLI,-0.131153,105898.0,24.18,-0.131153
17444,6653,2020-06-30,11,3,BELFA,-0.057385,2145.0,10.02,-0.057385
17332,56280,2020-06-30,11,3,VCTR,0.031718,16335.0,17.19,0.028725
17334,9914,2020-06-30,11,3,GLIBA,0.027894,101328.0,71.12,0.027894
17478,21179,2020-06-30,11,1,SPGI,0.013722,240900.0,329.48001,0.013722
10886,8762,2020-06-30,11,3,DXYN,-0.115385,14933.0,0.92,-0.115385
17690,56338,2020-06-30,11,3,HSDT,-0.136235,45115.0,0.4267,-0.136235
17691,56339,2020-06-30,11,3,LASR,0.032468,38850.0,22.26,0.032468
17692,56340,2020-06-30,11,3,LEVL,-0.10739,7734.0,16.74,-0.110048
17695,56344,2020-06-30,11,3,SURF,0.283757,39257.0,6.56,0.283757
17700,56345,2020-06-30,11,1,CDAY,0.151009,145021.0,79.27,0.151009
17701,56346,2020-06-30,11,1,SMAR,-0.116892,119751.0,50.92,-0.116892
17367,56235,2020-06-30,11,3,LPRO,0.468872,91850.0,15.1,0.468872
17672,30940,2020-06-30,11,1,EAF,0.166667,267179.0,7.98,0.166667
17677,4255,2020-06-30,11,1,BH,0.102409,207.0,335.0,0.102409
17679,56331,2020-06-30,11,3,BFST,0.059351,20667.0,15.35,0.059351
17743,544,2020-06-30,11,1,WRB,-0.009318,178724.0,57.29,-0.011389
17680,56332,2020-06-30,11,3,BHTG,1.390476,17810.0,2.51,1.390476
17683,56334,2020-06-30,11,3,CLBK,-0.010284,115067.0,13.955,-0.010284
17684,56269,2020-06-30,11,3,AHCO,-0.004944,30665.0,16.1,-0.004944
17685,56335,2020-06-30,11,3,DOCU,0.23236,183509.0,172.21001,0.23236
17688,56337,2020-06-30,11,3,GSHD,0.253711,17084.0,75.16,0.253711
17880,56405,2020-06-30,11,3,EVER,0.078635,17922.0,58.16,0.078635
17885,56408,2020-06-30,11,3,GRNQ,0.144828,59168.0,1.66,0.144828
17811,56371,2020-06-30,11,3,EVLO,0.121282,46137.0,4.9,0.121282
17812,56372,2020-06-30,11,3,EXPI,0.594949,65274.0,17.05,0.594949
17778,540,2020-06-30,11,1,BRK,-0.040698,693.0,267300.0,-0.040698
17783,56347,2020-06-30,11,1,CHX,0.076075,205105.0,9.76,0.076075
17726,20537,2020-06-30,11,1,CCK,-0.004585,134675.0,65.13,-0.004585
17825,56381,2020-06-30,11,3,UBX,0.061125,51730.0,8.68,0.061125
17826,56383,2020-06-30,11,3,EDNT,0.270833,9618.0,3.05,0.270833
17855,56390,2020-06-30,11,1,AVLR,0.243135,78422.0,133.09,0.243135
17859,56392,2020-06-30,11,1,VNE,-0.008349,111555.0,10.69,-0.008349
17864,56394,2020-06-30,11,1,BJ,0.035278,138607.0,37.27,0.035278
17867,56395,2020-06-30,11,1,BV,-0.181885,104926.0,11.2,-0.181885
17868,56396,2020-06-30,11,3,APTX,0.114973,46850.0,4.17,0.114973
17869,56397,2020-06-30,11,3,ARPO,0.116071,40588.0,1.25,0.116071
17886,56410,2020-06-30,11,3,HYRE,0.3379,17692.0,2.93,0.3379
17887,56411,2020-06-30,11,3,IIIV,0.048164,15086.0,30.25,0.048164
17889,56413,2020-06-30,11,3,KZR,0.085954,45827.0,5.18,0.085954
17890,56414,2020-06-30,11,3,LFAC,0.019048,13435.0,10.7,0.019048
17891,56415,2020-06-30,11,3,LOVE,0.432551,14521.0,26.23,0.432551
17892,56416,2020-06-30,11,3,MGTA,-0.150452,48241.0,7.51,-0.150452
17895,56419,2020-06-30,11,3,OPRX,0.147007,14753.0,13.03,0.147007
17898,56420,2020-06-30,11,3,STIM,0.054645,18809.0,1.93,0.054645
17813,56373,2020-06-30,11,3,HJLI,0.183742,23949.0,0.3859,0.183742
17818,56376,2020-06-30,11,3,OBNK,0.05465,23501.0,22.0,0.05465
17819,56343,2020-06-30,11,3,PACQ,-0.019716,35616.0,-10.685,-0.019716
17787,56352,2020-06-30,11,1,EQH,0.009419,450550.0,19.29,0.009419
17788,56353,2020-06-30,11,3,PS,-0.133461,111875.0,18.05,-0.133461
17790,56355,2020-06-30,11,3,EVOP,0.031165,41474.0,22.83,0.031165
17792,56357,2020-06-30,11,1,PRSP,0.05097,160649.0,23.23,0.047812
17794,56358,2020-06-30,11,1,WH,-0.070324,93091.0,42.62,-0.072066
17795,56359,2020-06-30,11,3,GSKY,0.218906,73350.0,4.9,0.218906
17798,56362,2020-06-30,11,3,FCBP,0.165836,11698.0,16.38,0.165836
17799,56363,2020-06-30,11,1,INSP,0.067206,26677.0,87.02,0.067206
17800,56364,2020-06-30,11,3,BCML,-0.020486,11870.0,12.91,-0.020486
17801,56365,2020-06-30,11,3,ROAD,0.00339,33430.0,17.76,0.00339
17802,56366,2020-06-30,11,3,STXB,0.022425,17969.0,12.31,0.022425
17803,56367,2020-06-30,11,3,JRSH,0.004124,11325.0,4.87,0.004124
17942,56438,2020-06-30,11,1,KDP,0.017192,1407151.0,28.4,0.017192
17830,21832,2020-06-30,11,1,RTX,-0.044947,1516269.0,61.62,-0.044947
17871,56399,2020-06-30,11,3,AVRO,-0.136993,36432.0,17.45,-0.136993
17875,56400,2020-06-30,11,3,HQI,0.046936,13575.0,6.1898,0.046936
17876,56401,2020-06-30,11,3,DOMO,0.270537,25551.0,32.17,0.270537
17877,56402,2020-06-30,11,3,ECOR,-0.115438,38815.0,0.8222,-0.115438
17878,56403,2020-06-30,11,3,EIDX,-0.025353,38561.0,47.67,-0.025353
17899,56421,2020-06-30,11,3,TBIO,-0.135135,69360.0,17.92,-0.135135
17900,56423,2020-06-30,11,3,TCDA,0.023083,50040.0,27.48,0.023083
17901,56379,2020-06-30,11,3,TDAC,0.023042,12598.0,-11.1,0.023042
17906,56427,2020-06-30,11,3,VRCA,-0.040941,25814.0,11.01,-0.040941
17907,56382,2020-06-30,11,3,NKLA,1.352962,360911.0,67.53,1.352962
17908,56428,2020-06-30,11,3,XERS,-0.48249,45151.0,2.66,-0.48249
17821,56378,2020-06-30,11,3,SRRK,-0.010326,29875.0,18.21,-0.010326
17916,56429,2020-06-30,11,1,CHRA,0.718919,29888.0,3.18,0.718919
17920,56431,2020-06-30,11,1,FPAC,-0.003891,63250.0,10.24,-0.003891
17929,21794,2020-06-30,11,1,UGI,0.009108,208267.0,31.8,-0.001256
18046,16182,2020-06-30,11,3,CMLS,-0.235977,17743.0,3.95,-0.235977
18048,56485,2020-06-30,11,3,KLXE,0.452703,24862.0,2.15,0.452703
18049,56487,2020-06-30,11,3,AMTB,0.153374,28873.0,15.04,0.153374
18050,56487,2020-06-30,11,3,AMTBB,0.195652,13286.0,11.0,0.195652
18051,9014,2020-06-30,11,3,MESA,0.058462,35414.0,3.44,0.058462
18052,56488,2020-06-30,11,3,PCB,0.141907,15378.0,10.3,0.141907
17944,56441,2020-06-30,11,3,TENB,-0.04669,101127.0,29.81,-0.04669
17947,56440,2020-06-30,11,3,RUBY,-0.072868,80546.0,5.98,-0.072868
17948,56442,2020-06-30,11,3,ALLK,0.105538,48913.0,71.86,0.105538
17949,56445,2020-06-30,11,1,BE,0.354919,94001.0,10.88,0.354919
17950,56444,2020-06-30,11,3,FOCS,0.187141,48092.0,33.05,0.187141
17951,56446,2020-06-30,11,3,ADIL,-0.139372,13450.0,1.39,-0.139372
17955,56449,2020-06-30,11,3,AQST,-0.002053,33617.0,4.86,-0.002053
17956,56450,2020-06-30,11,3,BRY,0.139151,79871.0,4.83,0.139151
17957,56451,2020-06-30,11,3,CCB,0.143307,11926.0,14.52,0.143307
17958,56452,2020-06-30,11,3,CNST,-0.154236,47500.0,30.05,-0.154236
17959,56453,2020-06-30,11,3,CRNX,0.072215,32882.0,17.52,0.072215
17961,20330,2020-06-30,11,1,BGG,-0.20122,42454.0,1.31,-0.20122
17968,56457,2020-06-30,11,3,LQDA,-0.088745,28375.0,8.42,-0.088745
17969,56458,2020-06-30,11,3,MSVB,-0.035826,3402.0,-12.38,-0.035826
17970,56459,2020-06-30,11,3,MYFW,0.097843,7939.0,14.25,0.097843
17973,56462,2020-06-30,11,3,PRVB,0.036738,56216.0,14.11,0.036738
17974,56463,2020-06-30,11,3,REPL,0.323216,40280.0,24.85,0.323216
17976,56422,2020-06-30,11,3,RPAY,0.06901,52018.0,24.63,0.06901
17977,56465,2020-06-30,11,3,TLRY,-0.278173,110180.0,7.11,-0.278173
17979,56466,2020-06-30,11,3,WISA,-0.044444,7723.0,2.15,-0.044444
17981,56468,2020-06-30,11,1,CHAP,0.30004,47790.0,0.6482,0.30004
17987,56432,2020-06-30,11,1,VRT,0.0652,328412.0,13.56,0.0652
18011,56473,2020-06-30,11,3,SONO,0.347146,110620.0,14.63,0.347146
18013,56475,2020-06-30,11,1,ARLO,0.167421,78027.0,2.58,0.167421
18075,20192,2020-06-30,11,1,AP,-0.066869,12794.0,3.07,-0.066869
18086,56477,2020-06-30,11,1,MFAC,0.009742,16929.0,10.9456,0.009742
18089,56509,2020-06-30,11,1,RMED,-0.045543,34621.0,0.4925,-0.045543
18183,56550,2020-06-30,11,1,SWI,-0.033898,311814.0,17.67,-0.033898
18184,56480,2020-06-30,11,1,SPAQ,0.043817,55200.0,10.72,0.043817
18190,56556,2020-06-30,11,3,AXNX,-0.042542,39462.0,35.11,-0.042542
18043,56481,2020-06-30,11,3,AMAL,0.125557,31050.0,12.64,0.125557
18044,56482,2020-06-30,11,3,ARDS,-0.045356,8923.0,6.63,-0.045356
18113,56520,2020-06-30,11,3,ETTX,0.068592,27292.0,2.96,0.068592
18114,56484,2020-06-30,11,3,FMCI,0.274206,20650.0,16.45,0.274206
18115,56521,2020-06-30,11,3,FVCB,-0.033244,13459.0,10.76,-0.033244
18116,56523,2020-06-30,11,3,GRTS,0.027864,37713.0,6.64,0.027864
18126,56526,2020-06-30,11,3,PRNB,-0.064173,33161.0,59.79,-0.064173
18128,56528,2020-06-30,11,3,STRO,-0.224775,35879.0,7.76,-0.224775
18133,56532,2020-06-30,11,3,YMAB,0.131482,40015.0,43.2,0.131482
18134,56533,2020-06-30,11,3,UPWK,0.160772,119268.0,14.44,0.160772
18053,56489,2020-06-30,11,3,RIVE,-0.088098,9264.0,5.38,-0.100635
18055,56491,2020-06-30,11,3,SIC,0.090343,25368.0,3.5,0.090343
18058,56495,2020-06-30,11,3,PAYS,0.344875,49070.0,9.71,0.344875
18061,56497,2020-06-30,11,3,VCNX,-0.060116,17023.0,3.61,-0.060116
18062,56498,2020-06-30,11,1,ELAN,0.001868,398894.0,21.45,0.001868
18063,56499,2020-06-30,11,1,EB,-0.0058,67129.0,8.57,-0.0058
18064,56500,2020-06-30,11,3,FTDR,-0.028916,85425.0,44.33,-0.028916
18065,56501,2020-06-30,11,1,GTX,0.071567,75587.0,5.54,0.071567
18148,682,2020-06-30,11,3,AIKI,0.159174,34920.0,0.82,0.159174
18091,20546,2020-06-30,11,1,CW,-0.108176,41651.0,89.28,-0.10987
18097,56511,2020-06-30,11,3,SVMK,0.168238,140238.0,23.54,0.168238
18098,56512,2020-06-30,11,3,AEYE,0.180638,9113.0,10.0,0.180638
18100,56514,2020-06-30,11,3,ARVN,0.008115,38461.0,33.54,0.008115
18102,56483,2020-06-30,11,3,BNGO,0.135857,91975.0,0.51,0.135857
18103,56515,2020-06-30,11,3,BSGM,-0.232409,29127.0,7.2,-0.232409
18106,56516,2020-06-30,11,3,BSVN,0.07402,9226.0,10.855,0.064216
18107,56517,2020-06-30,11,3,CBMB,0.029289,3799.0,12.3,0.029289
18108,56518,2020-06-30,11,3,CBNK,-0.059754,13818.0,10.7,-0.059754
18202,56522,2020-06-30,11,3,PAE,0.017021,92041.0,9.56,0.017021
18203,56563,2020-06-30,11,3,KOD,-0.162359,44667.0,54.12,-0.162359
18205,56564,2020-06-30,11,3,LOGC,0.233236,23505.0,8.46,0.233236
18210,56569,2020-06-30,11,3,PHAS,-0.234609,28862.0,4.6,-0.234609
18212,56571,2020-06-30,11,3,SIBN,-0.088622,28612.0,15.94,-0.088622
18214,56573,2020-06-30,11,3,TWST,0.193676,44623.0,45.3,0.193676
18217,56574,2020-06-30,11,2,AGE,-0.162212,37656.0,0.9467,-0.162212
18224,56578,2020-06-30,11,1,CTRA,-0.208333,18299.0,3.04,-0.208333
18191,56557,2020-06-30,11,3,BFC,0.031275,7733.0,64.1,0.028067
18192,56558,2020-06-30,11,3,GDYN,-0.134253,50839.0,6.9,-0.134253
18195,56561,2020-06-30,11,3,EQ,-0.144928,17724.0,2.95,-0.144928
18247,56581,2020-06-30,11,1,VAPO,0.539242,24992.0,40.99,0.539242
18253,56585,2020-06-30,11,3,AVCO,0.194969,79589.0,1.9,0.194969
18255,56587,2020-06-30,11,3,CREX,-0.011905,9855.0,2.49,-0.011905
18135,56534,2020-06-30,11,3,GH,-0.102445,99312.0,81.13,-0.102445
18137,56536,2020-06-30,11,3,ALLO,-0.11088,139233.0,42.82,-0.11088
18138,56537,2020-06-30,11,1,LTHM,-0.086053,146190.0,6.16,-0.086053
18141,56538,2020-06-30,11,1,PLAN,-0.013284,137540.0,45.31,-0.013284
18142,56539,2020-06-30,11,1,REZI,0.660057,123148.0,11.72,0.660057
18144,56541,2020-06-30,11,1,ACA,0.10558,48211.0,42.2,0.10558
18145,56542,2020-06-30,11,1,YETI,0.331153,86953.0,42.73,0.331153
18302,56584,2020-06-30,11,3,AMCI,-0.00969,14925.0,10.22,-0.00969
18306,56607,2020-06-30,11,3,DTSS,0.08911,20944.0,2.0802,0.08911
18309,56608,2020-06-30,11,3,ENOB,0.185916,46637.0,4.21,0.185916
18311,56610,2020-06-30,11,3,LEGH,0.093005,24192.0,14.22,0.093005
18312,56611,2020-06-30,11,3,MRNA,0.044065,393277.0,64.21,0.044065
18150,56546,2020-06-30,11,1,ETRN,0.027194,432430.0,8.31,0.027194
18162,56547,2020-06-30,11,1,GRAF,0.337825,17549.0,13.9,0.337825
18163,21446,2020-06-30,11,1,PG,0.031487,2475643.0,119.57,0.031487
18325,56618,2020-06-30,11,3,WTER,0.276786,59611.0,1.43,0.276786
18327,56619,2020-06-30,11,3,CVET,0.170812,112675.0,17.89,0.170812
18356,56626,2020-06-30,11,3,BCOW,0.061073,4961.0,-9.295,0.061073
18267,55676,2020-06-30,11,1,DELL,0.106769,254592.0,54.94,0.106769
18411,21640,2020-06-30,11,1,SO,-0.091467,1055956.0,51.85,-0.091467
18413,56656,2020-06-30,11,3,SLGG,-0.272727,10461.0,2.4,-0.272727
18257,56588,2020-06-30,11,3,ETON,0.184783,20956.0,5.45,0.184783
18368,56629,2020-06-30,11,3,NFE,-0.065609,168587.0,12.96,-0.065609
18369,56630,2020-06-30,11,3,RBKB,-0.022355,11133.0,6.56,-0.022355
18396,56641,2020-06-30,11,3,AREC,0.102804,26041.0,1.18,0.102804
18401,56647,2020-06-30,11,3,HARP,-0.237132,25092.0,16.6,-0.237132
18402,56649,2020-06-30,11,3,HOTH,-0.107266,13433.0,2.58,-0.107266
18320,56592,2020-06-30,11,3,TBLT,-0.110779,38415.0,0.7746,-0.110779
18322,56617,2020-06-30,11,3,WRTC,0.624806,34362.0,10.48,0.624806
18414,56657,2020-06-30,11,3,SOLY,-0.216516,21190.0,7.78,-0.216516
18415,56658,2020-06-30,11,3,TCRR,0.520792,24105.0,15.36,0.520792
18418,56660,2020-06-30,11,3,ZYXI,0.281959,33410.0,24.87,0.281959
18419,56597,2020-06-30,11,2,PHGE,-0.051546,22926.0,5.52,-0.051546
18420,56662,2020-06-30,11,3,FOXA,-0.080562,343609.0,26.82,-0.080562
18421,56662,2020-06-30,11,3,FOX,-0.067408,261078.0,26.84,-0.067408
18438,21665,2020-06-30,11,1,SCX,0.043077,6297.0,3.39,0.043077
18405,56650,2020-06-30,11,3,IMAC,-0.188312,11840.0,1.25,-0.188312
18406,56651,2020-06-30,11,3,INMB,-0.078947,10898.0,5.25,-0.078947
18408,56653,2020-06-30,11,3,KLDO,0.029086,35357.0,7.43,0.029086
18410,56655,2020-06-30,11,3,MNCL,0.001951,22280.0,10.27,0.001951
18357,56586,2020-06-30,11,3,ATCX,-0.376781,5767.0,6.5438,-0.376781
18360,56605,2020-06-30,11,3,CFFA,0.048309,28265.0,10.85,0.048309
18361,56589,2020-06-30,11,3,FTAC,0.088781,35430.0,11.16,0.088781
18480,56687,2020-06-30,11,3,TW,-0.118557,90642.0,58.14,-0.118557
18482,56688,2020-06-30,11,1,PD,0.077966,78705.0,28.62,0.077966
18484,56690,2020-06-30,11,3,ZM,0.412636,182106.0,253.53999,0.412636
18422,33864,2020-06-30,11,3,CLDB,0.042816,4223.0,-13.42,0.042816
18424,25260,2020-06-30,11,1,LEVI,-0.006672,61719.0,13.4,-0.006672
18425,56665,2020-06-30,11,1,TRWH,0.065997,30432.0,22.29,0.065997
18427,56667,2020-06-30,11,3,CYCN,0.484925,27858.0,5.91,0.484925
18370,56615,2020-06-30,11,3,SAMA,0.003925,16215.0,10.23,0.003925
18376,56632,2020-06-30,11,3,ALEC,-0.252599,79252.0,24.44,-0.252599
18377,56633,2020-06-30,11,3,GOSS,0.069959,71973.0,13.0,0.069959
18533,56637,2020-06-30,11,1,RMG,0.026078,23000.0,10.23,0.026078
18452,56673,2020-06-30,11,3,LYFT,0.055982,303273.0,33.01,0.055982
18453,56646,2020-06-30,11,3,GMHI,0.042927,40000.0,10.69,0.042927
18456,56679,2020-06-30,11,3,SWAV,0.076346,34003.0,47.37,0.076346
18549,56675,2020-06-30,11,3,CRSA,0.052314,25000.0,10.46,0.052314
18552,56644,2020-06-30,11,3,DPHC,0.037261,28000.0,10.3,0.037261
18553,56700,2020-06-30,11,3,EVSI,0.249373,5278.0,9.97,0.249373
18554,56701,2020-06-30,11,3,FXNC,0.053238,4852.0,13.877,0.044955
18555,56702,2020-06-30,11,3,GHSI,-0.171078,88310.0,0.4385,-0.171078
18556,56703,2020-06-30,11,3,GNLN,0.156977,12603.0,3.98,0.156977
18428,56668,2020-06-30,11,1,DOW,0.055959,740731.0,40.76,0.055959
18572,56715,2020-06-30,11,3,BYND,0.044353,62426.0,133.98,0.044353
18573,56716,2020-06-30,11,3,SCPL,0.057775,22800.0,14.83,0.057775
18575,56718,2020-06-30,11,1,PSN,-0.108706,100670.0,36.24,-0.108706
18576,56719,2020-06-30,11,1,UBER,-0.144273,1733987.0,31.08,-0.144273
18578,56720,2020-06-30,11,1,KTB,0.218194,57105.0,17.81,0.218194
18579,56721,2020-06-30,11,1,AVTR,-0.103848,574930.0,17.0,-0.103848
18539,56638,2020-06-30,11,1,SHLL,1.744,23301.0,27.44,1.744
18542,20408,2020-06-30,11,1,CAT,0.053026,541239.0,126.5,0.053026
18546,56639,2020-06-30,11,3,ACAM,0.027054,30557.0,10.25,0.027054
18457,56681,2020-06-30,11,3,THCB,0.015889,35487.0,10.23,0.015889
18458,56683,2020-06-30,11,3,DTIL,0.188302,51966.0,8.33,0.188302
18459,56685,2020-06-30,11,3,CARE,0.143059,26385.0,8.07,0.143059
18652,56739,2020-06-30,11,3,FRAF,0.036,4352.0,25.9,0.036
18656,56743,2020-06-30,11,3,IDYA,0.451481,27185.0,14.21,0.451481
18659,56682,2020-06-30,11,3,INSU,0.281899,15490.0,12.96,0.281899
18664,56748,2020-06-30,11,3,NXTC,-0.313041,27521.0,21.44,-0.313041
18668,56751,2020-06-30,11,3,RRBI,0.091925,7323.0,43.89,0.090435
18558,56676,2020-06-30,11,3,HCAC,0.044704,30015.0,10.75,0.044704
18559,56704,2020-06-30,11,3,HOOK,0.065078,21835.0,11.62,0.065078
18560,56705,2020-06-30,11,3,MNSB,-0.005275,8264.0,13.2,-0.005275
18561,56706,2020-06-30,11,3,NGM,0.000507,68740.0,19.74,0.000507
18563,56708,2020-06-30,11,3,PLMR,0.152378,25468.0,85.76,0.152378
18564,56709,2020-06-30,11,3,PPHI,0.0,3616.0,-10.58,0.0
18566,56711,2020-06-30,11,3,SILK,0.094591,33610.0,41.89,0.094591
18567,56712,2020-06-30,11,3,TPTX,-0.067293,42169.0,64.59,-0.067293
18568,56713,2020-06-30,11,3,VERB,-0.04868,30267.0,1.11,-0.04868
18719,56672,2020-06-30,11,1,TRNE,0.051308,30015.0,10.45,0.051308
18485,56691,2020-06-30,11,1,PINS,0.092656,403490.0,22.17,0.092656
18514,56692,2020-06-30,11,1,ALTG,0.159702,29511.0,7.77,0.159702
18515,56693,2020-06-30,11,1,MNRL,-0.067925,34424.0,12.35,-0.067925
18642,56698,2020-06-30,11,3,FREE,-0.199405,38427.0,8.07,-0.199405
18643,56732,2020-06-30,11,3,XAIR,-0.004121,16842.0,7.25,-0.004121
18644,56733,2020-06-30,11,3,APLT,-0.205844,22331.0,36.15,-0.205844
18646,56735,2020-06-30,11,3,AXLA,-0.078333,36247.0,5.53,-0.078333
18648,56737,2020-06-30,11,3,CRTX,0.004556,29486.0,46.3,0.004556
18649,21414,2020-06-30,11,1,BCO,0.134913,50486.0,45.51,0.134913
18670,56753,2020-06-30,11,3,SONM,-0.03506,65927.0,0.8009,-0.03506
18671,56754,2020-06-30,11,3,SPFI,0.078788,18059.0,14.24,0.078788
18676,56757,2020-06-30,11,3,TMDX,0.356548,27136.0,17.92,0.356548
18725,56768,2020-06-30,11,1,RVLV,0.056899,15813.0,14.86,0.056899
18726,56769,2020-06-30,11,3,CRWD,0.142125,151213.0,100.29,0.142125
18727,56770,2020-06-30,11,1,CHWY,0.005626,84225.0,44.69,0.005626
18677,56758,2020-06-30,11,3,TRVI,1.40146,17851.0,6.58,1.40146
18782,56797,2020-06-30,11,3,PRVL,-0.106715,34215.0,14.9,-0.106715
18783,56798,2020-06-30,11,3,PSNL,0.095439,31872.0,12.97,0.095439
18784,56799,2020-06-30,11,3,REAL,-0.046234,87348.0,12.79,-0.046234
18785,56801,2020-06-30,11,3,STOK,-0.138467,33213.0,23.83,-0.138467
18786,56802,2020-06-30,11,1,AMK,0.022097,72390.0,27.29,0.022097
18787,56803,2020-06-30,11,1,MDLA,-0.107496,141130.0,25.24,-0.107496
18789,56804,2020-06-30,11,3,HCAT,0.074797,38730.0,29.17,0.074797
18729,20473,2020-06-30,11,1,CL,0.012858,856528.0,73.26,0.012858
18734,56773,2020-06-30,11,1,WORK,-0.112981,432599.0,31.09,-0.112981
18735,56774,2020-06-30,11,3,GO,0.108394,91418.0,40.8,0.108394
18580,56722,2020-06-30,11,1,FSLY,0.973343,78700.0,85.13,0.973343
18592,56723,2020-06-30,11,1,CTVA,-0.019041,748370.0,26.79,-0.019041
18769,56786,2020-06-30,11,3,ADPT,0.250129,128234.0,48.38,0.250129
18770,56787,2020-06-30,11,3,BBIO,0.111831,122251.0,32.61,0.111831
18771,56788,2020-06-30,11,3,CHNG,-0.102564,303769.0,11.2,-0.102564
18772,56789,2020-06-30,11,3,AKRO,-0.01967,28684.0,24.92,-0.01967
18773,56790,2020-06-30,11,3,ARTL,-0.054687,3734.0,1.21,-0.054687
18774,56791,2020-06-30,11,3,BCEL,0.152139,22259.0,21.28,0.152139
18776,56742,2020-06-30,11,3,IMVT,-0.051052,81812.0,24.35,-0.051052
18777,56794,2020-06-30,11,3,KRTX,0.187513,26013.0,111.46,0.187513
18709,56762,2020-06-30,11,1,MEC,0.29085,19827.0,7.9,0.29085
18845,56830,2020-06-30,11,3,IHRT,-0.04023,61200.0,8.35,-0.04023
18846,56831,2020-06-30,11,3,MIRM,0.154896,25071.0,19.46,0.154896
18847,56833,2020-06-30,11,3,PBFS,-0.041885,25978.0,9.15,-0.041885
18851,56834,2020-06-30,11,3,RMBI,0.015288,13527.0,11.24,0.010791
18852,56800,2020-06-30,11,3,SMMC,0.032945,25000.0,10.19,0.032945
18853,56835,2020-06-30,11,3,THCA,0.017722,21988.0,10.05,0.017722
18790,56805,2020-06-30,11,3,LVGO,0.25463,99412.0,75.19,0.25463
18794,56778,2020-06-30,11,1,CCX,0.08134,69000.0,11.3,0.08134
18802,56781,2020-06-30,11,1,GIX,0.014,22245.0,10.14,0.014
18806,56807,2020-06-30,11,3,CLPT,-0.126536,15513.0,3.555,-0.126536
18808,56809,2020-06-30,11,1,PHR,-0.035471,37677.0,28.28,-0.035471
18810,56811,2020-06-30,11,1,PROS,0.004515,43342.0,8.9,0.004515
18815,56814,2020-06-30,11,1,NOVA,0.138,84040.0,17.07,0.138
18973,7113,2020-06-30,11,1,BRC,-0.084295,48422.0,46.82,-0.084295
18997,56905,2020-06-30,11,3,APRE,0.443783,21187.0,38.78,0.443783
19106,56930,2020-06-30,11,1,JIH,0.011156,34500.0,9.97,0.011156
19114,56931,2020-06-30,11,1,SFTW,0.030256,31625.0,10.045,0.030256
19129,56968,2020-06-30,11,3,MDIA,0.225882,1683.0,5.21,0.225882
19135,56945,2020-06-30,11,3,FSRV,0.005051,25665.0,9.95,0.005051
18736,56775,2020-06-30,11,1,IAA,-0.059268,133949.0,38.57,-0.059268
18907,56872,2020-06-30,11,3,SDC,0.011524,110124.0,7.9,0.011524
18908,56873,2020-06-30,11,3,TXG,0.145441,70395.0,89.31,0.145441
18909,56874,2020-06-30,11,1,NET,0.23667,165000.0,35.95,0.23667
18910,56875,2020-06-30,11,1,NVST,-0.002365,159221.0,21.09,-0.002365
18911,56876,2020-06-30,11,3,DDOG,0.220008,187109.0,86.95,0.220008
18912,56877,2020-06-30,11,1,PING,0.133522,88572.0,32.09,0.133522
18913,56878,2020-06-30,11,3,PNTG,-0.113378,27968.0,22.6,-0.113378
18915,56879,2020-06-30,11,3,CRNC,0.36543,36520.0,40.84,0.36543
18926,56883,2020-06-30,11,2,EQX,0.21692,238100.0,11.22,0.21692
19137,56971,2020-06-30,11,3,GRWG,0.034796,38845.0,6.84,0.034796
19139,56975,2020-06-30,11,3,LMPX,0.182147,9925.0,9.8,0.182147
19140,56950,2020-06-30,11,3,MCMJ,0.003074,16372.0,9.79,0.003074
19142,56978,2020-06-30,11,3,MNPR,-0.031169,10736.0,7.46,-0.031169
19143,56979,2020-06-30,11,3,NWGI,-0.091509,12495.0,2.5892,-0.091509
18832,56824,2020-06-30,11,3,CSTL,-0.019256,19374.0,37.69,-0.019256
18835,56738,2020-06-30,11,3,DKNG,-0.162217,354251.0,33.26,-0.162217
18837,56827,2020-06-30,11,3,FSEA,-0.052388,6084.0,6.15,-0.052388
18838,56828,2020-06-30,11,3,FULC,-0.081366,27224.0,18.29,-0.081366
18840,56740,2020-06-30,11,3,GXGX,0.031345,28750.0,10.2,0.031345
18844,56793,2020-06-30,11,3,HYAC,0.039157,40000.0,10.35,0.039157
18958,56892,2020-06-30,11,3,OPRT,0.392746,27331.0,13.44,0.392746
18960,56893,2020-06-30,11,3,STSA,0.09771,17405.0,28.76,0.09771
18961,56894,2020-06-30,11,3,SWTX,0.103231,43017.0,42.0,0.103231
18963,56895,2020-06-30,11,3,XGN,0.070751,12640.0,12.41,0.070751
18967,56896,2020-06-30,11,1,BRBR,-0.006972,39429.0,19.94,-0.006972
18968,56897,2020-06-30,11,3,PGNY,0.034055,85778.0,25.81,0.034055
18778,56745,2020-06-30,11,3,LCA,0.646526,31625.0,16.35,0.646526
18779,56795,2020-06-30,11,3,MORF,0.301732,30422.0,27.05,0.301732
18780,56796,2020-06-30,11,3,MWK,0.066019,17763.0,5.49,0.066019
18936,56810,2020-06-30,11,1,PIC,0.021641,23000.0,10.15,0.021641
18937,56815,2020-06-30,11,1,SBE,0.02,31412.0,10.047,0.02
18940,56886,2020-06-30,11,3,PTON,0.369282,237519.0,57.77,0.369282
18941,56887,2020-06-30,11,3,ALRS,0.09818,17120.0,19.76,0.089906
18953,56823,2020-06-30,11,3,CPAA,0.025046,45000.0,11.05,0.025046
18955,56890,2020-06-30,11,3,IGMS,0.126891,24163.0,73.0,0.126891
19058,56932,2020-06-30,11,1,SI,-0.040439,18371.0,14.0,-0.040439
19064,56888,2020-06-30,11,3,APXT,0.045965,35810.0,10.24,0.045965
19066,56939,2020-06-30,11,3,CNSP,-0.195489,16450.0,2.14,-0.195489
18855,56837,2020-06-30,11,3,XCUR,-0.119134,87206.0,2.44,-0.119134
18856,56838,2020-06-30,11,3,XPEL,0.047555,27613.0,15.64,0.047555
18886,56857,2020-06-30,11,1,DT,0.055368,280870.0,40.6,0.055368
18894,56859,2020-06-30,11,3,BCDA,-0.410319,11610.0,2.4,-0.410319
18895,56860,2020-06-30,11,3,CFB,0.005139,52168.0,9.78,0.005139
18898,56863,2020-06-30,11,3,KRUS,-0.021248,7342.0,14.28,-0.021248
18899,45536,2020-06-30,11,3,NEPH,0.075641,9040.0,8.39,0.075641
18903,56869,2020-06-30,11,3,VERY,-0.095319,14875.0,10.63,-0.095319
19002,56907,2020-06-30,11,3,BRP,0.392742,33302.0,17.27,0.392742
19004,56908,2020-06-30,11,3,CABA,0.302924,24034.0,11.14,0.302924
19005,56909,2020-06-30,11,3,DRTT,-0.076336,84681.0,1.21,-0.076336
19008,56910,2020-06-30,11,3,FREQ,0.252694,31249.0,23.25,0.252694
19011,56911,2020-06-30,11,3,HAPP,0.089147,25000.0,2.81,0.089147
19012,56912,2020-06-30,11,3,HBT,0.047956,27457.0,13.33,0.047956
19166,20681,2020-06-30,11,1,FMC,0.016767,129447.0,99.62,0.012296
19172,56990,2020-06-30,11,1,VEL,0.015424,20087.0,3.95,0.015424
19176,56992,2020-06-30,11,3,BDTX,0.079642,35911.0,42.16,0.079642
19177,56993,2020-06-30,11,3,ONEM,0.124458,126206.0,36.32,0.124458
19178,56994,2020-06-30,11,3,REYN,0.040431,209700.0,34.74,0.040431
19180,56936,2020-06-30,11,3,AMHC,0.041131,10000.0,-10.125,0.041131
19184,56997,2020-06-30,11,3,ARQT,-0.098659,37690.0,30.24,-0.098659
19185,56998,2020-06-30,11,3,BSBK,-0.007946,13158.0,8.74,-0.007946
19186,56938,2020-06-30,11,3,CHPM,0.018405,30000.0,9.96,0.018405
19187,56999,2020-06-30,11,3,CLSK,0.288557,16124.0,2.59,0.288557
19188,57000,2020-06-30,11,3,CNNB,-0.053741,2976.0,8.98,-0.053741
19189,56972,2020-06-30,11,3,HCCO,0.012121,25700.0,10.02,0.012121
19249,57027,2020-06-30,11,3,MEDS,0.119403,8062.0,6.0,0.119403
19250,57029,2020-06-30,11,3,ONEW,0.646102,6088.0,24.28,0.646102
19251,57030,2020-06-30,11,3,PASG,0.240581,45444.0,27.33,0.240581
19145,56980,2020-06-30,11,3,SPT,-0.019964,40962.0,27.0,-0.019964
19146,56956,2020-06-30,11,3,SRAC,0.018424,17795.0,9.95,0.018424
19149,56983,2020-06-30,11,2,ANVS,-0.020248,6860.0,4.35,-0.020248
19283,57034,2020-06-30,11,1,ARNC,-0.037319,109053.0,13.93,-0.037319
19285,57036,2020-06-30,11,1,CARR,0.089399,866159.0,22.22,0.085491
19286,57037,2020-06-30,11,1,OTIS,0.079962,433079.0,56.86,0.079962
19196,56952,2020-06-30,11,3,PTAC,0.031504,16353.0,10.15,0.031504
19197,56954,2020-06-30,11,3,SAQN,0.027607,14950.0,10.05,0.027607
19198,57005,2020-06-30,11,3,SWKH,-0.129361,12849.0,11.98,-0.129361
19199,14304,2020-06-30,11,3,PPD,-0.016153,348586.0,26.8,-0.016153
19200,57007,2020-06-30,11,3,SDGR,0.337765,50140.0,91.57,0.337765
19201,57008,2020-06-30,11,3,RVMD,0.027669,59016.0,31.57,0.027669
19202,57010,2020-06-30,11,1,CSPR,0.270538,39674.0,8.97,0.270538
19224,57014,2020-06-30,11,1,IPV,0.021627,31056.0,9.92,0.021627
19228,57019,2020-06-30,11,3,BEAM,0.09589,49646.0,28.0,0.09589
19230,56969,2020-06-30,11,3,CIIC,0.020619,25875.0,9.9,0.020619
19231,57021,2020-06-30,11,3,COFS,0.013624,7262.0,29.56,0.006812
19070,56944,2020-06-30,11,3,ETNB,-0.22632,16854.0,19.93,-0.22632
19071,56889,2020-06-30,11,3,EXPC,0.022564,27500.0,9.97,0.022564
19072,56947,2020-06-30,11,3,GRTX,-0.3174,24846.0,7.14,-0.3174
19076,56891,2020-06-30,11,3,NPA,0.021277,23000.0,10.08,0.021277
19077,56864,2020-06-30,11,3,ORSN,0.00297,5783.0,10.13,0.00297
19081,56955,2020-06-30,11,3,SITM,0.590406,16716.0,47.41,0.590406
19082,56957,2020-06-30,11,3,TELA,-0.057455,14413.0,12.96,-0.057455
19084,56959,2020-06-30,11,1,BILL,0.295376,77551.0,90.21,0.295376
19085,56960,2020-06-30,11,2,BRBS,0.041795,5659.0,15.2102,0.041795
19098,56962,2020-06-30,11,1,HESM,-0.056643,18028.0,18.32,-0.056643
19313,57052,2020-06-30,11,3,IMRA,-0.174978,17325.0,27.63,-0.174978
19315,57055,2020-06-30,11,3,RSSS,-0.217822,26032.0,2.37,-0.217822
19316,57056,2020-06-30,11,1,MSGE,-0.053389,19490.0,75.0,-0.053389
19317,57057,2020-06-30,11,1,APG,0.078083,169294.0,12.15,0.078083
19015,56915,2020-06-30,11,3,MCBS,0.239619,25674.0,14.33,0.239619
19016,56916,2020-06-30,11,3,OYST,0.014758,25743.0,28.88,0.014758
19017,56917,2020-06-30,11,3,PHAT,-0.221618,25614.0,32.91,-0.221618
19021,56919,2020-06-30,11,3,RAPT,0.587527,24443.0,29.02,0.587527
19022,56920,2020-06-30,11,3,RCEL,,5934.0,30.54,
19024,56921,2020-06-30,11,3,RLMD,-0.071769,15852.0,44.75,-0.071769
19026,56922,2020-06-30,11,3,TFFP,0.080676,18672.0,5.76,0.080676
19031,56923,2020-06-30,11,3,VIE,-0.076333,54723.0,43.32,-0.076333
19032,56924,2020-06-30,11,3,VIR,0.198654,117727.0,40.97,0.198654
19034,56926,2020-06-30,11,3,BXRX,-0.023529,18375.0,4.15,-0.023529
19388,57078,2020-06-30,11,1,LOAK,0.020833,20000.0,9.8,0.020833
19252,57031,2020-06-30,11,3,PFHD,-0.021157,12692.0,13.88,-0.021157
19271,644,2020-06-30,11,3,BRID,0.050761,9077.0,16.56,0.050761
19399,57024,2020-06-30,11,3,GNRS,0.012371,21893.0,9.82,0.012371
19401,57053,2020-06-30,11,3,LSAC,-0.036483,8205.0,-10.3,-0.036483
19402,57089,2020-06-30,11,3,LYRA,-0.285444,12925.0,11.34,-0.285444
19403,46685,2020-06-30,11,3,WMG,,77000.0,29.5,
19404,57092,2020-06-30,11,1,FOUR,,21075.0,35.5,
19405,57093,2020-06-30,11,3,ZI,,51994.0,51.03,
19408,57094,2020-06-30,11,3,VRM,,119337.0,52.14,
19409,57095,2020-06-30,11,1,AZEK,,111043.0,31.86,
19410,57096,2020-06-30,11,3,FMTX,,41016.0,46.49,
19413,57098,2020-06-30,11,1,ACI,,479027.0,15.77,
19295,56942,2020-06-30,11,1,DFNS,0.024287,17250.0,9.9151,0.024287
19310,57050,2020-06-30,11,3,CALB,0.00472,8133.0,14.9,0.00472
19312,57001,2020-06-30,11,3,GHIV,0.015706,42500.0,10.14,0.015706
19433,57062,2020-06-30,11,1,FVAC,,34500.0,9.97,
19460,57108,2020-06-30,11,3,ADTX,,5172.0,5.06,
19461,57109,2020-06-30,11,3,AKUS,,34371.0,22.5,
19232,57022,2020-06-30,11,3,DUOT,0.007446,3526.0,4.6,0.007446
19233,57025,2020-06-30,11,3,GRIL,0.402546,7986.0,2.71,0.402546
19350,20566,2020-06-30,11,1,DE,0.038062,312859.0,157.14999,0.033066
19353,57068,2020-06-30,11,3,ORIC,0.162302,29924.0,33.73,0.162302
19356,57070,2020-06-30,11,3,ZNTL,-0.080429,35878.0,48.02,-0.080429
19357,57071,2020-06-30,11,1,SLQT,-0.079579,161817.0,25.33,-0.079579
19358,57072,2020-06-30,11,3,NARI,0.100909,48360.0,48.44,0.100909
19331,57011,2020-06-30,11,1,CCXX,0.052683,110000.0,10.79,0.052683
19333,57012,2020-06-30,11,1,DMYT,0.02876,23000.0,10.03,0.02876
19338,57039,2020-06-30,11,1,FEAC,0.07122,69000.0,10.98,0.07122
19348,57066,2020-06-30,11,3,GMBL,-0.20904,11233.0,7.0,-0.20904
19349,57067,2020-06-30,11,3,KROS,0.30515,20158.0,37.51,0.30515
19483,57125,2020-06-30,11,3,NUZE,,14429.0,9.8947,
19484,57126,2020-06-30,11,3,PCVX,,50882.0,31.61,
19485,57127,2020-06-30,11,3,PLRX,,35427.0,32.46,
19392,57083,2020-06-30,11,3,AYLA,-0.330239,12661.0,10.1,-0.330239
19393,20331,2020-06-30,11,1,BMY,-0.015405,2262690.0,58.8,-0.015405
19396,57086,2020-06-30,11,3,DBCP,-0.057857,17809.0,6.57,-0.061429
19397,57051,2020-06-30,11,3,DFPH,0.022901,23000.0,10.05,0.022901
19416,57075,2020-06-30,11,1,BMRG,,18150.0,10.73,
19417,57059,2020-06-30,11,2,CHAQ,,10944.0,9.925,
19462,57110,2020-06-30,11,3,AMTI,,34051.0,25.14,
19469,57084,2020-06-30,11,3,CGRO,,15263.0,9.82,
19476,57119,2020-06-30,11,3,GBIO,,45028.0,21.0,
19479,57123,2020-06-30,11,3,LTRN,,6218.0,12.7,
19480,57090,2020-06-30,11,3,NOVS,,12650.0,9.81,
19486,57128,2020-06-30,11,3,PROG,,46548.0,9.0,
19488,57130,2020-06-30,11,3,RNA,,37527.0,28.26,
19489,57091,2020-06-30,11,3,ROCH,,9828.0,-12.85,
19494,57134,2020-06-30,11,3,VRME,,5343.0,3.81,
19502,21881,2020-06-30,11,3,WBA,-0.012809,866534.0,42.39,-0.012809
19561,20315,2020-06-30,11,1,BA,0.256771,564325.0,183.3,0.256771
19828,20550,2020-06-30,11,3,WEN,0.024459,223749.0,21.78,0.024459
20053,781,2020-06-30,11,1,SNV,0.087025,147286.0,20.53,0.069828
19721,20851,2020-06-30,11,1,VVI,0.037077,20408.0,19.02,0.037077
19880,678,2020-06-30,11,1,MTZ,0.146105,73752.0,44.87,0.146105
20204,20531,2020-06-30,11,1,CR,0.067121,57978.0,59.46,0.067121
20117,6702,2020-06-30,11,1,RAMP,-0.157843,65604.0,42.47,-0.157843
20336,5286,2020-06-30,11,3,CSPI,0.061515,4253.0,8.2692,0.061515
20395,5856,2020-06-30,11,3,CVBF,-0.039467,135516.0,18.74,-0.039467
20415,21097,2020-06-30,11,1,JEF,0.061434,268830.0,15.55,0.061434
20482,20017,2020-06-30,11,1,ABT,-0.036768,1768845.0,91.43,-0.036768
20598,737,2020-06-30,11,3,CALM,-0.001795,43974.0,44.48,-0.001795
20618,20398,2020-06-30,11,1,CRS,0.038939,47805.0,24.28,0.038939
20512,727,2020-06-30,11,1,CACI,-0.135178,25086.0,216.88,-0.135178
20750,1222,2020-06-30,11,1,CWT,0.014894,48714.0,47.7,0.014894
20670,6689,2020-06-30,11,3,CAMP,0.04026,34365.0,8.01,0.04026
20765,20786,2020-06-30,11,1,AJRD,-0.096009,78528.0,39.64,-0.096009
21055,20805,2020-06-30,11,1,GCO,0.171444,14682.0,21.66,0.171444
21020,20010,2020-06-30,11,3,AAL,0.244762,508556.0,13.07,0.244762
21135,20699,2020-06-30,11,1,FOE,-0.006656,82243.0,11.94,-0.006656
21178,21110,2020-06-30,11,1,LMT,-0.06055,280435.0,364.92001,-0.06055
21186,21913,2020-06-30,11,1,WRK,0.007128,259255.0,28.26,0.007128
21207,21286,2020-06-30,11,1,NEM,0.060202,802585.0,61.74,0.055926
21371,6262,2020-06-30,11,1,CAH,-0.036828,291986.0,52.19,-0.045712
21573,20994,2020-06-30,11,1,IP,0.034068,393041.0,35.21,0.034068
21776,21396,2020-06-30,11,3,EXC,-0.052728,974504.0,36.29,-0.052728
21792,20939,2020-06-30,11,1,CNP,0.050056,544692.0,18.67,0.050056
21742,6515,2020-06-30,11,3,CASY,-0.06392,36849.0,149.52,-0.06392
21936,21394,2020-06-30,11,1,PFE,-0.143755,5554834.0,32.7,-0.143755
21928,20965,2020-06-30,11,1,IDA,-0.062855,50454.0,87.37,-0.062855
22111,21018,2020-06-30,11,1,JNJ,-0.054588,2634595.0,140.63,-0.054588
22103,20643,2020-06-30,11,1,EMR,0.016552,597475.0,62.03,0.016552
22323,6905,2020-06-30,11,2,ISR,-0.227399,67651.0,0.5555,-0.227399
22293,20523,2020-06-30,11,1,GLW,0.136463,760948.0,25.9,0.136463
22517,21376,2020-06-30,11,1,PPL,-0.060308,768763.0,25.84,-0.075161
22592,21205,2020-06-30,11,1,MMM,-0.002876,575196.0,155.99001,-0.002876
22509,21351,2020-06-30,11,1,PPG,0.043179,235923.0,106.06,0.043179
22779,21230,2020-06-30,11,1,MSI,0.040198,170067.0,140.13,0.035469
22752,21188,2020-06-30,11,1,MRK,-0.03444,2524101.0,77.33,-0.041997
22825,904,2020-06-30,11,1,CMD,0.051093,42154.0,44.23,0.051093
23297,6760,2020-06-30,11,1,EAT,-0.089184,44956.0,24.0,-0.089184
23026,21326,2020-06-30,11,1,FE,-0.082347,541754.0,38.78,-0.082347
23229,20361,2020-06-30,11,1,CMS,-0.002731,286221.0,58.42,-0.002731
23182,892,2020-06-30,11,1,CPK,-0.065309,16436.0,84.0,-0.070179
23473,912,2020-06-30,11,3,CINF,0.096353,160800.0,64.03,0.086175
23393,1103,2020-06-30,11,1,CHD,0.029706,245893.0,77.3,0.029706
23536,21931,2020-06-30,11,1,WEC,-0.044478,315435.0,87.65,-0.044478
23660,6304,2020-06-30,11,3,CTAS,0.074205,103499.0,266.35999,0.074205
23819,20868,2020-06-30,11,1,HAL,0.108511,877278.0,12.98,0.104681
23579,21743,2020-06-30,11,1,TXT,0.063287,227472.0,32.91,0.062641
23712,21458,2020-06-30,11,1,PEG,-0.027234,505625.0,49.16,-0.036834
17750,21055,2020-06-30,11,1,KMB,0.006929,340547.0,141.35001,-0.000636
23931,21300,2020-06-30,11,3,XEL,-0.032293,525205.0,62.5,-0.038905
23799,913,2020-06-30,11,1,CIA,-0.014803,49341.0,5.99,-0.014803
23835,21132,2020-06-30,11,1,MDU,0.028837,200522.0,22.18,0.019302
24010,21201,2020-06-30,11,1,ETR,-0.078668,200162.0,93.81,-0.078668
24109,20077,2020-06-30,11,1,AEP,-0.065807,495583.0,79.64,-0.065807
24053,21035,2020-06-30,11,1,EVRG,-0.038904,226740.0,59.29,-0.038904
24272,20222,2020-06-30,11,1,ASH,0.028886,60456.0,69.1,0.028886
24766,21303,2020-06-30,11,1,NOC,-0.082816,166703.0,307.44,-0.082816
24205,20684,2020-06-30,11,1,NEE,-0.054743,489450.0,240.17,-0.060221
24440,21328,2020-06-30,11,1,OGE,-0.030651,200169.0,30.36,-0.030651
24328,20662,2020-06-30,11,1,EQT,-0.107946,255552.0,11.9,-0.107946
24476,1033,2020-06-30,11,3,COHR,-0.097996,24253.0,130.98,-0.097996
24248,21206,2020-06-30,11,1,ALE,-0.070152,51787.0,54.61,-0.070152
24441,1071,2020-06-30,11,1,CDE,-0.116522,243537.0,5.08,-0.116522
24459,21411,2020-06-30,11,1,PBI,0.097046,172627.0,2.6,0.097046
25081,1261,2020-06-30,11,1,CMA,0.06685,139035.0,38.1,0.048143
24643,20060,2020-06-30,11,1,HWM,0.211774,436103.0,15.85,0.211774
24969,21890,2020-06-30,11,1,AVA,-0.070973,67293.0,36.39,-0.070973
24985,21808,2020-06-30,11,1,AEE,-0.051853,246891.0,70.36,-0.058477
25129,779,2020-06-30,11,3,CBSH,-0.062608,111755.0,59.47,-0.066845
25304,20884,2020-06-30,11,1,HSC,0.210574,78885.0,13.51,0.210574
25419,21916,2020-06-30,11,1,WHR,0.06329,62163.0,129.53,0.06329
25452,5195,2020-06-30,11,3,JCS,-0.009728,9351.0,5.07,-0.013619
25232,21332,2020-06-30,11,1,OKE,-0.094576,444006.0,33.22,-0.094576
25582,20883,2020-06-30,11,1,LHX,-0.145049,215870.0,169.67,-0.149311
25320,20384,2020-06-30,11,1,CPB,-0.026481,302164.0,49.63,-0.026481
25487,6391,2020-06-30,11,3,CAR,0.063168,70000.0,22.89,0.063168
25590,21255,2020-06-30,11,1,NFG,0.00965,90362.0,41.93,-0.000953
25953,20596,2020-06-30,11,1,DOV,-0.007095,143947.0,96.56,-0.007095
25785,20750,2020-06-30,11,1,F,0.064799,3906188.0,6.08,0.064799
26084,1186,2020-06-30,11,3,CTG,-0.017073,15183.0,4.03,-0.017073
26403,20587,2020-06-30,11,1,DIS,-0.049361,1806267.0,111.51,-0.049361
26650,1177,2020-06-30,11,2,CTO,-0.054572,4713.0,39.5,-0.054572
26201,9654,2020-06-30,11,3,CMTL,-0.051656,24732.0,16.89,-0.051656
26825,21041,2020-06-30,11,1,K,0.011484,342670.0,66.06,0.011484
26607,4255,2020-06-30,11,1,BH,0.133049,2069.0,68.98,0.133049
26710,21111,2020-06-30,11,1,L,0.031588,281430.0,34.29,0.031588
27167,6473,2020-06-30,11,3,ANIX,0.342105,23521.0,3.06,0.342105
27422,20462,2020-06-30,11,1,CLF,0.057471,398610.0,5.52,0.057471
26614,21637,2020-06-30,11,1,SJI,-0.108427,92462.0,24.99,-0.118829
27430,20518,2020-06-30,11,1,CTB,0.073067,50282.0,27.61,0.073067
27334,20392,2020-06-30,11,1,CSL,-0.001585,54913.0,119.67,-0.001585
27043,21859,2020-06-30,11,1,VAR,0.009309,90815.0,122.52,0.009309
27562,5169,2020-06-30,11,3,CBRL,0.035284,23694.0,110.91,0.035284
27618,1100,2020-06-30,11,1,CRD,0.229965,22510.0,7.03,0.224739
27633,21541,2020-06-30,11,1,R,0.094863,53736.0,37.51,0.094863
27828,20908,2020-06-30,11,1,HPQ,0.162893,1429957.0,17.43,0.151255
28118,21247,2020-06-30,11,1,NC,-0.113394,5453.0,23.3,-0.113394
28484,20064,2020-06-30,11,1,HES,0.096693,307144.0,51.81,0.091426
27684,20239,2020-06-30,11,3,AVT,0.031388,98793.0,27.885,0.023678
28222,20030,2020-06-30,11,1,APD,0.004759,220855.0,241.46001,-0.000786
28804,20035,2020-06-30,11,1,ALK,0.060544,122585.0,36.26,0.060544
29209,20217,2020-06-30,11,1,ARW,-0.005646,78668.0,68.69,-0.005646
27617,7337,2020-06-30,11,3,MAYS,-0.07033,2016.0,-21.15,-0.07033
27959,20608,2020-06-30,11,1,DUK,-0.067033,734853.0,79.89,-0.067033
27983,21945,2020-06-30,11,1,XRX,-0.021411,212935.0,15.29,-0.037154
28345,21236,2020-06-30,11,1,MUR,0.154812,153573.0,13.8,0.154812
28564,20371,2020-06-30,11,1,CTS,-0.059044,32260.0,20.04,-0.060918
29058,6213,2020-06-30,11,2,DXR,0.100878,3889.0,14.6692,0.100878
27991,21409,2020-06-30,11,1,PNW,-0.059178,112493.0,73.29,-0.059178
29612,20283,2020-06-30,11,1,AIT,0.07569,38707.0,62.39,0.07569
28629,1239,2020-06-30,11,3,DAIO,0.062893,8391.0,3.38,0.062893
29938,20340,2020-06-30,11,1,BF,-0.027055,169091.0,57.57,-0.029992
27887,20277,2020-06-30,11,1,BAX,-0.040718,508836.0,86.1,-0.04344
29946,20340,2020-06-30,11,1,BF,-0.031787,309314.0,63.66,-0.034431
30648,20470,2020-06-30,11,3,COHU,0.151394,41862.0,17.34,0.151394
30737,5957,2020-06-30,11,3,ASNA,-0.125748,9986.0,1.46,-0.125748
30509,20442,2020-06-30,11,2,CVR,0.095566,966.0,-21.395,0.090469
30680,20484,2020-06-30,11,1,CMC,0.188811,119069.0,20.4,0.188811
27888,840,2020-06-30,11,1,CFR,-0.016586,62553.0,74.71,-0.016586
30940,1425,2020-06-30,11,1,FLS,0.100383,130126.0,28.52,0.09272
31077,20541,2020-06-30,11,1,CUB,0.165494,31299.0,48.03,0.165494
31051,6593,2020-06-30,11,3,DYNT,0.323706,13804.0,0.88,0.323706
31480,20622,2020-06-30,11,3,EML,-0.044896,6241.0,17.87,-0.044896
30681,1367,2020-06-30,11,1,OMC,0.008396,214283.0,54.6,-0.003468
31668,1477,2020-06-30,11,3,EDUC,0.179394,8352.0,9.67,0.172121
27909,6342,2020-06-30,11,1,CULP,0.116731,12274.0,8.61,0.116731
31500,1451,2020-06-30,11,1,EV,0.070735,113930.0,38.6,0.070735
31691,20666,2020-06-30,11,2,ESP,-0.100829,2403.0,17.3198,-0.113623
32062,1513,2020-06-30,11,3,ELSE,-0.005714,3396.0,3.48,-0.005714
32299,20832,2020-06-30,11,2,GV,-0.036364,24523.0,3.71,-0.036364
32870,20932,2020-06-30,11,1,HRL,-0.011468,538952.0,48.27,-0.011468
32678,20898,2020-06-30,11,1,HEI,-0.010222,54182.0,99.65,-0.011016
32707,20902,2020-06-30,11,1,HP,-0.0308,107418.0,19.51,-0.0308
33823,9028,2020-06-30,11,3,BOOM,-0.033275,14769.0,27.6,-0.033275
32651,20897,2020-06-30,11,1,HL,-0.01506,526124.0,3.27,-0.01506
32986,6748,2020-06-30,11,1,ATO,-0.031134,122312.0,99.58,-0.031134
34497,21259,2020-06-30,11,1,NPK,-0.028892,7019.0,87.39,-0.028892
32803,20922,2020-06-30,11,1,HFC,-0.071542,161886.0,29.2,-0.071542
34367,1632,2020-06-30,11,3,FARM,-0.04799,17348.0,7.34,-0.04799
32942,20945,2020-06-30,11,1,HUBB,0.024016,54201.0,125.36,0.024016
33532,1582,2020-06-30,11,3,ESCA,0.384921,14097.0,13.96,0.384921
34032,21161,2020-06-30,11,1,MAS,0.076313,263755.0,50.21,0.076313
33849,21125,2020-06-30,11,2,LGL,-0.011628,5212.0,8.5,-0.011628
33770,1610,2020-06-30,11,3,KINS,0.004545,10670.0,4.42,0.004545
34746,1741,2020-06-30,11,3,FITB,0.008252,712202.0,19.28,-0.005673
34817,21308,2020-06-30,11,1,NUE,-0.010589,301135.0,41.41,-0.020114
34666,1783,2020-06-30,11,3,CLBS,-0.063158,15585.0,1.78,-0.063158
34936,34941,2020-06-30,11,2,NTIP,-0.024775,23941.0,2.165,-0.024775
34948,21348,2020-06-30,11,1,OXM,0.032614,16718.0,44.01,0.032614
34673,24025,2020-06-30,11,1,NR,0.10396,89899.0,2.23,0.10396
34833,21322,2020-06-30,11,1,OXY,0.4139,900018.0,18.3,0.413127
35107,21365,2020-06-30,11,1,PKE,-0.081616,20381.0,11.14,-0.081616
35044,1620,2020-06-30,11,1,RF,-0.003095,959680.0,11.12,-0.016799
35124,1629,2020-06-30,11,1,CLGX,0.356336,79411.0,67.22,0.356336
35263,1658,2020-06-30,11,3,TRMK,0.030685,63422.0,24.52,0.030685
35991,21526,2020-06-30,11,1,ROG,0.150933,18662.0,124.6,0.150933
35685,6736,2020-06-30,11,3,FFBC,0.045147,98019.0,13.89,0.045147
35917,5908,2020-06-30,11,3,FMBI,0.033717,114276.0,13.35,0.022989
36281,21587,2020-06-30,11,2,SEB,-0.002102,1161.0,2933.82007,-0.002102
33209,1557,2020-06-30,11,1,ENZ,-0.214035,47891.0,2.24,-0.214035
36003,21530,2020-06-30,11,1,ROL,0.014115,327767.0,42.39,0.014115
36346,6281,2020-06-30,11,3,SRCE,0.028621,25550.0,35.58,0.028621
36898,21669,2020-06-30,11,1,SCL,-0.000618,22473.0,97.1,-0.000618
36397,1856,2020-06-30,11,1,FHN,0.081283,311863.0,9.96,0.065241
36468,21609,2020-06-30,11,1,SHW,-0.026943,90800.0,577.84998,-0.026943
35554,1689,2020-06-30,11,1,MTB,-0.015995,128273.0,103.97,-0.015995
36768,1768,2020-06-30,11,3,FLXS,0.276939,7876.0,12.63,0.271903
37381,1810,2020-06-30,11,3,FORD,0.065574,9584.0,1.3,0.065574
37154,5152,2020-06-30,11,3,FONR,-0.105858,6447.0,21.37,-0.105858
37402,1852,2020-06-30,11,3,FSTR,0.045008,10562.0,12.77,0.045008
37568,1688,2020-06-30,11,3,FELE,0.035489,46185.0,52.52,0.035489
38295,21948,2020-06-30,11,1,SPB,-0.030008,43056.0,45.9,-0.030008
37584,6407,2020-06-30,11,1,BEN,0.111288,495306.0,20.97,0.111288
38156,21923,2020-06-30,11,1,WMB,-0.049437,1213197.0,19.02,-0.069016
38682,20594,2020-06-30,11,1,RRD,0.091743,71300.0,1.19,0.091743
37875,1868,2020-06-30,11,1,FUL,0.18554,51567.0,44.6,0.18554
38762,21244,2020-06-30,11,1,NI,-0.045741,382799.0,22.74,-0.045741
38093,7094,2020-06-30,11,1,AJG,0.038821,189621.0,97.49,0.034048
38659,5242,2020-06-30,11,3,GNTX,-0.02534,245780.0,25.77,-0.02534
38033,4905,2020-06-30,11,3,WEYS,0.156401,9813.0,21.59,0.156401
38703,21305,2020-06-30,11,1,WFC,-0.032867,4099998.0,25.6,-0.032867
38746,20193,2020-06-30,11,1,AXR,0.071259,8137.0,4.51,0.071259
38850,21623,2020-06-30,11,1,SKY,-0.020129,56666.0,24.34,-0.020129
39490,20204,2020-06-30,11,3,APA,0.251158,377458.0,13.5,0.251158
39731,1908,2020-06-30,11,1,GTN,-0.132933,7048.0,12.98,-0.132933
39220,21658,2020-06-30,11,1,SMP,-0.031727,22313.0,41.2,-0.031727
39642,20284,2020-06-30,11,1,BDX,-0.027822,289780.0,239.27,-0.031021
39693,20270,2020-06-30,11,1,B,0.047115,50442.0,39.56,0.047115
39538,21168,2020-06-30,11,3,MAT,0.049946,347000.0,9.67,0.049946
40125,20493,2020-06-30,11,1,DXC,0.161154,253752.0,16.5,0.161154
39571,2002,2020-06-30,11,1,GGG,-0.004563,166598.0,47.99,-0.004563
40440,20582,2020-06-30,11,1,DBD,0.265136,77642.0,6.06,0.265136
41292,6616,2020-06-30,11,3,HCSG,0.022575,74421.0,24.46,0.022575
40539,21949,2020-06-30,11,1,TJX,-0.041698,1197877.0,50.56,-0.041698
41187,20890,2020-06-30,11,1,HE,-0.086163,109145.0,36.06,-0.086163
41217,2089,2020-06-30,11,1,HVT,-0.066474,17268.0,16.0,-0.075145
40272,20991,2020-06-30,11,1,IFF,-0.074931,106932.0,122.46,-0.080562
41355,21367,2020-06-30,11,1,PH,0.018336,128217.0,183.27,0.018336
41188,2088,2020-06-30,11,3,AMOT,-0.024592,9744.0,35.3,-0.024592
41080,20543,2020-06-30,11,1,CMI,0.02158,147526.0,173.25999,0.02158
41574,21594,2020-06-30,11,3,IIN,-0.043847,8934.0,13.52,-0.043847
41241,2238,2020-06-30,11,3,HWKN,-0.00204,10516.0,42.58,-0.007459
42059,21900,2020-06-30,11,1,WMK,-0.100664,26898.0,50.12,-0.100664
42286,21935,2020-06-30,11,1,WWW,0.141834,81188.0,23.81,0.137058
42200,20616,2020-06-30,11,1,PKI,-0.023689,111386.0,98.09,-0.023689
42439,2191,2020-06-30,11,1,HNI,0.200236,42647.0,30.57,0.200236
42358,20271,2020-06-30,11,2,BRN,0.55025,8277.0,0.8993,0.55025
42906,2093,2020-06-30,11,3,HBAN,0.033183,1017310.0,9.035,0.01631
42922,2235,2020-06-30,11,3,HURC,-0.101088,6630.0,27.97,-0.105246
43123,21722,2020-06-30,11,1,ATI,0.173963,126630.0,10.19,0.173963
43481,21662,2020-06-30,11,1,SXI,0.087696,12409.0,57.55,0.087696
43553,21849,2020-06-30,11,1,VFC,0.094831,389559.0,60.94,0.086275
42550,20672,2020-06-30,11,1,NEU,-0.077385,10939.0,400.48001,-0.081742
43334,21696,2020-06-30,11,3,SYNL,-0.199143,9058.0,7.48,-0.199143
42585,21629,2020-06-30,11,1,SJM,-0.071272,114043.0,105.81,-0.071272
42614,21219,2020-06-30,11,1,MOGB,-0.033419,2581.0,-56.545,-0.033419
43350,21664,2020-06-30,11,1,SWK,0.116541,159591.0,139.38,0.11104
43449,21177,2020-06-30,11,1,MCD,-0.009929,743556.0,184.47,-0.009929
42796,21189,2020-06-30,11,1,MDP,-0.026104,40305.0,14.55,-0.026104
42877,6606,2020-06-30,11,3,JBHT,0.005599,105507.0,120.34,0.005599
43634,2293,2020-06-30,11,3,TLGT,-0.379487,5392.0,2.42,-0.379487
44274,2366,2020-06-30,11,3,AEGN,0.057295,30768.0,15.87,0.057295
44329,21723,2020-06-30,11,1,TFX,0.003087,46425.0,363.98001,0.003087
44601,20238,2020-06-30,11,1,AVY,0.036144,83340.0,114.09,0.030903
44644,20235,2020-06-30,11,3,ADP,0.022595,429800.0,148.89,0.016383
44134,21045,2020-06-30,11,1,KMT,0.034968,82914.0,28.71,0.034968
44768,5925,2020-06-30,11,3,TILE,-0.040047,58477.0,8.14,-0.041225
44943,20585,2020-06-30,11,3,DIOD,0.042352,51599.0,50.7,0.042352
43757,6560,2020-06-30,11,3,IMMU,0.055076,230954.0,35.44,0.055076
43837,5342,2020-06-30,11,1,IHC,0.060585,14786.0,30.59,0.053012
44206,21299,2020-06-30,11,1,ES,-0.005137,342545.0,83.27,-0.005137
44230,6104,2020-06-30,11,3,PFIN,0.035271,3150.0,4.9693,0.035271
44813,6617,2020-06-30,11,2,CVM,0.11928,37634.0,14.92,0.11928
45225,21854,2020-06-30,11,1,VHI,0.122592,28270.0,10.48,0.114087
45306,5184,2020-06-30,11,3,IDCC,0.030198,30804.0,56.63,0.030198
45751,21158,2020-06-30,11,1,MMC,0.01369,510223.0,107.37,0.01369
46068,21893,2020-06-30,11,1,WSO,0.016544,5599.0,-178.19,0.016544
45728,7029,2020-06-30,11,1,IVC,0.034091,34419.0,6.37,0.034091
46463,20981,2020-06-30,11,1,GFF,0.102381,47431.0,18.52,0.102381
45911,20058,2020-06-30,11,3,SWKS,0.078623,167100.0,127.86,0.078623
46340,21551,2020-06-30,11,1,SFE,0.105845,20673.0,7.0,0.105845
46922,21515,2020-06-30,11,1,RAD,0.299314,54703.0,17.06,0.299314
46674,20807,2020-06-30,11,1,GPC,0.052032,144260.0,86.96,0.042561
46834,20793,2020-06-30,11,2,JOB,0.640672,15833.0,0.547,0.640672
46578,20463,2020-06-30,11,1,CLX,0.063612,125934.0,219.37,0.063612
47002,2488,2020-06-30,11,1,KAMN,0.045,27644.0,41.6,0.04
46886,2551,2020-06-30,11,3,KLAC,0.105251,155461.0,194.48,0.105251
46923,2577,2020-06-30,11,3,PNRG,-0.064113,1994.0,71.09,-0.064113
47511,20653,2020-06-30,11,1,EBF,0.019101,26100.0,18.14,0.019101
47571,2527,2020-06-30,11,3,KEQU,-0.027225,2751.0,9.29,-0.027225
47619,6093,2020-06-30,11,3,KTCC,0.295844,10760.0,5.3,0.295844
47626,20363,2020-06-30,11,1,CNA,0.063513,271376.0,32.15,0.063513
46690,20374,2020-06-30,11,1,CBT,0.037234,56453.0,37.05,0.037234
47677,20448,2020-06-30,11,1,CBB,0.008147,50564.0,14.85,0.008147
47379,2519,2020-06-30,11,3,KELYA,0.055037,35800.0,15.815,0.055037
47387,2519,2020-06-30,11,3,KELYB,-0.013188,3500.0,14.965,-0.013188
47723,2545,2020-06-30,11,3,HNRG,-0.069073,30465.0,0.655,-0.069073
47466,21280,2020-06-30,11,1,NYT,0.071374,165861.0,42.03,0.071374
47861,21694,2020-06-30,11,3,SGC,0.338661,15232.0,13.4,0.338661
47941,20782,2020-06-30,11,1,TGNA,-0.043515,218530.0,11.14,-0.049488
48072,2573,2020-06-30,11,3,KOSS,0.20354,7405.0,1.36,0.20354
47706,20698,2020-06-30,11,1,FSS,0.020247,60243.0,29.73,0.020247
47715,2498,2020-06-30,11,3,KBAL,0.041108,36720.0,11.56,0.033065
47730,20068,2020-06-30,11,1,ABM,0.181256,66666.0,36.3,0.181256
48653,20950,2020-06-30,11,1,HUM,-0.054243,132206.0,387.75,-0.055765
47896,20436,2020-06-30,11,1,JPM,-0.033398,3047023.0,94.06,-0.033398
48486,7013,2020-06-30,11,3,LRCX,0.186136,145331.0,323.45999,0.181934
48506,20610,2020-06-30,11,1,MCO,0.027374,187500.0,274.73001,0.027374
48144,2552,2020-06-30,11,3,KLIC,-0.063059,63500.0,20.83,-0.068426
48725,21810,2020-06-30,11,1,UNP,-0.004651,678568.0,169.07001,-0.004651
48347,2615,2020-06-30,11,1,LZB,0.0521,45858.0,27.06,0.0521
49015,21105,2020-06-30,11,1,LNC,-0.030055,193224.0,36.79,-0.030055
48961,2612,2020-06-30,11,3,LAWS,0.038635,9007.0,32.26,0.038635
49429,20584,2020-06-30,11,1,DDS,-0.135621,19220.0,25.79,-0.14062
48523,2600,2020-06-30,11,3,LANC,0.014532,27524.0,154.99001,0.00997
49656,20265,2020-06-30,11,1,BK,0.039817,885443.0,38.65,0.039817
49138,21617,2020-06-30,11,2,SIF,0.111111,5916.0,4.0,0.111111
49154,20561,2020-06-30,11,1,TGT,-0.019619,500015.0,119.93,-0.019619
50017,2706,2020-06-30,11,1,RRC,-0.0601,255747.0,5.63,-0.0601
49322,20098,2020-06-30,11,1,ARL,0.197071,15997.0,8.99,0.197071
49373,20309,2020-06-30,11,1,HRB,-0.144706,192475.0,14.28,-0.16
50243,21603,2020-06-30,11,2,SVT,-0.025641,2477.0,7.6,-0.025641
49488,21072,2020-06-30,11,1,LXU,0.074074,29303.0,1.16,0.074074
49680,20557,2020-06-30,11,1,DHR,0.062421,707020.0,176.83,0.061341
50286,21090,2020-06-30,11,1,LEE,-0.117117,58122.0,0.98,-0.117117
50789,2847,2020-06-30,11,3,MGEE,-0.049786,36163.0,64.51,-0.049786
50550,21385,2020-06-30,11,1,TPC,0.16,50577.0,12.18,0.16
51423,3031,2020-06-30,11,1,MCS,-0.015579,23132.0,13.27,-0.015579
50948,21596,2020-06-30,11,3,SMTC,-0.018052,65151.0,52.22,-0.018052
50606,21752,2020-06-30,11,1,TDW,0.171908,40323.0,5.59,0.171908
50623,3083,2020-06-30,11,3,MTSC,-0.001136,19220.0,17.59,-0.001136
51369,21731,2020-06-30,11,3,TER,0.260967,165806.0,84.51,0.260967
51925,2784,2020-06-30,11,1,MLP,0.056137,19348.0,11.1,0.056137
51086,21927,2020-06-30,11,1,WGO,0.226654,33699.0,66.62,0.224632
50876,21102,2020-06-30,11,1,LLY,0.073423,957038.0,164.17999,0.073423
51263,2767,2020-06-30,11,1,MTW,0.163636,34509.0,10.88,0.163636
52038,21698,2020-06-30,11,1,SYY,-0.009065,507618.0,54.66,-0.009065
52090,2801,2020-06-30,11,1,MKC,0.024264,123945.0,179.41,0.024264
51625,21599,2020-06-30,11,1,SCI,-0.008877,178144.0,38.89,-0.013695
52230,469,2020-06-30,11,1,RHI,0.04119,114602.0,52.83,0.04119
52250,2809,2020-06-30,11,3,GENC,0.061293,12287.0,12.64,0.061293
52329,21011,2020-06-30,11,1,J,0.009284,130103.0,84.8,0.009284
52337,21258,2020-06-30,11,1,THC,-0.167739,104715.0,18.11,-0.167739
52396,21693,2020-06-30,11,1,SUP,0.31783,25592.0,1.7,0.31783
52936,7863,2020-06-30,11,1,MCY,0.028586,55358.0,40.75,0.012926
52695,20841,2020-06-30,11,1,GWW,0.014663,53468.0,314.16,0.014663
52708,21095,2020-06-30,11,1,LEN,0.019186,274618.0,61.62,0.019186
52898,21397,2020-06-30,11,1,WTRG,-0.034735,245041.0,42.24,-0.034735
52476,20659,2020-06-30,11,1,EFX,0.119302,121385.0,171.88,0.119302
53110,20250,2020-06-30,11,1,BMI,0.028273,29117.0,62.92,0.028273
53065,20997,2020-06-30,11,1,IPG,0.002922,389614.0,17.16,0.002922
53074,6883,2020-06-30,11,3,MLAB,-0.179565,5103.0,216.8,-0.179565
52978,20887,2020-06-30,11,3,HAS,0.019589,137022.0,74.95,0.019589
52716,20913,2020-06-30,11,1,HRC,0.081932,66556.0,109.78,0.079768
53373,2913,2020-06-30,11,3,SIEB,-0.260234,30654.0,5.06,-0.260234
53197,2881,2020-06-30,11,1,MEI,-0.002871,37164.0,31.26,-0.002871
53225,21888,2020-06-30,11,1,GHC,-0.043436,4274.0,342.67001,-0.043436
53604,20836,2020-06-30,11,1,GRC,0.013699,26091.0,31.08,0.013699
53859,3048,2020-06-30,11,3,MSEX,-0.010021,17465.0,67.18,-0.010021
53613,7065,2020-06-30,11,3,MU,0.07535,1110998.0,51.52,0.07535
54114,2949,2020-06-30,11,3,MLHR,0.02563,58793.0,23.61,0.02563
54594,20000,2020-06-30,11,1,AIR,0.024789,35101.0,20.67,0.024789
54148,21349,2020-06-30,11,1,PHM,0.005299,268149.0,34.03,0.001766
54199,21545,2020-06-30,11,1,SJW,-0.011617,28507.0,62.11,-0.011617
54244,20733,2020-06-30,11,2,BDL,-0.126034,1859.0,-15.325,-0.126034
54253,2971,2020-06-30,11,1,MSA,-0.037834,38850.0,114.44,-0.037834
55001,21783,2020-06-30,11,1,TRN,0.066099,117834.0,21.29,0.066099
54704,7093,2020-06-30,11,1,MOD,0.031776,50823.0,5.52,0.031776
55597,20345,2020-06-30,11,1,MTRN,0.171238,20310.0,61.49,0.171238
55212,21548,2020-06-30,11,1,SPXC,0.029265,44559.0,41.15,0.029265
55678,3091,2020-06-30,11,3,INTG,-0.012,2289.0,-27.17,-0.012
55511,21457,2020-06-30,11,1,PNM,-0.058305,79654.0,38.44,-0.058305
55976,21880,2020-06-30,11,1,WMT,-0.034499,2831953.0,119.78,-0.034499
55993,5253,2020-06-30,11,3,NSSC,0.029489,18347.0,23.39,0.029489
55862,3213,2020-06-30,11,3,BMRA,0.120556,11740.0,7.25,0.120556
56274,20495,2020-06-30,11,1,CAG,0.010923,487076.0,35.17,0.010923
56223,21121,2020-06-30,11,1,LPX,0.086404,112206.0,25.65,0.086404
56573,20968,2020-06-30,11,1,ITW,0.020063,315932.0,174.85001,0.013858
56710,3262,2020-06-30,11,3,NSEC,-0.073739,2531.0,-14.32,-0.073739
56945,250,2020-06-30,11,3,NATR,-0.071134,19510.0,9.01,-0.071134
57007,21718,2020-06-30,11,1,TRC,0.004184,26221.0,14.4,0.004184
56822,3305,2020-06-30,11,3,NWLI,0.037054,3436.0,203.19,0.037054
57154,20819,2020-06-30,11,1,GLT,0.041531,44312.0,16.05,0.041531
57665,3194,2020-06-30,11,1,NKE,-0.005376,1240017.0,98.05,-0.005376
57808,21869,2020-06-30,11,1,VSH,-0.055043,132548.0,15.27,-0.060886
57904,92,2020-06-30,11,1,AFL,-0.012065,717508.0,36.03,-0.012065
57809,3160,2020-06-30,11,3,NDSN,0.007221,57680.0,189.71001,0.007221
57568,20257,2020-06-30,11,1,BLL,-0.024839,326002.0,69.49,-0.024839
58246,3275,2020-06-30,11,3,NTRS,0.013036,208093.0,79.34,0.004177
57913,3133,2020-06-30,11,3,VXRT,2.302239,96141.0,8.85,2.302239
58421,1824,2020-06-30,11,2,FRD,0.132287,7080.0,5.05,0.132287
57817,3217,2020-06-30,11,1,JWN,-0.039678,157033.0,15.49,-0.039678
58501,3236,2020-06-30,11,1,GPX,0.092994,17173.0,8.58,0.092994
58334,3306,2020-06-30,11,1,NWN,-0.129777,30529.0,55.79,-0.129777
58318,3302,2020-06-30,11,1,TEX,0.19402,69300.0,18.77,0.19402
58683,4181,2020-06-30,11,1,LUV,0.064798,589386.0,34.18,0.064798
58771,3840,2020-06-30,11,1,RBC,0.101584,40520.0,87.32,0.097812
58975,3326,2020-06-30,11,1,OII,-0.004673,99268.0,6.39,-0.004673
59185,3348,2020-06-30,11,1,ODC,-0.020604,5307.0,34.7,-0.020604
59248,33,2020-06-30,11,1,TAP,-0.094837,211298.0,34.36,-0.094837
59176,90,2020-06-30,11,1,AXP,0.001367,804971.0,95.2,0.001367
59396,3363,2020-06-30,11,1,ORI,0.059654,303993.0,16.31,0.046183
59010,1892,2020-06-30,11,1,GPS,0.417978,373471.0,12.62,0.417978
59045,21057,2020-06-30,11,1,KEX,0.044462,60038.0,53.56,0.044462
59483,5037,2020-06-30,11,3,YRCW,0.25,53284.0,1.85,0.25
58819,4980,2020-06-30,11,3,LNT,-0.030794,249504.0,47.84,-0.030794
59459,4293,2020-06-30,11,1,TRV,0.074033,252836.0,114.05,0.066087
59256,20538,2020-06-30,11,3,CRWS,0.002041,10187.0,4.91,0.002041
59328,2367,2020-06-30,11,3,INTC,-0.049261,4253000.0,59.83,-0.049261
59600,4604,2020-06-30,11,3,TWIN,0.009108,13406.0,5.54,0.009108
59774,2736,2020-06-30,11,1,LDL,0.253235,17695.0,13.56,0.253235
59408,3151,2020-06-30,11,1,BAC,-0.007877,8675611.0,23.75,-0.01534
60038,370,2020-06-30,11,2,ACU,0.074334,3338.0,22.98,0.074334
60442,3685,2020-06-30,11,1,PNC,-0.077429,424260.0,105.21,-0.077429
60506,3487,2020-06-30,11,3,PCAR,0.013404,345800.0,74.85,0.013404
60186,3321,2020-06-30,11,1,OMI,-0.038777,63008.0,7.62,-0.039092
59619,4684,2020-06-30,11,1,SXT,0.040702,42358.0,52.16,0.040702
59627,4805,2020-06-30,11,3,VIRC,0.124464,15714.0,2.62,0.124464
60687,21372,2020-06-30,11,1,AFG,0.053453,89842.0,63.46,0.053453
60098,3418,2020-06-30,11,3,OTTR,-0.096015,40849.0,38.79,-0.096015
60599,20421,2020-06-30,11,1,CTL,0.020346,1097502.0,10.03,0.020346
60468,2004,2020-06-30,11,1,GHM,0.123252,9856.0,12.74,0.113636
60943,2636,2020-06-30,11,1,LEG,0.162145,132300.0,35.15,0.149068
60580,4516,2020-06-30,11,1,TTC,-0.063037,107174.0,66.34,-0.066554
60206,4162,2020-06-30,11,1,SNA,0.068008,54354.0,138.50999,0.068008
60871,282,2020-06-30,11,3,ADI,0.08579,368425.0,122.64,0.08579
60898,614,2020-06-30,11,2,BWL,0.061806,3746.0,9.4076,0.061806
61241,211,2020-06-30,11,3,AMD,-0.022119,1174000.0,52.61,-0.022119
61146,5708,2020-06-30,11,1,PAR,0.196721,18244.0,29.93,0.196721
61188,4342,2020-06-30,11,1,SWX,-0.090849,55118.0,69.05,-0.090849
60628,1685,2020-06-30,11,1,FDX,0.078968,261250.0,140.22,0.073989
61508,655,2020-06-30,11,1,BIO,-0.078679,5081.0,-452.06,-0.078679
60986,3178,2020-06-30,11,3,NWL,0.207605,424200.0,15.88,0.207605
61313,1344,2020-06-30,11,1,DCI,-0.015174,126129.0,46.52,-0.0196
61399,2709,2020-06-30,11,1,LOW,0.036594,755003.0,135.12,0.036594
61487,59,2020-06-30,11,2,AE,0.029541,4236.0,26.77,0.020393
61496,3466,2020-06-30,11,3,PATK,0.180837,23449.0,61.25,0.180837
61269,3588,2020-06-30,11,3,PKOH,0.13708,12602.0,16.59,0.13708
61807,21219,2020-06-30,11,1,MOG,-0.02413,30003.0,52.98,-0.02413
61516,655,2020-06-30,11,1,BIO,-0.081067,24567.0,451.48999,-0.081067
61567,2130,2020-06-30,11,1,HXL,0.249517,83491.0,45.22,0.249517
62092,4557,2020-06-30,11,1,TMO,0.038289,394951.0,362.34,0.037659
61621,6333,2020-06-30,11,3,PAYX,0.048008,358770.0,75.75,0.048008
62033,3781,2020-06-30,11,3,RAVN,0.002797,35835.0,21.51,0.002797
61946,511,2020-06-30,11,1,BKH,-0.081834,62750.0,56.66,-0.081834
62308,21764,2020-06-30,11,1,GL,-0.036224,106438.0,74.23,-0.036224
61743,1285,2020-06-30,11,1,DLX,0.009001,41832.0,23.54,0.009001
62228,1686,2020-06-30,11,3,FEIM,0.121324,9121.0,9.15,0.121324
62498,4998,2020-06-30,11,1,WST,0.051518,73602.0,227.17,0.051518
61815,3219,2020-06-30,11,3,NBL,0.026346,485040.0,8.96,0.026346
62341,3526,2020-06-30,11,3,PDCE,0.021346,99578.0,12.44,0.021346
62148,20370,2020-06-30,11,3,CSX,-0.025706,765053.0,69.74,-0.025706
62958,3659,2020-06-30,11,3,SENEB,-0.039855,1734.0,-34.45,-0.039855
63467,3624,2020-06-30,11,1,BRO,0.01393,283404.0,40.76,0.01393
63546,1409,2020-06-30,11,3,USAU,-0.236633,2903.0,6.71,-0.236633
63715,3642,2020-06-30,11,3,POWL,0.029699,11615.0,27.39,0.029699
63765,4338,2020-06-30,11,1,SWN,-0.149502,541689.0,2.56,-0.149502
63125,3580,2020-06-30,11,3,AGYS,-0.067083,23613.0,17.94,-0.067083
63132,1418,2020-06-30,11,1,DCO,0.082919,11649.0,34.87,0.082919
64020,2728,2020-06-30,11,1,LUB,0.776961,30498.0,1.45,0.776961
64311,21294,2020-06-30,11,1,NSC,-0.015256,256179.0,175.57001,-0.015256
64390,3682,2020-06-30,11,1,PGR,0.031282,585298.0,80.11,0.031282
63773,5230,2020-06-30,11,1,TDS,-0.021474,107273.0,19.88,-0.029771
64450,3200,2020-06-30,11,1,NJR,-0.061432,95752.0,32.65,-0.07033
64186,20357,2020-06-30,11,1,CI,-0.049007,368981.0,187.64999,-0.049007
64194,20435,2020-06-30,11,1,CHE,-0.057345,15874.0,451.07001,-0.057345
64742,3500,2020-06-30,11,3,PCYO,-0.095473,23854.0,9.19,-0.095473
64282,2664,2020-06-30,11,1,LB,-0.075355,277829.0,14.97,-0.075355
64995,2535,2020-06-30,11,1,KEY,0.04346,975406.0,12.18,0.027848
65008,6244,2020-06-30,11,3,ASYS,-0.070611,14048.0,4.87,-0.070611
64929,3741,2020-06-30,11,1,KWR,0.086626,17759.0,185.64999,0.086626
64936,20592,2020-06-30,11,1,D,-0.033996,839251.0,81.18,-0.045054
65294,3860,2020-06-30,11,1,RLI,0.039767,44923.0,82.1,0.039767
64785,5130,2020-06-30,11,1,AGX,0.280887,15650.0,47.38,0.280887
65270,5660,2020-06-30,11,3,RCMT,0.0,11329.0,1.34,0.0
64899,1015,2020-06-30,11,1,STZ,0.009231,23292.0,-174.38,0.009231
65365,3102,2020-06-30,11,1,MYE,0.078986,35768.0,14.55,0.069067
65402,21625,2020-06-30,11,1,AOS,-0.008,135096.0,47.12,-0.008
65429,21695,2020-06-30,11,2,TPHS,-0.197674,32195.0,1.38,-0.197674
64961,5703,2020-06-30,11,3,NXGN,0.063954,66669.0,10.98,0.063954
65541,5780,2020-06-30,11,1,COO,-0.10518,53333.0,283.64001,-0.10518
65875,20288,2020-06-30,11,1,VZ,-0.039212,4137995.0,55.13,-0.039212
65306,6051,2020-06-30,11,1,UNF,-0.003337,15247.0,178.95,-0.004728
65307,3911,2020-06-30,11,1,RPM,0.003744,129491.0,75.06,0.003744
65330,21092,2020-06-30,11,1,LM,0.006422,88949.0,49.75,-0.001606
65285,20942,2020-06-30,11,1,HOV,0.430581,5507.0,23.39,0.430581
66093,21645,2020-06-30,11,1,T,-0.020415,7125000.0,30.23,-0.020415
65700,3772,2020-06-30,11,3,USLM,0.138619,5628.0,84.44,0.138619
65752,4402,2020-06-30,11,1,TISI,0.129818,30628.0,5.57,0.129818
66384,4879,2020-06-30,11,3,WDC,-0.004958,299701.0,44.15,-0.004958
66739,4340,2020-06-30,11,1,SBOW,-0.150794,11887.0,3.21,-0.150794
66181,5085,2020-06-30,11,1,HD,0.014206,1075523.0,250.50999,0.00817
66245,21130,2020-06-30,11,1,MDC,0.050309,63054.0,35.7,0.050309
66157,1645,2020-06-30,11,1,USB,0.047244,1506289.0,36.82,0.035433
67029,3333,2020-06-30,11,3,ITI,-0.011435,40752.0,4.755,-0.011435
66325,6412,2020-06-30,11,3,SLM,-0.068602,375236.0,7.03,-0.072559
66800,137,2020-06-30,11,1,AIG,0.047904,861291.0,31.18,0.037259
67467,20505,2020-06-30,11,1,BIG,0.091613,39231.0,42.0,0.083871
66683,21482,2020-06-30,11,1,RES,-0.031447,215260.0,3.08,-0.031447
66852,6533,2020-06-30,11,3,RELL,-0.036905,11038.0,4.045,-0.036905
67360,21835,2020-06-30,11,1,UTL,-0.069545,14960.0,44.82,-0.069545
67847,3914,2020-06-30,11,3,RGLD,-0.066667,65531.0,124.32,-0.066667
66376,21893,2020-06-30,11,1,WSO,-0.00118,32759.0,177.7,-0.00118
68292,4234,2020-06-30,11,3,SIGI,0.005529,59812.0,52.74,0.005529
68145,3984,2020-06-30,11,3,NEON,1.018868,9171.0,8.56,1.018868
68830,7135,2020-06-30,11,1,REX,0.182779,6185.0,69.37,0.182779
68196,4040,2020-06-30,11,3,SEIC,0.020472,146445.0,54.98,0.014017
69032,21224,2020-06-30,11,1,MS,0.09276,1575656.0,48.3,0.09276
69586,6827,2020-06-30,11,3,SBCF,-0.062069,52991.0,20.4,-0.062069
69649,6137,2020-06-30,11,1,RJF,-0.001155,137031.0,68.83,-0.006495
69796,1015,2020-06-30,11,1,STZ,0.013028,167954.0,174.95,0.013028
70578,1467,2020-06-30,11,1,ECL,-0.061906,284246.0,198.95,-0.064117
71271,20043,2020-06-30,11,1,Y,-0.046697,14310.0,489.14001,-0.046697
72304,6144,2020-06-30,11,3,STAA,0.586083,45515.0,61.54,0.586083
70704,4246,2020-06-30,11,1,MUX,0.117504,400398.0,1.01,0.117504
71475,4350,2020-06-30,11,1,AWR,-0.041215,36884.0,78.63,-0.041215
72119,20982,2020-06-30,11,2,INS,0.064003,8925.0,34.08,0.064003
70519,20483,2020-06-30,11,1,C,0.066583,2081808.0,51.1,0.066583
71563,4163,2020-06-30,11,1,TFC,0.020935,1347527.0,37.55,0.020935
70228,8372,2020-06-30,11,1,TOL,0.008666,125629.0,32.59,0.008666
71175,21798,2020-06-30,11,1,UNM,0.09505,203420.0,16.59,0.09505
71176,4196,2020-06-30,11,1,SON,0.009265,100329.0,52.29,0.009265
71985,7064,2020-06-30,11,3,SHYF,-0.014052,35559.0,16.84,-0.014052
72611,4262,2020-06-30,11,3,OBCI,1.581181,9462.0,13.95,1.573801
72338,21256,2020-06-30,11,2,NHC,-0.04637,15358.0,63.44,-0.054123
72980,4120,2020-06-30,11,1,STC,0.064568,23683.0,32.51,0.054835
72996,6185,2020-06-30,11,1,SF,-0.005869,68485.0,47.43,-0.005869
73139,4298,2020-06-30,11,1,SYK,-0.076457,375378.0,180.19,-0.079395
73219,4295,2020-06-30,11,1,RGR,0.219121,17483.0,76.0,0.219121
74500,4456,2020-06-30,11,3,TSRI,0.463791,1962.0,4.75,0.463791
72726,4260,2020-06-30,11,1,STT,0.051017,351956.0,63.55,0.042487
74836,6389,2020-06-30,11,3,TCCO,0.04717,1850.0,3.33,0.04717
74908,4494,2020-06-30,11,2,SSY,0.053437,6899.0,0.895,0.053437
75033,20232,2020-06-30,11,3,VOXX,0.21174,21662.0,5.78,0.21174
75034,20253,2020-06-30,11,1,BKR,-0.067838,655035.0,15.39,-0.067838
74740,4381,2020-06-30,11,3,TAYD,-0.090537,3490.0,9.995,-0.090537
75069,20974,2020-06-30,11,2,IOR,0.060019,4168.0,11.109,0.060019
75100,21753,2020-06-30,11,1,TIF,-0.043784,121347.0,121.94,-0.04831
75104,21866,2020-06-30,11,3,VIACA,0.053404,52000.0,25.6,0.04362
75175,21128,2020-06-30,11,1,MBI,0.024011,67700.0,7.25,0.024011
75070,8526,2020-06-30,11,1,INT,0.014914,63318.0,25.76,0.010989
75107,20018,2020-06-30,11,3,ABMD,0.078875,45045.0,241.56,0.078875
75186,21578,2020-06-30,11,1,SCHW,-0.060429,1287413.0,33.74,-0.060429
75182,21425,2020-06-30,11,1,PII,0.066751,61249.0,92.55,0.059652
75285,20312,2020-06-30,11,1,MAN,-0.005641,58050.0,68.75,-0.005641
70033,20881,2020-06-30,11,1,HOG,0.113871,153173.0,23.77,0.113871
75233,21100,2020-06-30,11,1,VGR,-0.102362,153085.0,10.06,-0.11986
75241,21366,2020-06-30,11,1,PXD,0.072598,164863.0,97.7,0.066594
75320,21826,2020-06-30,11,1,USM,-0.020311,52358.0,30.87,-0.020311
75605,10218,2020-06-30,11,3,FRME,-0.008197,53796.0,27.57,-0.017463
75470,9375,2020-06-30,11,3,MIDD,0.159178,55575.0,78.94,0.159178
75573,9798,2020-06-30,11,3,ODP,-0.048583,526570.0,2.35,-0.048583
75510,8476,2020-06-30,11,3,ADBE,0.125996,479665.0,435.31,0.125996
75517,8600,2020-06-30,11,3,MRTN,-0.01524,55108.0,25.16,-0.016804
75342,20642,2020-06-30,11,1,MTH,0.095252,37597.0,76.12,0.095252
75460,4375,2020-06-30,11,1,TNC,0.016735,18443.0,65.01,0.016735
75591,22075,2020-06-30,11,1,IEX,-0.008345,75392.0,158.03999,-0.008345
75607,10224,2020-06-30,11,3,NLOK,-0.124012,589029.0,19.83,-0.1295
75672,10070,2020-06-30,11,3,WWR,0.199095,6665.0,2.65,0.199095
75556,9438,2020-06-30,11,3,NBN,0.022727,9007.0,17.55,0.022727
75714,10127,2020-06-30,11,3,CLRO,0.156069,16655.0,2.0,0.156069
75578,9868,2020-06-30,11,3,MERC,0.019207,65868.0,8.16,0.011152
75649,22095,2020-06-30,11,1,TG,0.013717,33511.0,15.4,0.005878
75603,10210,2020-06-30,11,3,CRUS,-0.147627,58393.0,61.78,-0.147627
75694,10107,2020-06-30,11,3,TECH,-0.002757,38453.0,264.07001,-0.002757
75853,10358,2020-06-30,11,3,ZIXI,0.026786,57000.0,6.9,0.026786
75854,10359,2020-06-30,11,3,LSCC,0.141536,135147.0,28.39,0.141536
75654,10256,2020-06-30,11,3,CGNX,0.05252,173047.0,59.72,0.05252
75825,22113,2020-06-30,11,1,EOG,-0.006082,582046.0,50.66,-0.006082
75828,10303,2020-06-30,11,3,EA,0.074626,289100.0,132.05,0.074626
75754,10181,2020-06-30,11,2,ISDR,-0.028708,3773.0,10.15,-0.028708
75860,10380,2020-06-30,11,3,IMGN,-0.017094,174540.0,4.6,-0.017094
75831,10323,2020-06-30,11,3,DGII,0.046721,29032.0,11.65,0.046721
75985,10299,2020-06-30,11,3,HALL,0.497854,18141.0,3.49,0.497854
75905,10419,2020-06-30,11,3,GIII,0.286544,48053.0,13.29,0.286544
75906,10421,2020-06-30,11,3,GSBC,0.003452,14084.0,40.36,-0.004931
75912,10408,2020-06-30,11,3,PTC,0.01846,115976.0,77.79,0.01846
75976,10288,2020-06-30,11,3,NEOG,0.089582,52964.0,77.6,0.089582
76076,10486,2020-06-30,11,3,CSCO,-0.024676,4222296.0,46.64,-0.024676
76081,6765,2020-06-30,11,1,THO,0.240487,55199.0,106.53,0.235847
76082,26024,2020-06-30,11,1,COG,-0.134073,398576.0,17.18,-0.134073
76095,10504,2020-06-30,11,3,HOLX,0.075472,258743.0,57.0,0.075472
76038,10390,2020-06-30,11,3,BLFS,-0.006079,25982.0,16.35,-0.006079
76052,10416,2020-06-30,11,3,PPIH,0.029358,8048.0,5.61,0.029358
76136,10563,2020-06-30,11,1,KMPR,0.143848,65251.0,72.52,0.143848
76123,26048,2020-06-30,11,1,JOE,0.008831,58899.0,19.42,0.008831
76127,10544,2020-06-30,11,1,TTI,0.619697,125899.0,0.5345,0.619697
76128,10545,2020-06-30,11,3,VICR,0.179895,31284.0,71.95,0.179895
76185,26080,2020-06-30,11,1,TYL,-0.075751,39762.0,346.88,-0.075751
76201,10634,2020-06-30,11,3,XLNX,0.070038,244314.0,98.39,0.070038
76215,10467,2020-06-30,11,3,ICON,-0.041237,11844.0,0.93,-0.041237
76224,26087,2020-06-30,11,1,BHE,0.0269,36416.0,21.6,0.019349
76226,21866,2020-06-30,11,3,VIAC,0.135969,564000.0,23.32,0.124397
76279,10758,2020-06-30,11,3,MTRX,-0.117967,26142.0,9.72,-0.117967
76282,10594,2020-06-30,11,1,AN,-0.048126,87215.0,37.58,-0.048126
76135,10561,2020-06-30,11,1,GVA,0.094886,46741.0,19.14,0.0875
76261,10724,2020-06-30,11,3,EXPO,0.092673,51546.0,80.93,0.090113
76266,10743,2020-06-30,11,2,PRK,-0.059971,16296.0,70.38,-0.059971
76360,10651,2020-06-30,11,3,GTIM,0.060345,12596.0,1.23,0.060345
76230,10691,2020-06-30,11,3,TRMB,0.104039,249762.0,43.19,0.104039
76274,1100,2020-06-30,11,1,CRD,0.315615,30519.0,7.89,0.310631
76461,10684,2020-06-30,11,3,VERU,-0.104558,69864.0,3.34,-0.104558
76478,26113,2020-06-30,11,1,ESE,0.023242,26037.0,84.53,0.023242
76515,28924,2020-06-30,11,1,CVA,0.074445,131954.0,9.59,0.065556
76529,28947,2020-06-30,11,3,NRIM,0.104465,6368.0,25.14,0.089727
76504,10805,2020-06-30,11,3,CATY,-0.021331,79620.0,26.3,-0.032733
76586,10867,2020-06-30,11,3,PICO,0.005967,19027.0,8.43,0.005967
76613,10877,2020-06-30,11,1,IO,-0.008475,15037.0,2.34,-0.008475
76392,10512,2020-06-30,11,3,MMSI,0.01467,55481.0,45.65,0.01467
76573,22807,2020-06-30,11,1,MLI,-0.003734,56772.0,26.58,-0.007468
76582,10855,2020-06-30,11,3,DORM,-0.040761,32440.0,67.07,-0.040761
76661,10937,2020-06-30,11,3,IONS,0.048924,139489.0,58.96,0.048924
76750,11052,2020-06-30,11,3,MNRO,0.001089,33286.0,54.94,-0.002904
76591,10827,2020-06-30,11,3,QDEL,0.278514,41949.0,223.74001,0.278514
76605,29009,2020-06-30,11,1,AZO,-0.017197,23359.0,1128.12,-0.017197
76672,27836,2020-06-30,11,3,RDNT,-0.068662,51555.0,15.87,-0.068662
76614,10876,2020-06-30,11,3,REGN,0.017689,104180.0,623.65002,0.017689
76732,11018,2020-06-30,11,1,DIN,-0.072483,16418.0,42.1,-0.072483
76644,29028,2020-06-30,11,1,X,-0.10199,220376.0,7.22,-0.10199
76711,37472,2020-06-30,11,1,RGS,-0.222433,35624.0,8.18,-0.222433
76712,10996,2020-06-30,11,1,AES,0.160128,664907.0,14.49,0.160128
76752,11050,2020-06-30,11,3,PRGS,-0.040842,45036.0,38.75,-0.040842
76788,11083,2020-06-30,11,3,TVTY,0.06385,48549.0,11.33,0.06385
76684,10954,2020-06-30,11,3,HWC,-0.006938,86342.0,21.2,-0.019427
76686,10959,2020-06-30,11,3,LCUT,0.181019,21769.0,6.72,0.181019
76798,11099,2020-06-30,11,3,EZPW,0.22093,52098.0,6.3,0.22093
76744,11042,2020-06-30,11,3,VRTX,0.008161,260124.0,290.31,0.008161
76837,2075,2020-06-30,11,1,HAE,-0.183443,50387.0,89.56,-0.183443
76708,10992,2020-06-30,11,1,ATGE,-0.069038,51802.0,31.15,-0.069038
76709,10989,2020-06-30,11,3,IDXX,0.068894,85050.0,330.16,0.068894
76721,11003,2020-06-30,11,3,CRVL,0.044189,17977.0,70.89,0.044189
76722,11001,2020-06-30,11,3,STFC,-0.099799,43800.0,17.85,-0.104814
76908,11064,2020-06-30,11,2,TRXC,0.278053,51839.0,0.541,0.278053
76795,11092,2020-06-30,11,3,ZBRA,-0.02055,53323.0,255.95,-0.02055
76869,11029,2020-06-30,11,3,AEY,0.869565,11295.0,3.44,0.869565
76888,10924,2020-06-30,11,3,AXAS,0.201854,168069.0,0.2334,0.201854
76804,29067,2020-06-30,11,1,MTG,-0.002436,338567.0,8.19,-0.002436
76934,10993,2020-06-30,11,3,ISIG,0.083182,12136.0,0.7149,0.083182
76838,11103,2020-06-30,11,1,PRA,0.052174,53844.0,14.47,0.048551
76839,11111,2020-06-30,11,3,FIZZ,0.070902,46626.0,61.02,0.070902
76841,11112,2020-06-30,11,3,BIIB,-0.128757,158313.0,267.54999,-0.128757
76856,10905,2020-06-30,11,3,FCFS,-0.032822,41440.0,67.48,-0.032822
76868,10817,2020-06-30,11,3,AAON,0.005723,52234.0,54.29,0.002215
76927,11011,2020-06-30,11,3,STRL,0.156906,28034.0,10.47,0.156906
76963,11101,2020-06-30,11,2,NTN,0.964286,2937.0,2.2,0.964286
76892,11106,2020-06-30,11,3,BOKF,0.10797,70307.0,56.44,0.10797
77157,22462,2020-06-30,11,1,OI,0.172324,156571.0,8.98,0.172324
76946,4560,2020-06-30,11,3,TRNS,0.032748,7411.0,25.86,0.032748
77037,11161,2020-06-30,11,3,ODFL,-0.007891,117335.0,169.59,-0.008767
77007,11005,2020-06-30,11,3,IMBI,-0.066667,9465.0,3.5,-0.066667
77117,29327,2020-06-30,11,1,WNC,0.112042,52850.0,10.62,0.112042
77090,11204,2020-06-30,11,3,ATNI,0.022559,15968.0,60.57,0.019697
77165,11238,2020-06-30,11,3,JBSS,-0.018519,8822.0,85.33,-0.018519
77175,11248,2020-06-30,11,3,AMSC,0.121379,23035.0,8.13,0.121379
77178,11253,2020-06-30,11,3,QCOM,0.135757,1128000.0,91.21,0.12772
77191,4589,2020-06-30,11,3,TTEK,0.002788,53888.0,79.12,0.002788
77202,11186,2020-06-30,11,3,JAN,0.012658,1994.0,3.2,0.012658
77208,11206,2020-06-30,11,3,BSTC,-0.014791,7345.0,61.28,-0.014791
77120,29347,2020-06-30,11,1,HMN,0.013965,41292.0,36.73,0.00575
77274,11300,2020-06-30,11,3,GILD,-0.002698,1254000.0,76.94,-0.011435
77114,11225,2020-06-30,11,3,WRLD,-0.014737,7452.0,65.52,-0.014737
77259,11282,2020-06-30,11,3,AHPI,0.262594,4014.0,11.78,0.262594
77235,11157,2020-06-30,11,2,WTT,-0.016931,21648.0,0.9929,-0.016931
77236,11270,2020-06-30,11,1,PHX,-0.358852,16392.0,2.68,-0.358852
77292,11316,2020-06-30,11,3,PDLI,-0.110092,113945.0,2.91,-0.110092
77338,11344,2020-06-30,11,1,ROP,-0.014068,104397.0,388.26001,-0.014068
77217,11235,2020-06-30,11,3,WETF,0.160535,149796.0,3.47,0.160535
77415,11403,2020-06-30,11,3,NBTB,-0.01788,43608.0,30.76,-0.01788
77282,11304,2020-06-30,11,3,MSON,-0.025844,17369.0,13.57,-0.025844
77366,29432,2020-06-30,11,1,ELY,0.14295,94108.0,17.51,0.14295
77379,11371,2020-06-30,11,3,THFF,0.064388,13715.0,36.84,0.049573
77393,11383,2020-06-30,11,2,LCTX,-0.01327,149821.0,0.87,-0.01327
77300,11324,2020-06-30,11,1,SMG,-0.056814,55502.0,134.47,-0.056814
77354,11358,2020-06-30,11,3,SCHL,0.018367,32531.0,29.94,0.018367
77357,11361,2020-06-30,11,3,SNPS,0.077884,150789.0,195.0,0.077884
77425,11415,2020-06-30,11,3,USAK,0.209048,8762.0,7.75,0.209048
77437,11432,2020-06-30,11,3,MBOT,-0.084768,7103.0,6.91,-0.084768
77496,11446,2020-06-30,11,1,MHK,0.091846,71673.0,101.76,0.091846
77447,11440,2020-06-30,11,3,ICUI,-0.076696,20936.0,184.31,-0.076696
77453,25865,2020-06-30,11,3,JACK,0.105491,22672.0,74.09,0.105491
77462,22856,2020-06-30,11,1,M,0.081761,309670.0,6.88,0.081761
77515,11469,2020-06-30,11,3,KOPN,0.278846,82596.0,1.33,0.278846
77516,11470,2020-06-30,11,1,TLRD,-0.272868,48751.0,0.938,-0.272868
77528,11480,2020-06-30,11,3,STBA,0.054407,39263.0,23.45,0.054407
77530,11482,2020-06-30,11,3,SMRT,0.055276,48493.0,0.42,0.055276
77501,11454,2020-06-30,11,1,CNR,0.118081,126151.0,6.06,0.118081
77505,11455,2020-06-30,11,3,ASUR,0.040453,15841.0,6.43,0.040453
77637,29506,2020-06-30,11,1,FC,0.004695,13870.0,21.4,0.004695
77488,29468,2020-06-30,11,3,NTIC,0.077083,9100.0,7.98,0.077083
77595,11512,2020-06-30,11,3,ARCB,0.184011,25404.0,26.51,0.184011
77605,29489,2020-06-30,11,1,BSX,-0.075809,1428733.0,35.11,-0.075809
77610,11522,2020-06-30,11,3,OLED,0.021623,47627.0,149.62,0.0206
77629,11542,2020-06-30,11,1,USPH,0.092797,12844.0,81.02,0.092797
77519,5926,2020-06-30,11,3,TRST,0.015575,96433.0,6.33,0.004762
77520,11473,2020-06-30,11,1,AGCO,0.004164,74868.0,55.46,0.004164
77526,11479,2020-06-30,11,3,RNST,0.041459,56182.0,24.9,0.032338
77584,11506,2020-06-30,11,1,BKE,0.113636,49408.0,15.68,0.113636
77679,11576,2020-06-30,11,3,COLB,0.163588,71586.0,28.345,0.163588
77643,29505,2020-06-30,11,1,FCF,0.012225,98135.0,8.28,0.012225
77763,11606,2020-06-30,11,1,SPN,0.158301,15799.0,1.14,0.158301
77606,29494,2020-06-30,11,1,KSS,0.080645,157737.0,20.77,0.080645
77699,11591,2020-06-30,11,3,FCEL,0.061033,211058.0,2.26,0.061033
77730,4620,2020-06-30,11,1,TSN,-0.028158,294310.0,59.71,-0.028158
77785,11621,2020-06-30,11,3,WIRE,0.010975,20537.0,48.82,0.010975
77659,11558,2020-06-30,11,3,BBBY,0.458047,127350.0,10.6,0.458047
77660,11561,2020-06-30,11,3,CACC,0.133011,17649.0,419.01001,0.133011
77661,11559,2020-06-30,11,1,DHI,0.002713,363538.0,55.45,0.002713
77780,11617,2020-06-30,11,3,CENT,-0.019079,11301.0,35.99,-0.019079
77702,11592,2020-06-30,11,3,SBUX,-0.056418,1168900.0,73.59,-0.056418
77790,11600,2020-06-30,11,3,STRS,0.168042,8210.0,19.81,0.168042
77917,11713,2020-06-30,11,1,ASGN,0.082643,52500.0,66.68,0.082643
77918,11709,2020-06-30,11,3,LFUS,0.050095,24340.0,170.63,0.050095
77889,11691,2020-06-30,11,3,FUNC,-0.030523,6984.0,13.34,-0.030523
77868,11679,2020-06-30,11,3,PRCP,0.103333,9780.0,3.31,0.103333
78003,11758,2020-06-30,11,3,VTNR,0.08855,45555.0,0.713,0.08855
77900,11705,2020-06-30,11,2,CVU,0.20073,11858.0,3.29,0.20073
77902,11706,2020-06-30,11,3,CAKE,0.067039,45462.0,22.92,0.067039
78015,29610,2020-06-30,11,1,MTX,-0.048266,34112.0,46.93,-0.048266
78038,29602,2020-06-30,11,1,RDN,-0.0233,190387.0,15.51,-0.0233
78044,4685,2020-06-30,11,1,UFI,-0.061908,18446.0,12.88,-0.061908
77973,4678,2020-06-30,11,3,UNAM,-0.044939,5306.0,-5.26,-0.044939
78071,11801,2020-06-30,11,3,BIOL,0.157789,50342.0,0.463,0.157789
78054,11789,2020-06-30,11,3,QUMU,0.45935,13529.0,3.59,0.45935
78066,11795,2020-06-30,11,2,NAVB,0.503817,23874.0,3.94,0.503817
78156,11871,2020-06-30,11,3,HMSY,0.036812,88510.0,32.39,0.036812
78091,11807,2020-06-30,11,3,GURE,0.238426,9517.0,5.35,0.238426
78189,11830,2020-06-30,11,3,PESI,0.143113,12135.0,6.39,0.143113
78018,11764,2020-06-30,11,3,CPSS,0.105469,22715.0,2.83,0.105469
78034,11778,2020-06-30,11,3,PDCO,0.117318,95975.0,22.0,0.117318
78137,11865,2020-06-30,11,1,CKH,0.056716,20333.0,28.32,0.056716
78077,29710,2020-06-30,11,1,KAI,0.029227,11470.0,99.66,0.029227
78081,11806,2020-06-30,11,3,LGND,0.101211,16071.0,111.85,0.101211
78170,11857,2020-06-30,11,1,SM,0.065341,112989.0,3.75,0.065341
78213,11879,2020-06-30,11,3,ULBI,-0.160479,15894.0,7.01,-0.160479
70092,21037,2020-06-30,11,1,KBH,-0.072551,90448.0,30.68,-0.072551
78211,11862,2020-06-30,11,1,UVE,-0.006159,32403.0,17.75,-0.006159
78664,26127,2020-06-30,11,1,DDD,-0.05156,118878.0,6.99,-0.05156
78451,26284,2020-06-30,11,1,OPY,0.028801,12619.0,21.79,0.028801
78749,4690,2020-06-30,11,3,UG,-0.033629,4594.0,14.81,-0.060279
78756,11486,2020-06-30,11,3,OFIX,-0.061033,19209.0,32.0,-0.061033
78693,4643,2020-06-30,11,3,UFCS,0.045099,25031.0,27.71,0.032799
78840,11901,2020-06-30,11,3,IAC,0.196139,79528.0,323.39999,0.196139
78908,11934,2020-06-30,11,3,RCKY,-0.001929,7312.0,20.56,-0.008679
78915,11960,2020-06-30,11,3,UEIC,0.034925,13922.0,46.82,0.034925
79033,29768,2020-06-30,11,3,SGA,-0.036507,5034.0,25.6,-0.036507
78950,12025,2020-06-30,11,1,ALG,-0.006582,11860.0,102.64,-0.006582
78955,12009,2020-06-30,11,3,AVID,0.029745,43916.0,7.27,0.029745
78960,4715,2020-06-30,11,2,UAMY,0.467505,69911.0,0.49,0.467505
78892,11963,2020-06-30,11,3,IEC,0.209799,10431.0,9.63,0.209799
78900,11980,2020-06-30,11,3,NATH,0.009995,4141.0,56.24,0.003748
78903,11950,2020-06-30,11,3,PEBO,-0.052959,19875.0,21.28,-0.052959
78875,11946,2020-06-30,11,3,CREE,0.123363,109230.0,59.19,0.123363
78876,11958,2020-06-30,11,1,CRY,-0.156621,37740.0,19.17,-0.156621
78841,11923,2020-06-30,11,1,EGY,0.250126,57456.0,1.24,0.250126
79013,12038,2020-06-30,11,3,SYBT,0.189245,22667.0,40.2,0.181311
79019,11981,2020-06-30,11,3,UBCP,0.024824,5724.0,11.52,0.012302
79037,29780,2020-06-30,11,1,ETH,0.046903,25053.0,11.83,0.046903
79039,4722,2020-06-30,11,3,USEG,-0.194401,1400.0,5.18,-0.194401
78963,12036,2020-06-30,11,1,CHS,0.022222,119566.0,1.38,0.022222
79065,29794,2020-06-30,11,3,RELV,-0.027027,1746.0,3.6,-0.027027
79066,29298,2020-06-30,11,2,GBR,0.303192,5132.0,1.225,0.303192
78987,12027,2020-06-30,11,3,MCHP,0.096751,252450.0,105.31,0.096751
79006,12000,2020-06-30,11,3,SCON,0.138706,27510.0,0.3801,0.138706
79007,12015,2020-06-30,11,3,SCVL,0.126202,14088.0,29.27,0.126202
78975,12011,2020-06-30,11,3,INTU,0.020219,260771.0,296.19,0.020219
78981,28858,2020-06-30,11,3,LSTR,-0.033976,38379.0,112.31,-0.033976
79022,12005,2020-06-30,11,3,BBI,-0.138017,26672.0,0.9999,-0.138017
79026,27849,2020-06-30,11,3,CHDN,0.003618,39400.0,133.14999,0.003618
79072,12058,2020-06-30,11,3,BANF,0.072665,32663.0,40.57,0.064271
79089,12074,2020-06-30,11,3,FOSL,0.52459,51287.0,4.65,0.52459
79094,12108,2020-06-30,11,1,JBL,0.072193,150574.0,32.08,0.072193
79103,12097,2020-06-30,11,3,ORLY,0.010617,74098.0,421.67001,0.010617
79108,12083,2020-06-30,11,3,SANM,-0.059,67764.0,25.04,-0.059
79116,12086,2020-06-30,11,3,TCBK,0.081072,29759.0,30.45,0.073317
79166,12139,2020-06-30,11,3,GABC,0.003873,26497.0,31.1,0.003873
79133,29805,2020-06-30,11,1,ATR,0.005297,64187.0,111.98,0.005297
79150,12119,2020-06-30,11,3,ANIK,0.125261,14204.0,37.73,0.125261
79299,12185,2020-06-30,11,3,PZZA,0.019515,32349.0,79.41,0.019515
79198,12147,2020-06-30,11,1,TWI,0.186992,60602.0,1.46,0.186992
79315,10962,2020-06-30,11,3,APEX,1.196079,5571.0,1.12,1.196079
79322,29244,2020-06-30,11,3,NSYS,0.276786,2658.0,4.29,0.276786
79323,29870,2020-06-30,11,1,ALL,-0.008384,314116.0,96.99,-0.008384
79382,12289,2020-06-30,11,3,PFC,0.063817,37296.0,17.67,0.063817
79248,12194,2020-06-30,11,3,THRM,-0.044226,32640.0,38.9,-0.044226
79249,12197,2020-06-30,11,3,BBSI,0.047929,7598.0,53.13,0.047929
79265,12214,2020-06-30,11,3,FLIR,-0.121861,131106.0,40.57,-0.121861
79444,29930,2020-06-30,11,1,TALO,-0.242798,65342.0,9.2,-0.242798
79490,12346,2020-06-30,11,3,FLL,-0.324873,27090.0,1.33,-0.324873
79307,12240,2020-06-30,11,3,SHLO,0.361344,24308.0,1.62,0.361344
79210,29863,2020-06-30,11,1,RGA,-0.135647,61648.0,78.44,-0.135647
79338,7195,2020-06-30,11,3,SGMS,-0.017165,95000.0,15.46,-0.017165
79545,29936,2020-06-30,11,1,BWA,0.097978,207310.0,35.3,0.097978
79491,12378,2020-06-30,11,3,WINA,0.190241,3723.0,171.24001,0.190241
79499,12347,2020-06-30,11,3,INOD,-0.01625,24459.0,1.3379,-0.01625
79611,27626,2020-06-30,11,1,MOV,0.032381,16521.0,10.84,0.032381
79571,12412,2020-06-30,11,3,CASH,0.005519,34631.0,18.17,0.002759
79573,4721,2020-06-30,11,2,UUU,0.310066,2313.0,0.7939,0.310066
79586,12390,2020-06-30,11,3,FTEK,0.129944,24701.0,0.84,0.129944
79618,12384,2020-06-30,11,3,RAVE,-0.16176,15463.0,0.7545,-0.16176
79637,4655,2020-06-30,11,1,UHS,-0.119109,77669.0,92.89,-0.119109
79507,12339,2020-06-30,11,3,MCRI,-0.150972,18190.0,34.08,-0.150972
79666,29969,2020-06-30,11,3,TLF,-0.027221,9033.0,3.395,-0.027221
79668,29956,2020-06-30,11,1,BDC,-0.042303,44517.0,32.55,-0.043772
79678,12499,2020-06-30,11,3,ATVI,0.05446,771706.0,75.9,0.05446
79686,12484,2020-06-30,11,1,DECK,0.075933,27999.0,196.39,0.075933
79689,12495,2020-06-30,11,2,SDI,0.004673,8886.0,12.9,0.004673
79702,12516,2020-06-30,11,2,PTN,0.010061,229258.0,0.512,0.010061
79731,12462,2020-06-30,11,3,QCRH,0.028647,15791.0,31.18,0.026671
79734,12503,2020-06-30,11,3,RVSB,0.13,22245.0,5.65,0.13
79758,29992,2020-06-30,11,1,BYD,-0.022451,111252.0,20.9,-0.022451
79791,12557,2020-06-30,11,3,CNTY,-0.241316,29576.0,4.15,-0.241316
79776,5705,2020-06-30,11,3,UTMD,-0.106353,3643.0,88.62,-0.109168
79785,21242,2020-06-30,11,1,NVR,0.011528,3681.0,3258.75,0.011528
79698,12457,2020-06-30,11,1,IT,-0.00304,89175.0,121.33,-0.00304
79824,12525,2020-06-30,11,3,FFIN,-0.052872,141103.0,28.89,-0.057115
79839,12539,2020-06-30,11,3,ITRI,0.028407,40234.0,66.25,0.028407
79747,12461,2020-06-30,11,3,AUB,0.000432,78713.0,23.16,0.000432
79864,5653,2020-06-30,11,3,VSEC,0.207308,11043.0,31.39,0.207308
79866,12574,2020-06-30,11,3,SCHN,0.123567,26899.0,17.64,0.123567
79885,12618,2020-06-30,11,3,WVFC,0.015385,1907.0,13.2,0.015385
79906,30033,2020-06-30,11,3,INCY,0.020214,218069.0,103.97,0.020214
79909,30036,2020-06-30,11,1,MHO,0.028674,28523.0,34.44,0.028674
79851,12561,2020-06-30,11,3,OSBC,0.01039,29589.0,7.78,0.01039
79857,12530,2020-06-30,11,3,PTEN,-0.054201,187241.0,3.47,-0.059621
79859,12608,2020-06-30,11,1,NYCB,0.014925,463937.0,10.2,0.014925
79862,12541,2020-06-30,11,3,ROCK,0.090888,32420.0,48.01,0.090888
79841,12577,2020-06-30,11,3,FWRD,0.002818,27729.0,49.82,0.002818
79878,12553,2020-06-30,11,3,UFPI,0.082659,61169.0,49.51,0.082659
79879,12583,2020-06-30,11,3,VIAV,0.099223,228000.0,12.74,0.099223
79903,30030,2020-06-30,11,1,HHS,0.333333,6442.0,3.04,0.333333
80050,12706,2020-06-30,11,3,UFPT,-0.025437,7495.0,44.06,-0.025437
80054,12740,2020-06-30,11,1,MED,0.367012,11781.0,138.77,0.35597
79881,12546,2020-06-30,11,3,URBN,-0.101535,97780.0,15.22,-0.101535
80072,4818,2020-06-30,11,3,VLY,-0.006266,403796.0,7.82,-0.02005
80034,12669,2020-06-30,11,3,SHOO,0.049745,83035.0,24.69,0.049745
80168,28392,2020-06-30,11,1,AGM,-0.069208,1031.0,56.09,-0.082297
80169,28392,2020-06-30,11,1,AGM,0.010604,9198.0,64.01,-0.001871
80167,12569,2020-06-30,11,3,HAIN,0.000953,101885.0,31.51,0.000953
80236,12846,2020-06-30,11,3,DSPG,-0.118757,23410.0,15.88,-0.118757
80069,12204,2020-06-30,11,3,ARWR,0.33964,102251.0,43.19,0.33964
80185,30106,2020-06-30,11,1,PLT,0.126631,40684.0,14.68,0.126631
80191,30249,2020-06-30,11,1,ALB,0.014049,106319.0,77.21,0.009017
80080,30070,2020-06-30,11,1,EMN,0.032609,135894.0,69.64,0.022914
80223,12848,2020-06-30,11,3,BPFH,0.001456,82058.0,6.88,0.001456
80233,12843,2020-06-30,11,3,DAKT,0.025943,44615.0,4.35,0.025943
80294,26503,2020-06-30,11,3,RGCO,-0.08447,8147.0,24.17,-0.08447
80114,12793,2020-06-30,11,3,STCN,0.156262,62384.0,0.6001,0.156262
80128,4761,2020-06-30,11,1,VMI,0.000614,21357.0,113.62,-0.003333
80179,5974,2020-06-30,11,3,VALU,-0.052983,9617.0,26.99,-0.052983
80274,12835,2020-06-30,11,3,SGMA,0.090615,4243.0,3.37,0.090615
80254,12859,2020-06-30,11,3,MINI,-0.069819,44360.0,29.5,-0.079276
80193,30251,2020-06-30,11,1,BZH,0.025458,31027.0,10.07,0.025458
80204,30260,2020-06-30,11,1,MLM,0.075381,62241.0,206.57001,0.075381
80320,12926,2020-06-30,11,3,CPRT,-0.068464,234778.0,83.27,-0.068464
80306,12902,2020-06-30,11,3,BCRX,0.060067,176429.0,4.765,0.060067
80375,12908,2020-06-30,11,3,ZEUS,0.065277,11075.0,11.75,0.065277
80286,12863,2020-06-30,11,3,TSCO,0.080069,116180.0,131.78999,0.080069
80343,12917,2020-06-30,11,3,NNBR,0.060403,42747.0,4.74,0.060403
80362,12933,2020-06-30,11,3,SCSC,-0.022718,25374.0,24.09,-0.022718
80336,12951,2020-06-30,11,3,LARK,-0.0116,4494.0,24.71,-0.0116
80341,12938,2020-06-30,11,3,MPAA,0.116941,19002.0,17.67,0.116941
80563,13115,2020-06-30,11,3,PENN,-0.069186,137435.0,30.54,-0.069186
80432,13001,2020-06-30,11,1,AEO,0.189956,165500.0,10.9,0.189956
80415,30381,2020-06-30,11,1,EXP,0.051827,41757.0,70.22,0.051827
80478,12994,2020-06-30,11,3,SMBC,-0.000822,9127.0,24.3,-0.000822
80485,12981,2020-06-30,11,3,VVUS,-0.266161,17868.0,0.8219,-0.266161
80539,13036,2020-06-30,11,3,NKTR,0.067281,178810.0,23.16,0.067281
80534,13087,2020-06-30,11,3,SYPR,0.037339,21310.0,0.7251,0.037339
80575,13114,2020-06-30,11,1,SSD,0.05371,43464.0,84.36,0.05371
80577,13099,2020-06-30,11,2,ARMP,0.053764,18645.0,3.92,0.053764
80498,13092,2020-06-30,11,3,ABCB,-0.020223,69463.0,23.59,-0.026414
80719,30446,2020-06-30,11,1,GBX,0.072102,32668.0,22.75,0.072102
80759,13210,2020-06-30,11,3,MATW,-0.077295,31265.0,19.1,-0.077295
80633,13187,2020-06-30,11,3,HMNF,0.003436,4836.0,14.6,0.003436
80640,13125,2020-06-30,11,3,LJPC,-0.097458,27359.0,4.26,-0.097458
80951,13338,2020-06-30,11,3,TESS,0.033835,8637.0,5.5,0.033835
80955,13302,2020-06-30,11,3,WVVI,1.7e-05,4965.0,6.044,1.7e-05
80791,13252,2020-06-30,11,3,ADTN,-0.041228,47957.0,10.93,-0.041228
80795,13269,2020-06-30,11,3,AMED,0.033793,32443.0,198.53999,0.033793
80857,4815,2020-06-30,11,3,VLGEA,0.158379,10244.0,27.72,0.158379
80864,30474,2020-06-30,11,1,RS,-0.02134,63641.0,94.93,-0.02134
80828,13240,2020-06-30,11,1,MLR,0.0108,11405.0,29.77,0.004725
80837,13294,2020-06-30,11,3,PNBK,0.00853,3936.0,5.9,0.00853
80912,27333,2020-06-30,11,3,DWSN,0.090909,23351.0,1.44,0.090909
80924,13304,2020-06-30,11,3,SIRI,0.008591,4353000.0,5.87,0.008591
80812,13276,2020-06-30,11,3,EFOI,0.520879,3216.0,6.92,0.520879
81021,13346,2020-06-30,11,1,USX,0.176471,33621.0,6.0,0.176471
80957,13398,2020-06-30,11,3,AZPN,-0.019216,67719.0,103.61,-0.019216
80960,13396,2020-06-30,11,3,CARV,2.498592,3773.0,6.21,2.498592
80969,13402,2020-06-30,11,3,CVTI,0.145238,14741.0,14.43,0.145238
81055,30513,2020-06-30,11,1,COF,-0.0801,455310.0,62.59,-0.0801
81116,13447,2020-06-30,11,3,VECO,0.149063,49619.0,13.49,0.149063
80926,13311,2020-06-30,11,1,CPE,0.719755,396997.0,1.15,0.719755
80928,13300,2020-06-30,11,1,DAR,0.056199,161858.0,24.62,0.056199
81084,13407,2020-06-30,11,3,HDSN,0.136108,42629.0,1.01,0.136108
81095,13413,2020-06-30,11,3,NWBI,0.026607,127838.0,10.225,0.026607
81061,30521,2020-06-30,11,1,MCK,-0.033088,162116.0,153.42,-0.033088
81073,30020,2020-06-30,11,3,UHAL,-0.062977,19608.0,302.19,-0.062977
81241,13539,2020-06-30,11,3,BRKS,0.109332,73760.0,44.24,0.10683
81165,13487,2020-06-30,11,3,MIND,0.038961,12182.0,1.6,0.038961
81182,13273,2020-06-30,11,3,CPHC,-0.006358,4707.0,10.94,-0.006358
81124,1519,2020-06-30,11,2,MSN,-0.088435,21043.0,0.67,-0.088435
81220,13521,2020-06-30,11,3,NSIT,-0.040187,35070.0,49.2,-0.040187
81278,13585,2020-06-30,11,3,STRT,0.235659,3750.0,15.94,0.235659
81190,4825,2020-06-30,11,2,VOLT,0.482588,21409.0,1.29,0.482588
81481,13603,2020-06-30,11,3,DLTR,-0.05303,237232.0,92.68,-0.05303
81254,12949,2020-06-30,11,3,INTL,0.07822,19314.0,55.0,0.07822
81584,13695,2020-06-30,11,1,CBZ,0.058278,54514.0,23.97,0.058278
81184,13466,2020-06-30,11,3,USAP,0.096939,8830.0,8.6,0.096939
81294,4881,2020-06-30,11,3,WDFC,0.03362,13668.0,198.3,0.03362
81222,13524,2020-06-30,11,3,RCII,0.092694,53821.0,27.82,0.092694
81225,13536,2020-06-30,11,3,SMIT,0.281648,3752.0,3.4989,0.281648
81501,13617,2020-06-30,11,3,NATI,-0.000258,131436.0,38.71,-0.000258
81282,13587,2020-06-30,11,3,ACIW,-0.021392,116367.0,26.99,-0.021392
81560,13662,2020-06-30,11,3,GFED,0.101083,4367.0,15.25,0.101083
81540,13650,2020-06-30,11,1,ABC,0.056954,203403.0,100.77,0.056954
81588,13682,2020-06-30,11,3,TAIT,0.080082,5040.0,2.63,0.080082
81593,5849,2020-06-30,11,3,COOP,0.115695,92000.0,12.44,0.115695
81655,30886,2020-06-30,11,1,DRI,-0.014182,129879.0,75.77,-0.014182
81621,13739,2020-06-30,11,3,HLIT,-0.118738,96863.0,4.75,-0.118738
81624,13710,2020-06-30,11,3,ISNS,-0.0847,5338.0,3.35,-0.0847
81677,30913,2020-06-30,11,1,WAB,-0.057311,190289.0,57.57,-0.057311
81678,27454,2020-06-30,11,3,LECO,0.031155,59367.0,84.24,0.025192
81564,13657,2020-06-30,11,3,IBKC,0.084886,52664.0,45.54,0.073803
81577,5679,2020-06-30,11,3,WAFD,0.037896,75706.0,26.84,0.037896
81696,13790,2020-06-30,11,3,DISH,0.090363,286126.0,34.51,0.090363
81665,30897,2020-06-30,11,1,SYX,-0.021439,37470.0,20.54,-0.021439
81666,30898,2020-06-30,11,3,HA,-0.027027,45997.0,14.04,-0.027027
81728,13796,2020-06-30,11,3,NHTC,-0.213699,11423.0,5.74,-0.213699
81736,13753,2020-06-30,11,1,RMD,0.193881,144668.0,192.0,0.193881
81740,13758,2020-06-30,11,3,SBGI,-0.012306,53342.0,18.46,-0.012306
81774,20763,2020-06-30,11,1,FCX,0.275634,1451971.0,11.57,0.275634
81869,13876,2020-06-30,11,3,GVP,-0.038095,20551.0,1.01,-0.038095
81893,13852,2020-06-30,11,3,WSTG,0.095482,4351.0,25.7,0.095482
82171,13913,2020-06-30,11,2,DIT,0.017519,566.0,56.34,0.017519
81761,13783,2020-06-30,11,2,OBLG,0.418952,5227.0,1.4899,0.418952
82107,2253,2020-06-30,11,3,WABC,-0.02645,26933.0,57.42,-0.02645
82156,13915,2020-06-30,11,3,WINT,-0.030471,16869.0,7.0,-0.030471
81741,13759,2020-06-30,11,3,SCKT,0.319149,6009.0,1.55,0.319149
82196,13960,2020-06-30,11,1,DNR,0.296244,506482.0,0.2761,0.296244
82212,13938,2020-06-30,11,3,KFRC,-0.024835,21942.0,29.25,-0.031457
82215,13950,2020-06-30,11,3,AMRH,0.174242,5163.0,1.55,0.174242
82234,30943,2020-06-30,11,2,BTN,-0.012048,14651.0,1.64,-0.012048
82292,30958,2020-06-30,11,1,THG,0.016243,37998.0,101.33,0.009766
82176,13945,2020-06-30,11,3,BREW,0.018531,19545.0,15.39,0.018531
82179,13943,2020-06-30,11,3,IART,-0.098254,84274.0,46.99,-0.098254
82486,14013,2020-06-30,11,3,ERIE,0.064692,46189.0,191.89999,0.064692
82163,13934,2020-06-30,11,3,ADMP,0.089029,73921.0,0.537,0.089029
82272,13979,2020-06-30,11,1,MD,0.101095,85409.0,17.1,0.101095
82279,3659,2020-06-30,11,3,SENEA,-0.072937,7369.0,33.81,-0.072937
82281,13978,2020-06-30,11,3,SMSI,0.049412,41356.0,4.46,0.049412
82251,13966,2020-06-30,11,3,AUBN,0.0651,3566.0,57.09,0.060364
82307,30975,2020-06-30,11,1,DVA,-0.02248,121800.0,79.14,-0.02248
82515,14046,2020-06-30,11,3,POOL,0.010594,40042.0,271.87,0.010594
82518,14049,2020-06-30,11,3,RICK,-0.041408,9125.0,13.86,-0.043478
82587,14161,2020-06-30,11,3,IVAC,0.047985,23635.0,5.46,0.047985
82598,14152,2020-06-30,11,3,NTAP,-0.003817,221816.0,44.37,-0.003817
82542,27456,2020-06-30,11,2,CCF,0.0286,9449.0,102.5,0.0286
82547,14143,2020-06-30,11,3,AEIS,0.014365,38325.0,67.79,0.014365
82567,14092,2020-06-30,11,3,OPK,0.495614,669829.0,3.41,0.495614
82573,14157,2020-06-30,11,3,FFIC,0.034392,28217.0,11.52,0.015873
82575,14091,2020-06-30,11,3,BANR,0.011715,35158.0,38.0,0.011715
82508,14031,2020-06-30,11,3,MYGN,-0.219546,74700.0,11.34,-0.219546
82621,14097,2020-06-30,11,2,MLSS,0.059783,61993.0,1.95,0.059783
82526,14043,2020-06-30,11,3,ACHV,-0.027676,45987.0,0.397,-0.027676
82639,31194,2020-06-30,11,2,IMH,0.05625,21230.0,1.69,0.05625
82642,31196,2020-06-30,11,1,EL,-0.044513,224763.0,188.67999,-0.044513
82649,31205,2020-06-30,11,1,SWM,0.099375,31196.0,33.41,0.099375
82599,14175,2020-06-30,11,3,NWPX,-0.000797,9801.0,25.07,-0.000797
82670,14232,2020-06-30,11,3,TGTX,0.044504,126649.0,19.48,0.044504
82552,14124,2020-06-30,11,3,ASFI,0.0344,6568.0,12.93,0.0344
82686,14201,2020-06-30,11,3,CTXS,0.000945,123517.0,147.91,-0.001418
82694,14268,2020-06-30,11,1,EME,0.040755,54846.0,66.14,0.040755
82581,14098,2020-06-30,11,3,HSIC,-0.038373,142438.0,58.39,-0.038373
82634,31190,2020-06-30,11,1,SAM,-0.049723,9656.0,536.65002,-0.049723
82747,14258,2020-06-30,11,3,ASTC,0.063433,7850.0,2.85,0.063433
82651,31208,2020-06-30,11,1,WAT,-0.097323,61909.0,180.39999,-0.097323
82775,31386,2020-06-30,11,1,HIG,0.00679,358075.0,38.55,0.00679
82777,31388,2020-06-30,11,1,MSM,0.050043,45427.0,72.81,0.050043
82812,14283,2020-06-30,11,3,BYFC,0.465278,19283.0,2.11,0.465278
82702,14243,2020-06-30,11,1,AMRX,-0.022587,147314.0,4.76,-0.022587
82924,4922,2020-06-30,11,1,JW,-0.029851,46768.0,39.0,-0.029851
82932,4922,2020-06-30,11,1,JW,-0.024963,9095.0,-39.06,-0.024963
82759,14205,2020-06-30,11,3,NUAN,0.105988,281375.0,25.305,0.105988
82762,14179,2020-06-30,11,3,WSTL,-0.000854,12330.0,0.8189,-0.000854
82779,31389,2020-06-30,11,3,NVAX,0.810382,61211.0,83.35,0.810382
82800,31574,2020-06-30,11,1,SCCO,0.095592,773059.0,39.77,0.095592
83011,6149,2020-06-30,11,1,WSM,-0.014421,77759.0,82.01,-0.014421
82824,14310,2020-06-30,11,3,IDRA,0.034682,34291.0,1.79,0.034682
83124,14393,2020-06-30,11,3,CSGS,-0.120908,33080.0,41.39,-0.125871
82848,14293,2020-06-30,11,3,TTNP,0.080833,97223.0,0.3062,0.080833
82855,1507,2020-06-30,11,1,EE,-0.008239,40788.0,67.0,-0.014271
83145,14377,2020-06-30,11,3,IRIX,0.177778,13857.0,2.12,0.177778
83148,14374,2020-06-30,11,3,LNDC,-0.253983,29224.0,7.96,-0.253983
83149,14385,2020-06-30,11,3,LPTH,0.439655,25892.0,3.34,0.439655
82768,31377,2020-06-30,11,2,BDR,0.358491,9634.0,0.72,0.358491
83244,14479,2020-06-30,11,3,CENX,0.196309,89485.0,7.13,0.196309
83111,14394,2020-06-30,11,3,ALXN,-0.063887,219100.0,112.24,-0.063887
83112,14382,2020-06-30,11,3,ANDE,0.061728,33559.0,13.76,0.061728
83120,14387,2020-06-30,11,3,CMCO,0.099967,23851.0,33.45,0.099967
82859,23373,2020-06-30,11,1,REV,-0.033203,53306.0,9.9,-0.033203
83233,27374,2020-06-30,11,1,GEF,0.025603,26442.0,34.41,0.012655
83155,14355,2020-06-30,11,3,OVBC,-0.0998,4787.0,22.55,-0.0998
83264,27374,2020-06-30,11,1,GEF,0.108242,22008.0,41.83,0.091028
83272,14427,2020-06-30,11,3,HUBG,0.023306,33518.0,47.86,0.023306
83303,14398,2020-06-30,11,3,SGRP,0.09307,21108.0,0.754,0.09307
83390,14494,2020-06-30,11,3,KVHI,-0.028292,18013.0,8.93,-0.028292
83391,14535,2020-06-30,11,3,STRM,0.429954,31246.0,1.33,0.429954
83399,14498,2020-06-30,11,3,OCC,0.0,7540.0,2.5,0.0
83443,540,2020-06-30,11,1,BRK,-0.038097,1390707.0,178.50999,-0.038097
83411,14518,2020-06-30,11,2,EPM,0.157787,32956.0,2.8,0.147541
83414,14531,2020-06-30,11,3,SASR,0.021856,47001.0,24.78,0.021856
83382,14568,2020-06-30,11,3,TCX,-0.04578,10570.0,57.32,-0.04578
83462,31647,2020-06-30,11,1,TUP,0.470588,49014.0,4.75,0.470588
83304,14470,2020-06-30,11,3,PRGX,0.192893,23613.0,4.7,0.192893
83534,14659,2020-06-30,11,3,NBIX,-0.022123,93200.0,122.0,-0.022123
83565,14648,2020-06-30,11,3,MFIN,0.137339,24816.0,2.65,0.137339
83422,14572,2020-06-30,11,3,SYKE,0.014674,40055.0,27.66,0.014674
83597,31661,2020-06-30,11,1,FDS,0.06816,37872.0,328.47,0.06816
83601,5009,2020-06-30,11,1,WOR,0.254679,54616.0,37.3,0.246658
83469,14661,2020-06-30,11,3,ARTNA,0.033609,8454.0,36.29,0.033609
83621,14744,2020-06-30,11,3,ANSS,0.030848,85738.0,291.73001,0.030848
83509,14602,2020-06-30,11,1,FCN,-0.049062,37098.0,114.55,-0.049062
83520,14582,2020-06-30,11,3,JAKK,0.366667,42396.0,0.82,0.366667
83547,14633,2020-06-30,11,3,PFBI,-0.02187,14673.0,12.82,-0.033183
83642,14751,2020-06-30,11,3,CNOB,0.099591,39753.0,16.12,0.099591
83690,14705,2020-06-30,11,3,RUSHB,-0.025949,8410.0,35.66,-0.025949
83720,31689,2020-06-30,11,1,FFG,0.019042,24631.0,35.89,0.005041
83734,14858,2020-06-30,11,3,WHLM,-0.063232,5157.0,4.0,-0.063232
83738,14781,2020-06-30,11,3,CASS,-0.025781,14421.0,39.03,-0.032474
83756,14859,2020-06-30,11,3,GERN,0.354037,310467.0,2.18,0.354037
83856,14888,2020-06-30,11,1,CSV,-0.032051,17909.0,18.12,-0.032051
83671,14722,2020-06-30,11,1,TBI,-0.01229,36126.0,15.27,-0.01229
83683,14778,2020-06-30,11,3,PROV,0.041958,7436.0,13.41,0.041958
83799,14838,2020-06-30,11,3,STRA,-0.094205,22223.0,153.64999,-0.094205
83651,14715,2020-06-30,11,3,CASI,-0.05303,100929.0,2.5,-0.05303
83827,31714,2020-06-30,11,3,MMAC,-0.073718,5704.0,23.12,-0.073718
83762,14093,2020-06-30,11,2,AIM,-0.114286,32624.0,2.48,-0.114286
83774,14795,2020-06-30,11,3,OCFC,0.055689,60343.0,17.63,0.055689
83862,14915,2020-06-30,11,3,ETFC,0.092007,221093.0,49.73,0.092007
83633,14737,2020-06-30,11,3,ELGX,0.093283,19172.0,0.804,0.093283
83883,14905,2020-06-30,11,3,OPCH,-0.086842,176715.0,13.88,-0.086842
83885,14931,2020-06-30,11,3,MVIS,0.54563,143433.0,1.36,0.54563
83815,14762,2020-06-30,11,3,DCOM,-0.04851,33090.0,13.73,-0.04851
83844,14889,2020-06-30,11,3,AWRE,-0.094366,21390.0,3.215,-0.094366
83779,14828,2020-06-30,11,3,PEGA,0.063919,80420.0,101.17,0.063604
83910,14923,2020-06-30,11,3,TACT,0.117073,7547.0,4.58,0.117073
83950,14977,2020-06-30,11,3,SPPI,0.14966,117824.0,3.38,0.14966
83906,14927,2020-06-30,11,3,SRCL,0.020974,91500.0,55.98,0.020974
84026,31764,2020-06-30,11,1,DVD,0.099291,17903.0,1.55,0.099291
83822,31710,2020-06-30,11,1,GES,0.010449,67603.0,9.67,0.010449
84007,14969,2020-06-30,11,1,OCN,-0.101732,129683.0,0.664,-0.101732
84010,14845,2020-06-30,11,1,USNA,-0.133263,21014.0,73.43,-0.133263
83969,14958,2020-06-30,11,3,WLFC,0.151803,6552.0,24.28,0.151803
83976,22200,2020-06-30,11,1,ANF,-0.084337,62376.0,10.64,-0.084337
83989,1908,2020-06-30,11,1,GTN,0.000717,92330.0,13.95,0.000717
83916,14863,2020-06-30,11,3,TTEC,0.09915,46682.0,46.56,0.09915
84084,15037,2020-06-30,11,3,HIBB,0.083851,16532.0,20.94,0.083851
84032,31769,2020-06-30,11,1,NOV,-0.017642,388223.0,12.25,-0.017642
84041,31779,2020-06-30,11,1,TGI,0.202937,51898.0,9.01,0.202937
84042,31780,2020-06-30,11,1,PAG,0.082494,80461.0,38.71,0.082494
84129,5057,2020-06-30,11,3,ZION,0.033278,163978.0,34.0,0.033278
84172,31802,2020-06-30,11,1,NUS,0.028241,51899.0,38.23,0.028241
84062,15025,2020-06-30,11,3,BJRI,-0.035912,22261.0,20.94,-0.035912
84176,31806,2020-06-30,11,3,SSP,0.014994,69028.0,8.75,0.009227
84234,15147,2020-06-30,11,3,PLUS,-0.041107,13553.0,70.68,-0.041107
84255,15114,2020-06-30,11,3,SEAC,-0.201058,37528.0,1.51,-0.201058
84302,15236,2020-06-30,11,2,DPW,1.311321,5772.0,2.45,1.311321
84262,15171,2020-06-30,11,3,STLD,-0.008283,210365.0,26.09,-0.017696
84275,15108,2020-06-30,11,1,UNFI,-0.070918,54687.0,18.21,-0.070918
84203,15061,2020-06-30,11,3,BBQ,0.15614,9282.0,3.295,0.15614
84210,15190,2020-06-30,11,3,FORR,0.020382,18770.0,32.04,0.020382
84215,15152,2020-06-30,11,3,CWBC,0.293379,8472.0,8.4199,0.293379
84184,15158,2020-06-30,11,3,AXDX,0.815569,56249.0,15.16,0.815569
84185,15135,2020-06-30,11,3,EVK,0.458941,14805.0,1.05,0.458941
84372,31832,2020-06-30,11,1,NCR,-0.040443,127800.0,17.32,-0.040443
84373,31838,2020-06-30,11,1,DGX,-0.036524,133732.0,113.96,-0.036524
84319,15243,2020-06-30,11,1,LAD,0.254913,22163.0,151.33,0.254913
84385,31890,2020-06-30,11,1,NSP,0.256366,38766.0,64.73,0.24865
84387,31894,2020-06-30,11,2,CMT,-0.132632,8207.0,4.12,-0.132632
84389,31896,2020-06-30,11,3,SSB,-0.093399,70907.0,47.66,-0.093399
84403,27497,2020-06-30,11,3,WWD,0.130796,62139.0,77.55,0.130796
84348,15199,2020-06-30,11,3,VSAT,-0.086429,67502.0,38.37,-0.086429
84375,31841,2020-06-30,11,1,TEN,0.118343,60952.0,7.56,0.118343
84381,31847,2020-06-30,11,1,ROK,-0.014619,115824.0,213.0,-0.014619
84397,31907,2020-06-30,11,3,UNTY,0.004892,10679.0,14.3,-0.000699
84588,31933,2020-06-30,11,1,MTN,-0.081581,40122.0,182.14999,-0.081581
84413,15306,2020-06-30,11,3,CERS,0.061093,166012.0,6.6,0.061093
84438,15267,2020-06-30,11,3,HLIO,0.041375,32081.0,37.25,0.041375
84511,15314,2020-06-30,11,3,VCEL,-0.038943,45194.0,13.82,-0.038943
84516,15307,2020-06-30,11,3,CCBG,0.036364,16780.0,20.95,0.029484
84563,15339,2020-06-30,11,3,SLGN,-0.0314,110886.0,32.39,-0.0314
84656,31946,2020-06-30,11,1,ALV,0.014627,87316.0,64.51,0.014627
84723,15434,2020-06-30,11,2,LNG,0.089515,252108.0,48.32,0.089515
84725,15450,2020-06-30,11,3,CVLY,0.043774,9788.0,13.83,0.043774
84597,15370,2020-06-30,11,3,AMTD,-0.02388,541000.0,36.38,-0.02388
84604,15401,2020-06-30,11,3,CTIC,0.137255,73717.0,1.16,0.137255
84606,15376,2020-06-30,11,3,EEFT,0.011506,52289.0,95.82,0.011506
84607,15374,2020-06-30,11,3,EMKR,0.049505,29408.0,3.18,0.049505
84636,15385,2020-06-30,11,3,WTFC,0.029745,57574.0,43.62,0.029745
84757,15441,2020-06-30,11,3,BKYI,0.19239,22181.0,0.89,0.19239
84761,15436,2020-06-30,11,3,TTWO,0.024969,114268.0,139.57001,0.024969
84519,15321,2020-06-30,11,1,CIEN,-0.019906,153644.0,54.16,-0.019906
84780,31979,2020-06-30,11,1,KNL,0.158144,50725.0,12.19,0.154356
84825,15490,2020-06-30,11,3,PBHC,-0.084454,4754.0,9.5399,-0.084454
84827,15471,2020-06-30,11,3,RMBS,-0.021879,113251.0,15.2,-0.021879
84734,15454,2020-06-30,11,1,FBC,0.004437,56730.0,29.43,0.004437
84737,15423,2020-06-30,11,3,GIFI,0.026756,15309.0,3.07,0.026756
85002,15507,2020-06-30,11,3,SRPT,0.052998,78432.0,160.34,0.052998
85013,15529,2020-06-30,11,2,INTT,0.059748,10433.0,3.37,0.059748
85020,15547,2020-06-30,11,3,PPBI,0.002775,94351.0,21.68,0.002775
84769,31967,2020-06-30,11,1,APH,-0.005178,295894.0,95.81,-0.007767
84788,15473,2020-06-30,11,3,AMZN,0.129567,501000.0,2758.82007,0.129567
85035,15506,2020-06-30,11,3,QRVO,0.05528,114354.0,110.53,0.05528
85176,15568,2020-06-30,11,3,DXPE,0.129325,17773.0,19.91,0.129325
85205,15580,2020-06-30,11,3,PRPH,-0.094969,11592.0,1.439,-0.094969
85059,31994,2020-06-30,11,1,FIX,0.101351,36471.0,40.75,0.101351
85067,32004,2020-06-30,11,1,MMS,-0.0218,61313.0,70.45,-0.0218
85072,32009,2020-06-30,11,1,RL,-0.039598,47777.0,72.52,-0.039598
85168,15563,2020-06-30,11,1,HLX,0.032738,150005.0,3.47,0.032738
85040,15534,2020-06-30,11,3,SLP,0.18058,17768.0,59.82,0.18058
85257,32054,2020-06-30,11,1,AME,-0.023553,229432.0,89.37,-0.025515
85269,32066,2020-06-30,11,1,VLO,-0.117347,407699.0,58.82,-0.117347
85177,15567,2020-06-30,11,1,EGHT,0.100413,103785.0,16.0,0.100413
85187,15560,2020-06-30,11,3,HSKA,0.059593,9415.0,93.17,0.059593
85198,15596,2020-06-30,11,3,OZK,0.043575,129350.0,23.47,0.043575
85293,15638,2020-06-30,11,3,ABIO,-0.474603,2268.0,6.62,-0.474603
85077,32014,2020-06-30,11,1,SRT,0.206651,38591.0,5.08,0.206651
85314,15632,2020-06-30,11,3,QADB,-0.036475,3321.0,-30.715,-0.038353
85246,32039,2020-06-30,11,1,JLL,0.010352,51631.0,103.46,0.010352
85348,32093,2020-06-30,11,1,YUM,-0.031428,300986.0,86.91,-0.031428
85349,32092,2020-06-30,11,1,MTOR,-0.028459,72259.0,19.8,-0.028459
85272,15658,2020-06-30,11,3,AEHR,0.184849,23107.0,1.955,0.184849
85401,15686,2020-06-30,11,3,SIGA,-0.013356,78619.0,5.91,-0.013356
85390,15697,2020-06-30,11,3,PLCE,-0.101345,14586.0,37.42,-0.101345
85394,15678,2020-06-30,11,3,PSMT,0.109415,30649.0,60.33,0.109415
85299,15657,2020-06-30,11,3,LKFN,0.091356,25233.0,46.59,0.091356
85332,32069,2020-06-30,11,2,BHB,0.135396,15534.0,22.39,0.135396
85372,15692,2020-06-30,11,3,FARO,-0.047619,17770.0,53.6,-0.047619
85418,32101,2020-06-30,11,3,CAC,0.029815,14963.0,34.54,0.029815
85419,32102,2020-06-30,11,1,CSU,0.075758,30698.0,0.71,0.075758
85424,32108,2020-06-30,11,1,DRQ,-0.019743,35061.0,29.79,-0.019743
85427,32111,2020-06-30,11,1,GPI,0.048141,18176.0,65.97,0.048141
85502,15745,2020-06-30,11,3,INVE,0.220096,17860.0,5.1,0.220096
85517,32132,2020-06-30,11,1,CHH,-0.023877,55357.0,78.9,-0.023877
85459,15758,2020-06-30,11,3,CHRW,-0.019228,134724.0,79.06,-0.025515
85539,15826,2020-06-30,11,3,CTHR,0.073529,28949.0,0.73,0.073529
85540,15800,2020-06-30,11,3,CTIB,1.199153,4436.0,2.595,1.199153
85488,15739,2020-06-30,11,3,OSIS,-0.014914,18012.0,74.64,-0.014914
85567,15841,2020-06-30,11,3,GEOS,-0.045685,13665.0,7.52,-0.045685
85440,32122,2020-06-30,11,1,SRI,0.003887,26993.0,20.66,0.003887
85593,32136,2020-06-30,11,1,AMG,0.119183,47238.0,74.56,0.119183
85621,32158,2020-06-30,11,1,MTD,0.01327,23908.0,805.54999,0.01327
85526,15849,2020-06-30,11,3,BASI,-0.055556,10964.0,5.015,-0.055556
85686,15802,2020-06-30,11,3,ASRT,-0.13136,107122.0,0.857,-0.13136
85464,15783,2020-06-30,11,3,CWST,0.022964,47382.0,52.12,0.022964
85656,32185,2020-06-30,11,3,MPB,-0.012326,8408.0,18.43,-0.012326
85663,32191,2020-06-30,11,1,URI,0.073079,72049.0,149.03999,0.073079
85710,15890,2020-06-30,11,3,POWI,0.090263,29876.0,118.13,0.090263
85570,7556,2020-06-30,11,3,CDZI,-0.082204,34797.0,10.16,-0.082204
85576,15843,2020-06-30,11,3,RNWK,-0.297297,38254.0,1.3,-0.297297
85586,7914,2020-06-30,11,3,ARKR,0.008163,3502.0,12.35,0.008163
85627,32164,2020-06-30,11,1,SAH,0.218036,30890.0,31.91,0.214231
85631,7623,2020-06-30,11,3,ADSK,0.136943,219184.0,239.19,0.136943
85738,15939,2020-06-30,11,3,MRCY,-0.119642,55599.0,78.66,-0.119642
85724,15934,2020-06-30,11,3,PRDO,-0.021499,69131.0,15.93,-0.021499
85725,15926,2020-06-30,11,3,CFFI,-0.06687,3648.0,33.25,-0.077414
85726,15916,2020-06-30,11,3,DENN,-0.068695,55709.0,10.1,-0.068695
85789,7784,2020-06-30,11,1,BXS,0.031264,104523.0,22.74,0.022942
85792,34660,2020-06-30,11,1,PWR,0.063634,137647.0,39.23,0.06228
85796,34665,2020-06-30,11,1,SCS,0.041451,87844.0,12.06,0.041451
85645,32174,2020-06-30,11,1,INGR,-0.007123,66973.0,83.0,-0.014603
85741,15933,2020-06-30,11,3,HOPE,-0.028963,123239.0,9.22,-0.028963
85744,15928,2020-06-30,11,3,RMTI,-0.088785,70157.0,1.95,-0.088785
85751,15921,2020-06-30,11,3,TSBK,0.013356,8311.0,18.21,0.013356
85757,34622,2020-06-30,11,2,ACY,0.04661,1546.0,2.47,0.04661
85768,34633,2020-06-30,11,3,IESC,-0.009829,21047.0,23.17,-0.009829
85731,15918,2020-06-30,11,3,HFWA,0.052632,35909.0,20.0,0.052632
85798,34666,2020-06-30,11,3,SBBX,0.159506,9432.0,19.7,0.159506
85875,31854,2020-06-30,11,3,IBOC,0.040286,63272.0,32.02,0.040286
85753,15940,2020-06-30,11,3,VRSN,-0.055614,115011.0,206.83,-0.055614
85926,34702,2020-06-30,11,1,SEE,0.028349,155663.0,32.85,0.023365
85931,34707,2020-06-30,11,1,WDR,0.189417,65623.0,15.51,0.189417
85966,16037,2020-06-30,11,3,CBAN,-0.074686,9499.0,11.77,-0.074686
85939,34715,2020-06-30,11,1,RLH,0.323864,25342.0,2.33,0.323864
85945,20898,2020-06-30,11,1,HEI,-0.031328,80570.0,81.24,-0.032281
85860,16026,2020-06-30,11,3,BRKL,0.083871,79317.0,10.08,0.083871
85863,16029,2020-06-30,11,3,COLM,0.102929,66148.0,80.58,0.102929
85992,16065,2020-06-30,11,3,MANH,0.065611,63519.0,94.2,0.065611
85883,15993,2020-06-30,11,3,NWFL,0.01225,6329.0,24.79,0.01225
85886,15994,2020-06-30,11,3,CNXN,0.071165,26126.0,46.36,0.071165
85889,15995,2020-06-30,11,3,SRDX,0.169281,13645.0,43.24,0.169281
85903,34680,2020-06-30,11,2,CIX,-0.010661,12443.0,13.82,-0.017768
85908,34684,2020-06-30,11,1,GRA,-0.026628,66172.0,50.81,-0.026628
85913,30005,2020-06-30,11,3,MAR,-0.031299,324300.0,85.73,-0.031299
85972,16066,2020-06-30,11,3,CRAI,-0.022035,7780.0,39.5,-0.022035
86051,16121,2020-06-30,11,3,AXTI,-0.100189,40889.0,4.76,-0.100189
86004,16035,2020-06-30,11,3,UMPQ,-0.065847,220219.0,10.64,-0.065847
86026,34751,2020-06-30,11,3,IOSP,0.002076,24569.0,77.25,0.002076
85914,7506,2020-06-30,11,1,BBY,0.1246,258309.0,87.27,0.117557
86080,16110,2020-06-30,11,2,PLX,0.134731,32443.0,3.79,0.134731
86083,16119,2020-06-30,11,3,IDXG,-0.07,4037.0,4.65,-0.07
86091,16107,2020-06-30,11,3,SBSI,-0.017021,33032.0,27.72,-0.017021
86092,16127,2020-06-30,11,3,CLAR,0.102857,29888.0,11.58,0.102857
85982,16075,2020-06-30,11,3,GRIF,0.341174,5131.0,54.17,0.341174
86113,34772,2020-06-30,11,2,AWX,0.175182,3264.0,1.61,0.175182
86062,16101,2020-06-30,11,3,EVOL,0.069307,12195.0,1.08,0.069307
86067,16115,2020-06-30,11,3,GNTY,0.025177,11014.0,25.87,0.017703
86158,16167,2020-06-30,11,3,CTSH,0.072076,542000.0,56.82,0.072076
86128,34788,2020-06-30,11,1,HZO,0.176563,21475.0,22.39,0.176563
86047,16080,2020-06-30,11,3,AMKR,0.163516,241236.0,12.31,0.163516
86048,16130,2020-06-30,11,3,HCKT,-0.01124,30049.0,13.54,-0.018129
86098,16113,2020-06-30,11,2,WYY,0.220175,85910.0,0.6955,0.220175
86102,34765,2020-06-30,11,1,FHI,0.070461,100938.0,23.7,0.070461
86122,34783,2020-06-30,11,3,ENG,-0.019048,27414.0,1.03,-0.019048
86124,7676,2020-06-30,11,3,BMTC,-0.003961,19928.0,27.66,-0.003961
86228,34838,2020-06-30,11,1,RSG,-0.035163,318312.0,82.05,-0.039902
86233,34843,2020-06-30,11,2,LEU,0.174269,8783.0,10.04,0.174269
86165,16147,2020-06-30,11,3,PEIX,0.064318,55482.0,0.7099,0.064318
86136,34798,2020-06-30,11,1,SRE,-0.063613,292545.0,117.23,-0.071887
86242,6653,2020-06-30,11,3,BELFB,0.145144,10234.0,10.73,0.145144
86302,34846,2020-06-30,11,3,HTBK,-0.076876,59857.0,7.505,-0.076876
86287,16222,2020-06-30,11,3,RBCAA,0.029516,18708.0,32.71,0.020593
86288,16188,2020-06-30,11,3,CSGP,0.082019,39367.0,710.66998,0.082019
86290,7721,2020-06-30,11,3,CVV,-0.023549,6640.0,3.0808,-0.023549
86211,16149,2020-06-30,11,3,MSTR,-0.049727,7651.0,118.29,-0.049727
86382,16290,2020-06-30,11,3,BUSE,0.041318,54516.0,18.65,0.041318
86384,16300,2020-06-30,11,3,CCNE,0.011851,15397.0,17.93,0.011851
86312,34857,2020-06-30,11,3,SAL,0.144972,2843.0,40.99,0.144972
86432,16313,2020-06-30,11,1,PB,-0.084875,92661.0,59.38,-0.09191
86356,16285,2020-06-30,11,3,EBAY,0.151735,705000.0,52.45,0.151735
86547,34964,2020-06-30,11,1,AXL,0.068917,113086.0,7.6,0.068917
86560,34977,2020-06-30,11,1,ETM,-0.173653,133983.0,1.38,-0.173653
86526,16365,2020-06-30,11,3,CFBK,-0.030209,5286.0,10.4301,-0.030209
86435,16310,2020-06-30,11,3,FNHC,-0.091879,13703.0,11.07,-0.091879
86444,34949,2020-06-30,11,3,INO,0.827119,158756.0,26.95,0.827119
86582,16374,2020-06-30,11,1,STL,-0.047155,194455.0,11.72,-0.047155
86474,6992,2020-06-30,11,3,RFIL,-0.160723,9758.0,4.66,-0.160723
86489,16332,2020-06-30,11,3,SNBR,0.3359,27725.0,41.64,0.3359
86763,16449,2020-06-30,11,3,AUTO,0.329897,13147.0,1.29,0.329897
86536,16357,2020-06-30,11,3,DFFN,-0.25,63998.0,0.975,-0.25
86544,16347,2020-06-30,11,3,BCOR,-0.060082,48034.0,11.42,-0.060082
86573,16367,2020-06-30,11,3,FCAP,0.134418,3378.0,69.47,0.130513
86578,16368,2020-06-30,11,3,GDEN,-0.268553,28124.0,8.92,-0.268553
86580,16382,2020-06-30,11,3,NVDA,0.070559,615000.0,379.91,0.070109
86593,34992,2020-06-30,11,1,GBL,0.031734,8666.0,13.31,0.030186
86594,2572,2020-06-30,11,1,KFY,0.015532,55044.0,30.73,0.015532
86717,16410,2020-06-30,11,3,EPAY,0.00336,42172.0,50.77,0.00336
86719,16402,2020-06-30,11,3,EWBC,0.03691,141486.0,36.24,0.03691
86778,16455,2020-06-30,11,3,MKSI,0.072044,55079.0,113.24,0.072044
86783,16454,2020-06-30,11,3,BKNG,-0.028718,40949.0,1592.33997,-0.028718
86799,35026,2020-06-30,11,1,CNX,-0.151129,187059.0,8.65,-0.151129
86820,16457,2020-06-30,11,3,CFFN,-0.060981,141512.0,11.01,-0.060981
86822,16466,2020-06-30,11,3,EXTR,0.315152,120517.0,4.34,0.315152
86827,16492,2020-06-30,11,3,HSII,-0.025248,19338.0,21.62,-0.025248
86728,16415,2020-06-30,11,3,MTEX,-0.037718,2101.0,14.8,-0.045777
86887,16526,2020-06-30,11,3,LOAN,0.04955,9627.0,4.66,0.04955
86916,16512,2020-06-30,11,3,UONE,14.458016,1582.0,20.25,14.458016
87006,16587,2020-06-30,11,3,UTHR,0.025858,44357.0,121.0,0.025858
86810,35037,2020-06-30,11,1,TREX,0.082834,57853.0,130.07001,0.082834
86814,16487,2020-06-30,11,3,AMNB,0.018101,10964.0,25.04,0.007241
86818,16470,2020-06-30,11,3,DHIL,0.082984,3213.0,113.67,0.082984
86949,35167,2020-06-30,11,1,SKX,0.001916,136174.0,31.38,0.001916
86868,35048,2020-06-30,11,1,GS,0.005751,343887.0,197.62,0.005751
86876,35057,2020-06-30,11,1,WCC,0.054354,50023.0,35.11,0.054354
86889,16506,2020-06-30,11,1,NLS,0.517185,29817.0,9.27,0.517185
86896,7871,2020-06-30,11,1,CBU,-0.03349,53458.0,57.02,-0.04039
87014,16578,2020-06-30,11,3,BSRR,0.002123,15193.0,18.88,0.002123
87016,16622,2020-06-30,11,3,PWFL,-0.017021,31019.0,4.62,-0.017021
86819,16488,2020-06-30,11,3,ATLC,-0.286897,15904.0,10.34,-0.286897
87043,5722,2020-06-30,11,3,QMCO,0.072222,39905.0,3.86,0.072222
86964,16561,2020-06-30,11,3,FFIV,-0.037538,61164.0,139.48,-0.037538
86965,16609,2020-06-30,11,3,FISI,0.066704,16038.0,18.61,0.052007
86979,16614,2020-06-30,11,1,JNPR,-0.057708,331352.0,22.86,-0.057708
86989,16606,2020-06-30,11,3,MEET,0.009709,72793.0,6.24,0.009709
86990,16581,2020-06-30,11,3,GEC,-0.008511,25530.0,2.33,-0.008511
87066,16650,2020-06-30,11,3,EGOV,-0.041978,67019.0,22.96,-0.045719
87067,16649,2020-06-30,11,3,FNLC,0.052887,10933.0,21.7,0.052887
87069,16640,2020-06-30,11,3,GCBC,0.012256,8513.0,22.3,0.012256
87034,35177,2020-06-30,11,1,LII,0.093154,38247.0,232.99001,0.089553
87084,16687,2020-06-30,11,2,VHC,-0.022556,70838.0,6.5,-0.022556
87086,16678,2020-06-30,11,3,PRFT,0.051116,32272.0,35.78,0.051116
87053,16636,2020-06-30,11,3,GNSS,0.061135,33491.0,4.86,0.061135
87055,7882,2020-06-30,11,3,COST,-0.017052,441524.0,303.20999,-0.017052
87056,16668,2020-06-30,11,3,BMRN,0.157579,181148.0,123.34,0.157579
87121,16631,2020-06-30,11,3,SALM,0.255835,21130.0,1.13,0.255835
87137,35222,2020-06-30,11,1,DVN,0.059204,382700.0,11.34,0.049029
87000,16612,2020-06-30,11,3,STMP,-0.072975,17414.0,183.69,-0.072975
87162,16695,2020-06-30,11,3,FLWS,-0.095754,35741.0,20.02,-0.095754
87075,16665,2020-06-30,11,3,JCOM,-0.19272,46893.0,63.21,-0.19272
87077,16641,2020-06-30,11,3,ECPG,0.075858,31288.0,34.18,0.075858
87078,16666,2020-06-30,11,3,MDRX,0.071203,162969.0,6.77,0.071203
87114,35205,2020-06-30,11,3,MBWM,-0.002616,16231.0,22.6,-0.014821
87179,16758,2020-06-30,11,3,NTCT,-0.06953,72455.0,25.56,-0.06953
87227,17135,2020-06-30,11,3,EGAN,0.067243,30821.0,11.11,0.067243
87299,17300,2020-06-30,11,3,AKAM,0.012193,162630.0,107.09,0.012193
87302,17210,2020-06-30,11,3,BSQR,0.081559,13155.0,1.59,0.081559
87318,17183,2020-06-30,11,3,EGBN,0.012052,32225.0,32.75,0.012052
87321,17298,2020-06-30,11,3,GAIA,0.070243,13773.0,8.38,0.070243
87364,17202,2020-06-30,11,3,QUIK,-0.373984,10912.0,3.08,-0.373984
87373,17395,2020-06-30,11,3,ALSK,0.068966,53823.0,2.79,0.068966
87267,36336,2020-06-30,11,1,BLK,0.036093,154262.0,544.09003,0.029226
87268,36337,2020-06-30,11,1,CIR,0.584577,19988.0,25.48,0.584577
87337,17303,2020-06-30,11,3,PLUG,0.950119,332909.0,8.21,0.950119
87437,36370,2020-06-30,11,2,EVI,0.104273,11914.0,21.71,0.104273
87439,36373,2020-06-30,11,3,IDN,0.229642,18028.0,7.55,0.229642
87356,17205,2020-06-30,11,1,WWE,-0.058353,46316.0,43.45,-0.060947
87361,17208,2020-06-30,11,3,PCTI,0.021407,18640.0,6.68,0.021407
87379,17317,2020-06-30,11,3,CLCT,0.541367,9240.0,34.28,0.541367
87269,36338,2020-06-30,11,3,CIZN,0.121778,5586.0,25.0,0.111111
87464,36557,2020-06-30,11,3,HBP,-0.124981,26894.0,1.13,-0.124981
87471,36564,2020-06-30,11,2,TGC,0.029795,10674.0,0.553,0.029795
87476,17669,2020-06-30,11,3,BMRC,-0.00951,13592.0,33.33,-0.00951
87426,7557,2020-06-30,11,1,LCII,0.168806,25136.0,114.98,0.162236
87430,17314,2020-06-30,11,3,KTOS,-0.157412,122510.0,15.63,-0.157412
87432,36364,2020-06-30,11,1,A,0.004652,308777.0,88.37,0.00261
87445,36380,2020-06-30,11,1,TDY,-0.16885,36664.0,310.95001,-0.16885
87447,36383,2020-06-30,11,1,UPS,0.115034,704117.0,111.18,0.115034
87501,17665,2020-06-30,11,3,MCBC,0.058187,34115.0,7.82,0.058187
87505,17469,2020-06-30,11,3,NKSH,-0.071429,6490.0,28.6,-0.071429
87394,17346,2020-06-30,11,3,IMMR,-0.07772,26864.0,6.23,-0.07772
87487,17502,2020-06-30,11,3,BGCP,0.064078,313323.0,2.74,0.064078
87488,17667,2020-06-30,11,3,FBSS,0.094231,3795.0,14.1,0.084615
87583,17936,2020-06-30,11,3,AGEN,0.053619,171417.0,3.93,0.053619
87589,17970,2020-06-30,11,3,BBGI,0.025317,11351.0,2.43,0.025317
87614,18304,2020-06-30,11,3,LBAI,0.02973,50463.0,11.43,0.02973
87508,17664,2020-06-30,11,3,NTWK,-0.153605,11875.0,2.7,-0.153605
87510,17473,2020-06-30,11,3,PFSW,0.126476,19943.0,6.68,0.126476
87532,20454,2020-06-30,11,3,RDI,0.214286,20068.0,4.25,0.214286
87533,20454,2020-06-30,11,3,RDIB,0.003039,1681.0,-16.505,0.003039
87656,36949,2020-06-30,11,3,ABEO,-0.119335,84781.0,2.915,-0.119335
87717,7232,2020-06-30,11,3,EXPD,-0.004321,166816.0,76.04,-0.004321
87789,18709,2020-06-30,11,3,LMNX,0.046855,45042.0,32.53,0.043967
87541,23511,2020-06-30,11,1,PKG,-0.008086,94843.0,99.8,-0.015876
87657,36952,2020-06-30,11,1,EW,-0.077385,619664.0,69.11,-0.077385
87658,36953,2020-06-30,11,2,EMAN,0.501903,61215.0,0.7891,0.501903
87659,36954,2020-06-30,11,1,EPC,0.024326,54339.0,31.16,0.024326
87725,7518,2020-06-30,11,3,IIIN,0.082153,19261.0,19.07,0.080453
87753,17489,2020-06-30,11,3,USIO,-0.148472,18595.0,1.95,-0.148472
87759,18404,2020-06-30,11,3,IKNX,0.021538,1976.0,3.4528,0.021538
88183,37177,2020-06-30,11,3,OPOF,0.011184,5221.0,15.25,0.003289
87842,37138,2020-06-30,11,1,MET,0.014163,907589.0,36.52,0.014163
87812,18455,2020-06-30,11,3,SLAB,0.070574,43687.0,100.27,0.070574
88031,7902,2020-06-30,11,3,MNST,-0.036017,527361.0,69.32,-0.036017
88152,37148,2020-06-30,11,3,CCMP,-0.033688,29034.0,139.53999,-0.036725
88195,37188,2020-06-30,11,3,SGMO,-0.199285,140988.0,8.96,-0.199285
88197,5440,2020-06-30,11,3,FULT,-0.049063,161900.0,10.53,-0.06066
88203,37195,2020-06-30,11,3,OSPN,0.374508,40329.0,27.93,0.374508
87952,6944,2020-06-30,11,3,GBCI,-0.143239,95409.0,35.29,-0.143239
88167,37161,2020-06-30,11,3,HSTM,-0.028534,31997.0,22.13,-0.028534
88173,37167,2020-06-30,11,3,LXRX,0.044503,107105.0,1.995,0.044503
88174,37168,2020-06-30,11,3,LPSN,0.106275,66022.0,41.43,0.106275
87832,37130,2020-06-30,11,2,APT,0.421687,13578.0,17.7,0.421687
88244,37508,2020-06-30,11,3,KGJI,-0.2882,11248.0,0.7118,-0.2882
88159,37154,2020-06-30,11,3,EXEL,-0.039255,308886.0,23.74,-0.039255
88280,37659,2020-06-30,11,1,BHLB,0.040666,50185.0,11.02,0.018484
88281,37660,2020-06-30,11,1,CRL,-0.029556,49487.0,174.35001,-0.029556
88208,37489,2020-06-30,11,3,CLSN,0.24,33229.0,3.72,0.24
88341,37716,2020-06-30,11,3,HWBK,0.045563,6236.0,19.69,0.039472
88343,37718,2020-06-30,11,3,PACW,0.138648,118375.0,19.71,0.138648
88177,37171,2020-06-30,11,3,SEEL,-0.178862,44405.0,1.01,-0.178862
88182,37176,2020-06-30,11,3,ON,0.201941,410021.0,19.82,0.201941
88368,37737,2020-06-30,11,3,PMBC,-0.036842,22160.0,3.66,-0.036842
88260,37524,2020-06-30,11,3,PXLW,-0.100279,40411.0,3.23,-0.100279
88319,37682,2020-06-30,11,3,VC,-0.048611,28000.0,68.5,-0.048611
88284,37664,2020-06-30,11,1,CYH,-0.044445,119665.0,3.01,-0.044445
88287,37666,2020-06-30,11,2,DLA,-0.015435,6890.0,12.12,-0.015435
88384,37750,2020-06-30,11,3,FUSB,-0.051701,6176.0,-6.94,-0.055782
88351,37726,2020-06-30,11,3,INSM,0.1338,101434.0,27.54,0.1338
88352,37727,2020-06-30,11,3,ISRG,-0.017585,117000.0,569.83002,-0.017585
88485,38389,2020-06-30,11,1,EVC,-0.03,59815.0,1.43,-0.046667
88372,16512,2020-06-30,11,3,UONEK,1.690141,37523.0,1.91,1.690141
88264,37528,2020-06-30,11,3,RBBN,-0.106818,144857.0,3.93,-0.106818
88332,37707,2020-06-30,11,3,CPST,0.290598,11024.0,3.02,0.290598
88417,37913,2020-06-30,11,3,ACLS,0.037244,33433.0,27.85,0.037244
88511,38412,2020-06-30,11,3,CRIS,0.448755,50639.0,1.21,0.448755
88518,38418,2020-06-30,11,3,APPS,0.957944,87511.0,12.57,0.957944
88504,38406,2020-06-30,11,3,BRKR,-0.060074,153078.0,40.68,-0.060074
88434,37929,2020-06-30,11,3,INFI,0.005111,57494.0,0.9046,0.005111
88439,37932,2020-06-30,11,3,ENTG,-0.013861,134746.0,59.05,-0.013861
88446,37938,2020-06-30,11,3,ILMN,0.020108,146000.0,370.35001,0.020108
88462,37952,2020-06-30,11,3,SAVA,0.439252,24919.0,3.08,0.439252
88466,37956,2020-06-30,11,3,SMTX,0.023649,28215.0,3.03,0.023649
88468,37958,2020-06-30,11,3,SPRT,0.093023,19079.0,1.41,0.093023
88471,37961,2020-06-30,11,3,PRPO,0.694713,14617.0,1.42,0.694713
88421,37917,2020-06-30,11,3,ARNA,0.053204,57575.0,62.95,0.053204
88534,38432,2020-06-30,11,3,ISSC,0.029866,16984.0,5.0,0.029866
88542,38439,2020-06-30,11,3,LTRX,0.027701,28231.0,3.71,0.027701
88597,39140,2020-06-30,11,1,POL,0.066687,91397.0,26.23,0.058515
88615,39150,2020-06-30,11,1,ITGR,-0.077419,32834.0,73.05,-0.077419
88620,39154,2020-06-30,11,3,AWH,0.174312,100525.0,3.84,0.174312
88626,39159,2020-06-30,11,3,DRRX,-0.008547,200577.0,2.32,-0.008547
88564,38459,2020-06-30,11,3,RTIX,0.169118,74601.0,3.18,0.169118
88568,38463,2020-06-30,11,3,SPTN,0.001518,35681.0,21.25,-0.007473
88661,40143,2020-06-30,11,1,TPR,-0.02353,276098.0,13.28,-0.02353
88664,7864,2020-06-30,11,3,JKHY,0.017527,76630.0,184.03,0.017527
88742,40213,2020-06-30,11,3,SHEN,-0.063106,49852.0,49.29,-0.063106
88648,39177,2020-06-30,11,3,TTMI,0.025065,106701.0,11.86,0.025065
88820,41007,2020-06-30,11,3,PGC,-0.005311,18905.0,18.73,-0.005311
88719,40193,2020-06-30,11,3,AMRB,0.044118,5938.0,10.65,0.044118
88839,41060,2020-06-30,11,3,HBIO,0.174242,38668.0,3.1,0.174242
88841,41062,2020-06-30,11,3,RGP,0.089172,32144.0,11.97,0.089172
88779,7343,2020-06-30,11,3,ICAD,-0.149063,22874.0,9.99,-0.149063
88807,40996,2020-06-30,11,3,INSG,0.092279,97018.0,11.6,0.092279
88863,41157,2020-06-30,11,3,EXAS,0.012343,149981.0,86.94,0.012343
88865,41159,2020-06-30,11,3,HAFC,0.075305,30658.0,9.71,0.075305
88905,41265,2020-06-30,11,3,ATRS,-0.041812,166085.0,2.75,-0.041812
88853,41080,2020-06-30,11,1,FLR,0.040482,140174.0,12.08,0.040482
88857,27610,2020-06-30,11,3,YORW,0.084239,13034.0,47.96,0.08018
88860,41154,2020-06-30,11,3,ALGN,0.117336,78781.0,274.44,0.117336
88895,41257,2020-06-30,11,1,MPX,0.231111,33972.0,13.85,0.231111
88897,41259,2020-06-30,11,1,OIS,0.120283,60941.0,4.75,0.120283
88810,40998,2020-06-30,11,3,RIGL,-0.063939,168929.0,1.83,-0.063939
88944,41388,2020-06-30,11,3,FCBC,0.050538,17710.0,22.45,0.050538
88871,41163,2020-06-30,11,2,MCF,-0.167273,131689.0,2.29,-0.167273
88873,41168,2020-06-30,11,1,GPN,-0.053903,299106.0,169.62,-0.054989
88963,8686,2020-06-30,11,3,DGICA,-0.002105,23511.0,14.22,-0.002105
88965,41460,2020-06-30,11,3,CIVB,0.010499,16053.0,15.4,0.010499
88912,7720,2020-06-30,11,3,IBCP,0.07453,21880.0,14.85,0.07453
88924,41367,2020-06-30,11,1,FLO,-0.043663,211574.0,22.36,-0.052141
88984,41564,2020-06-30,11,3,UBFO,0.091354,16977.0,6.69,0.091354
88988,14442,2020-06-30,11,1,IDT,0.029969,24975.0,6.53,0.029969
89003,41673,2020-06-30,11,1,FIS,-0.031621,617834.0,134.09,-0.034143
89006,41680,2020-06-30,11,3,MDLZ,-0.013526,1428055.0,51.13,-0.018995
88949,41391,2020-06-30,11,3,SGEN,0.080847,173865.0,169.92,0.080847
88951,41393,2020-06-30,11,3,UBOH,0.175702,3270.0,18.0,0.175702
89022,41698,2020-06-30,11,3,GLBZ,-0.017977,2834.0,8.4945,-0.017977
88970,41464,2020-06-30,11,3,SHBI,0.109,12526.0,11.09,0.109
89063,41860,2020-06-30,11,1,KFS,0.003318,22959.0,2.2374,0.003318
89070,41870,2020-06-30,11,1,ZBH,-0.053348,206802.0,119.36,-0.055248
88994,41584,2020-06-30,11,2,RVP,0.290441,32682.0,7.02,0.290441
89002,41671,2020-06-30,11,1,ADS,-0.026117,47628.0,45.12,-0.026117
89109,41979,2020-06-30,11,3,MFNC,-0.013321,10534.0,10.37,-0.013321
89029,41702,2020-06-30,11,3,MOSY,0.249488,3534.0,1.83,0.249488
89031,41562,2020-06-30,11,3,AAXN,0.291864,63468.0,98.13,0.291864
89167,42265,2020-06-30,11,3,CCRN,0.014827,37566.0,6.16,0.014827
89169,40199,2020-06-30,11,3,DCTH,0.31242,3522.0,10.25,0.31242
89141,42114,2020-06-30,11,3,PLPC,0.011686,4935.0,50.01,0.007657
89195,42285,2020-06-30,11,3,PFG,0.075609,274000.0,41.54,0.075609
89202,33945,2020-06-30,11,3,SBFG,0.075032,7656.0,16.62,0.075032
89110,41980,2020-06-30,11,3,OMCL,0.055448,42757.0,70.62,0.055448
89134,42001,2020-06-30,11,1,OVV,0.254064,259821.0,9.55,0.241873
89211,42396,2020-06-30,11,3,PWOD,0.073159,7042.0,22.71,0.058248
89036,41813,2020-06-30,11,3,NTUS,0.019626,33872.0,21.82,0.019626
89038,41815,2020-06-30,11,2,EVBN,-0.048282,5376.0,23.26,-0.048282
89044,41820,2020-06-30,11,3,PDFS,0.146542,32982.0,19.56,0.146542
89179,42273,2020-06-30,11,1,ANTM,-0.102615,252116.0,262.98001,-0.105845
89155,2801,2020-06-30,11,1,MKC,0.012251,9277.0,177.64999,0.012251
89269,42540,2020-06-30,11,1,CNC,-0.040755,579129.0,63.55,-0.040755
89270,42541,2020-06-30,11,3,FCCY,-0.034268,10219.0,12.4,-0.034268
89244,42430,2020-06-30,11,3,WW,0.061925,67980.0,25.38,0.061925
89323,42912,2020-06-30,11,3,UCBI,0.038363,78335.0,20.12,0.029156
89215,42400,2020-06-30,11,1,AMN,0.019838,46976.0,45.24,0.019838
89216,42401,2020-06-30,11,1,AYI,0.111317,39637.0,95.74,0.111317
89217,42402,2020-06-30,11,1,AAP,0.024261,69101.0,142.45,0.022466
89297,42769,2020-06-30,11,3,CCOI,0.010978,47279.0,77.36,0.010978
89301,42775,2020-06-30,11,1,GME,0.068966,64759.0,4.34,0.068966
89252,42517,2020-06-30,11,3,FVE,0.051213,31574.0,3.9,0.051213
89258,42524,2020-06-30,11,1,PRU,-0.000984,395000.0,60.9,-0.000984
89262,42533,2020-06-30,11,3,WNEB,0.096591,25644.0,5.79,0.096591
89279,42549,2020-06-30,11,3,UNB,-0.044898,4475.0,18.72,-0.044898
89290,42651,2020-06-30,11,3,SYNA,-0.056497,34122.0,60.12,-0.056497
89327,42915,2020-06-30,11,1,ABG,0.069867,19290.0,77.33,0.069867
89369,43014,2020-06-30,11,1,LCI,-0.05098,40351.0,7.26,-0.05098
89307,42784,2020-06-30,11,3,MANT,-0.11487,27144.0,68.49,-0.118986
89317,21022,2020-06-30,11,1,TCI,0.486139,8718.0,30.02,0.486139
89411,43166,2020-06-30,11,3,ELOX,-0.106195,40135.0,3.03,-0.106195
89413,43250,2020-06-30,11,3,BGFV,0.043011,21901.0,1.94,0.043011
89393,43145,2020-06-30,11,3,NFLX,0.084126,441015.0,455.04001,0.084126
89394,43146,2020-06-30,11,3,OSTK,0.547632,40332.0,28.43,0.547632
89395,43147,2020-06-30,11,3,PNFP,0.053702,75800.0,41.99,0.053702
89353,42997,2020-06-30,11,3,JBLU,0.082423,272426.0,10.9,0.082423
89455,14705,2020-06-30,11,3,RUSHA,-0.003844,27728.0,41.46,-0.003844
89443,43281,2020-06-30,11,1,WHG,-0.111675,8500.0,15.75,-0.111675
89445,43249,2020-06-30,11,3,BDSI,-0.087866,100901.0,4.36,-0.087866
89387,43140,2020-06-30,11,3,CPSI,0.030289,14512.0,22.79,0.030289
89416,43253,2020-06-30,11,3,HOFT,0.203068,11871.0,19.45,0.193252
89424,43260,2020-06-30,11,3,SVBI,0.068853,12813.0,6.48,0.062295
89397,43149,2020-06-30,11,3,VRNT,-0.025663,64526.0,45.18,-0.025663
89406,43159,2020-06-30,11,1,NPO,0.099157,20515.0,49.29,0.09339
89456,7459,2020-06-30,11,3,LYTS,0.053746,26286.0,6.47,0.053746
89447,43326,2020-06-30,11,3,CVGW,0.075201,17600.0,62.91,0.075201
89449,43328,2020-06-30,11,3,KIRK,1.39823,14015.0,2.71,1.39823
89482,43449,2020-06-30,11,1,BANC,-0.005479,49681.0,10.83,-0.010959
89425,43261,2020-06-30,11,3,WTBA,-0.008503,16469.0,17.49,-0.008503
89540,43626,2020-06-30,11,1,DKS,0.15287,65156.0,41.26,0.144204
89546,43631,2020-06-30,11,1,NGS,0.001597,13462.0,6.27,0.001597
89525,43613,2020-06-30,11,3,CMCSA,-0.009848,4558656.0,38.98,-0.015657
89506,43508,2020-06-30,11,3,SAIA,0.025267,26149.0,111.18,0.025267
89508,43519,2020-06-30,11,1,KMX,0.017036,162755.0,89.55,0.017036
89509,43520,2020-06-30,11,1,XEC,0.046043,102101.0,27.49,0.046043
89572,43688,2020-06-30,11,3,CEVA,0.085582,22037.0,37.42,0.085582
89453,43332,2020-06-30,11,3,RRGB,-0.264069,15512.0,10.2,-0.264069
89606,43722,2020-06-30,11,3,SWBI,0.820643,55520.0,21.52,0.820643
89548,43633,2020-06-30,11,1,DS,0.039326,67071.0,1.85,0.039326
89653,43857,2020-06-30,11,1,PFS,0.108979,65909.0,14.45,0.108979
89655,43861,2020-06-30,11,3,NVEC,0.021477,4835.0,61.83,0.021477
89533,43620,2020-06-30,11,3,WYNN,-0.105548,107870.0,74.49,-0.105548
89698,43976,2020-06-30,11,3,HSON,0.016166,2685.0,8.8,0.016166
89573,43689,2020-06-30,11,3,PKBK,-0.026581,11849.0,13.55,-0.026581
89574,43690,2020-06-30,11,3,PRAA,0.13306,45579.0,38.66,0.13306
89575,43691,2020-06-30,11,3,SAFT,0.000262,15143.0,76.26,0.000262
89576,43692,2020-06-30,11,3,VBFC,0.02941,1454.0,30.8823,0.02941
89611,14801,2020-06-30,11,3,ACTG,0.579151,49306.0,4.09,0.579151
89643,43845,2020-06-30,11,3,FCCO,0.023649,7486.0,15.15,0.023649
89753,44115,2020-06-30,11,3,FORM,0.165276,76501.0,29.33,0.165276
89781,44184,2020-06-30,11,1,MOH,-0.042191,59200.0,177.98,-0.042191
89626,43791,2020-06-30,11,3,CME,-0.105203,357727.0,162.53999,-0.109858
89810,44272,2020-06-30,11,1,GPK,-0.027989,279317.0,13.99,-0.033172
89790,3021,2020-06-30,11,3,TELL,0.150115,284293.0,1.15,0.150115
89792,44168,2020-06-30,11,3,CVCO,0.013986,9177.0,192.85001,0.013986
89731,21095,2020-06-30,11,1,LEN,0.026961,37623.0,46.09,0.026961
89736,44055,2020-06-30,11,3,HTLF,0.044674,36845.0,33.44,0.044674
89741,44059,2020-06-30,11,3,OPHC,0.304813,2951.0,2.44,0.304813
89756,44117,2020-06-30,11,3,MARK,-0.106061,99409.0,2.36,-0.106061
89857,27321,2020-06-30,11,2,MXC,0.091514,2040.0,3.28,0.091514
89824,44290,2020-06-30,11,3,PRSC,-0.019752,13969.0,78.91,-0.019752
89826,44292,2020-06-30,11,3,TCBI,0.153587,50436.0,30.87,0.153587
89828,44293,2020-06-30,11,3,UVSP,-0.006083,29202.0,16.14,-0.018248
89875,44505,2020-06-30,11,3,ANIP,0.041211,12322.0,32.34,0.041211
89800,44176,2020-06-30,11,3,NTGR,0.006218,29904.0,25.89,0.006218
89908,44619,2020-06-30,11,3,CONN,0.397507,29021.0,10.09,0.397507
89913,44623,2020-06-30,11,3,MRLN,0.129506,11942.0,8.46,0.129506
89866,44497,2020-06-30,11,3,LKQ,-0.045885,304034.0,26.2,-0.045885
89935,44689,2020-06-30,11,3,MEIP,0.129959,111514.0,4.13,0.129959
89841,7850,2020-06-30,11,1,CNO,0.09338,143617.0,15.57,0.085017
89952,44705,2020-06-30,11,1,CMP,0.011831,33905.0,48.75,0.011831
89876,44506,2020-06-30,11,1,CRI,-0.060645,43606.0,80.7,-0.060645
89889,44600,2020-06-30,11,3,CIDM,1.247059,103293.0,1.91,1.247059
89891,44602,2020-06-30,11,3,APYX,0.25,34202.0,5.55,0.25
89898,44608,2020-06-30,11,3,OMEX,0.051219,9542.0,4.5728,0.051219
89915,7301,2020-06-30,11,3,MGRC,-0.031385,24085.0,54.01,-0.031385
89916,44625,2020-06-30,11,3,NXST,0.004561,45287.0,83.69,0.004561
89922,44631,2020-06-30,11,3,XPER,0.073455,108148.0,14.76,0.073455
89941,44695,2020-06-30,11,3,TZOO,-0.078431,11310.0,5.64,-0.078431
89946,44699,2020-06-30,11,1,AEL,0.139235,91526.0,24.71,0.139235
89948,44702,2020-06-30,11,2,CKX,0.045739,1942.0,-8.345,0.045739
90012,44816,2020-06-30,11,3,PETS,-0.012742,20166.0,35.64,-0.012742
89960,44712,2020-06-30,11,1,KRO,0.085041,115529.0,10.41,0.066598
90455,45879,2020-06-30,11,3,MPWR,0.1323,44911.0,237.0,0.129917
89964,44717,2020-06-30,11,1,NNI,-0.031447,27904.0,47.74,-0.031447
90011,25268,2020-06-30,11,3,MGLN,-0.026804,25310.0,72.98,-0.026804
89900,44612,2020-06-30,11,1,SNX,0.123019,50852.0,119.77,0.123019
89901,44613,2020-06-30,11,1,WLL,0.614516,91412.0,1.13,0.614516
89925,44633,2020-06-30,11,3,DZSI,0.214966,21559.0,8.93,0.214966
90029,44885,2020-06-30,11,3,DVAX,0.449346,109503.0,8.87,0.449346
89968,44721,2020-06-30,11,1,PIPR,-0.008048,17950.0,59.16,-0.008048
89971,44726,2020-06-30,11,1,TPX,0.10302,51538.0,71.95,0.10302
89973,44727,2020-06-30,11,1,UTI,-0.062078,32605.0,6.95,-0.062078
90071,37496,2020-06-30,11,1,NRG,-0.09681,244087.0,32.56,-0.09681
90077,44990,2020-06-30,11,2,COHN,1.732573,1247.0,9.42,1.732573
90081,44994,2020-06-30,11,3,CUTR,-0.083584,17568.0,12.17,-0.083584
90082,44995,2020-06-30,11,3,CVCY,0.021912,12495.0,15.39,0.021912
90125,45081,2020-06-30,11,3,CORT,0.110964,115558.0,16.82,0.110964
90175,45186,2020-06-30,11,1,XPO,-0.019794,91126.0,77.25,-0.019794
90126,45082,2020-06-30,11,3,CYTK,0.138098,70505.0,23.57,0.138098
90031,44887,2020-06-30,11,3,ONCT,-0.071895,17336.0,2.84,-0.071895
90037,44892,2020-06-30,11,1,HTH,-0.012841,90208.0,18.45,-0.012841
90088,44998,2020-06-30,11,3,MCHX,0.019355,38892.0,1.58,0.019355
90090,44999,2020-06-30,11,3,SBNY,0.038966,53568.0,106.92,0.038966
90097,45004,2020-06-30,11,3,UCTT,0.091655,40300.0,22.63,0.091655
90213,45286,2020-06-30,11,3,MGI,0.315574,63557.0,3.21,0.315574
90177,45190,2020-06-30,11,3,ACAD,-0.024356,157383.0,48.47,-0.024356
90178,45191,2020-06-30,11,3,ALNY,0.094921,115647.0,148.11,0.094921
90179,45192,2020-06-30,11,3,ANGO,-0.003918,38079.0,10.17,-0.003918
90162,45174,2020-06-30,11,1,GNW,-0.242623,505126.0,2.31,-0.242623
90164,45176,2020-06-30,11,1,GHL,0.007021,18783.0,9.99,0.002006
90038,44893,2020-06-30,11,1,AIZ,0.006921,59652.0,103.29,0.006921
90221,45295,2020-06-30,11,3,BOCH,0.0,16739.0,7.58,-0.006553
90223,45297,2020-06-30,11,3,DRAD,0.359223,4689.0,2.8,0.359223
90098,45005,2020-06-30,11,3,CYCC,-0.073705,4864.0,4.65,-0.073705
90101,45058,2020-06-30,11,3,SVRA,0.020492,52823.0,2.49,0.020492
90249,45380,2020-06-30,11,1,ENS,0.019826,42452.0,64.38,0.017062
90288,45428,2020-06-30,11,3,NURO,-0.014423,3785.0,2.05,-0.014423
90215,45288,2020-06-30,11,1,CRM,0.071743,901000.0,187.33,0.071743
90188,45197,2020-06-30,11,3,NUVA,-0.081518,51251.0,55.66,-0.081518
90194,45203,2020-06-30,11,3,SP,0.016691,23022.0,20.71,0.016691
90199,45270,2020-06-30,11,1,CBRE,0.028195,335167.0,45.22,0.028195
90170,45180,2020-06-30,11,2,OGEN,0.228182,55363.0,0.6938,0.228182
90312,45475,2020-06-30,11,1,WLK,0.124738,127672.0,53.65,0.124738
90313,45477,2020-06-30,11,3,CAAS,0.489691,31174.0,2.89,0.489691
90314,45478,2020-06-30,11,3,CVGI,0.142293,30986.0,2.89,0.142293
90233,45305,2020-06-30,11,3,MNTA,0.056862,118595.0,33.27,0.056862
90303,45467,2020-06-30,11,1,CNS,0.07081,47767.0,68.05,0.07081
90276,45417,2020-06-30,11,3,BLKB,-0.026105,49568.0,57.08,-0.026105
90285,45425,2020-06-30,11,3,MNKD,0.15894,228928.0,1.75,0.15894
90353,45555,2020-06-30,11,3,BECN,0.07108,68871.0,26.37,0.07108
90358,45559,2020-06-30,11,3,SFST,-0.046456,7735.0,27.71,-0.046456
90319,45483,2020-06-30,11,3,GOOGL,-0.010792,300221.0,1418.05005,-0.010792
90325,45488,2020-06-30,11,2,STXS,0.079903,72701.0,4.46,0.079903
90248,45379,2020-06-30,11,1,DPZ,-0.040483,39118.0,369.44,-0.042505
90400,45708,2020-06-30,11,3,ADES,-0.037698,18492.0,4.85,-0.037698
90386,45695,2020-06-30,11,1,MOS,0.038875,379020.0,12.51,0.03474
90387,45696,2020-06-30,11,1,RTW,-0.554543,65300.0,0.2005,-0.554543
90476,45998,2020-06-30,11,3,CHCI,0.202586,7856.0,2.79,0.202586
90427,45732,2020-06-30,11,3,TXRH,0.013886,69404.0,52.57,0.013886
90436,45865,2020-06-30,11,3,HALO,0.104656,136671.0,26.81,0.104656
90440,45869,2020-06-30,11,1,NP,-0.021756,16791.0,49.46,-0.021756
90366,45566,2020-06-30,11,1,STON,0.052404,117795.0,0.7772,0.052404
90371,45680,2020-06-30,11,1,BBW,-0.039648,15440.0,2.18,-0.039648
90454,45878,2020-06-30,11,3,MKTX,-0.015081,37938.0,500.92001,-0.015081
90409,45716,2020-06-30,11,3,HURN,-0.04345,22866.0,44.25,-0.04345
90490,44891,2020-06-30,11,3,TBBK,0.113636,57555.0,9.8,0.113636
90444,45871,2020-06-30,11,1,ORA,-0.128004,51036.0,63.49,-0.128004
90377,7317,2020-06-30,11,1,ONTO,0.095238,48552.0,34.04,0.095238
90520,46091,2020-06-30,11,1,CE,-0.039707,118229.0,86.34,-0.039707
90533,46102,2020-06-30,11,1,WTI,-0.126437,141778.0,2.28,-0.126437
90534,46103,2020-06-30,11,3,CZNC,0.076642,13807.0,20.65,0.076642
90458,3309,2020-06-30,11,1,NWE,-0.083167,50495.0,54.52,-0.093147
90464,45886,2020-06-30,11,3,SPOK,-0.089581,19024.0,9.35,-0.089581
90470,45993,2020-06-30,11,3,ATLO,-0.017911,9123.0,19.74,-0.017911
90423,45728,2020-06-30,11,3,INVA,0.000716,101392.0,13.98,0.000716
90494,46014,2020-06-30,11,1,HPR,0.229167,215064.0,0.295,0.229167
90496,46016,2020-06-30,11,1,BXC,0.242029,9369.0,8.57,0.242029
90505,46024,2020-06-30,11,1,LVS,-0.050063,763730.0,45.54,-0.050063
90507,46026,2020-06-30,11,1,MIC,0.081015,86854.0,30.69,0.081015
90634,46441,2020-06-30,11,1,AX,0.012844,59656.0,22.08,0.012844
90600,46281,2020-06-30,11,3,KRNY,-0.036173,83663.0,8.18,-0.045508
90601,46282,2020-06-30,11,3,NDAQ,0.012663,164249.0,119.47,0.008526
90603,46284,2020-06-30,11,3,PFBC,0.140538,14934.0,42.85,0.140538
90604,46285,2020-06-30,11,3,MTEM,-0.111469,45779.0,13.79,-0.111469
90636,46443,2020-06-30,11,3,KFFB,-0.043909,8252.0,6.75,-0.043909
90637,46444,2020-06-30,11,3,PBIP,-0.009002,8147.0,12.04,-0.01473
90539,46107,2020-06-30,11,3,PTE,0.269971,38497.0,1.24,0.269971
90542,46110,2020-06-30,11,3,EYPT,-0.119767,125198.0,0.757,-0.119767
90544,46112,2020-06-30,11,3,SMMF,-0.008929,12922.0,16.48,-0.019048
90562,33,2020-06-30,11,1,TAP,0.005149,5286.0,-56.61,0.005149
90564,46162,2020-06-30,11,1,PBH,-0.109953,50189.0,37.56,-0.109953
90568,46168,2020-06-30,11,3,MNTX,0.161215,19767.0,4.97,0.161215
90569,46169,2020-06-30,11,1,WEX,0.11433,43511.0,165.00999,0.11433
90664,46559,2020-06-30,11,3,DXCM,0.071608,95400.0,405.39999,0.071608
90672,46566,2020-06-30,11,3,RAIL,0.033333,13319.0,1.24,0.033333
90605,46287,2020-06-30,11,3,ULH,0.169583,26919.0,17.38,0.169583
90608,46418,2020-06-30,11,2,INUV,0.246732,75399.0,0.5341,0.246732
90640,46446,2020-06-30,11,3,AYRO,-0.081967,16510.0,2.8,-0.081967
90548,46146,2020-06-30,11,1,ARC,-0.019608,43469.0,1.0,-0.019608
90550,46149,2020-06-30,11,1,DLB,0.084637,64434.0,65.87,0.084637
90590,46272,2020-06-30,11,3,EBTC,0.033854,11911.0,23.82,0.033854
90591,46273,2020-06-30,11,3,EFSC,0.065713,26196.0,31.12,0.059585
90715,46697,2020-06-30,11,3,ZUMZ,0.123512,25431.0,27.38,0.123512
90716,46701,2020-06-30,11,3,ATSG,0.03389,59590.0,22.27,0.03389
90679,46668,2020-06-30,11,3,JVA,0.067616,5569.0,3.0,0.067616
90682,46671,2020-06-30,11,3,DYAI,0.422003,27482.0,8.66,0.422003
90706,46691,2020-06-30,11,3,CTRN,0.245074,10617.0,20.22,0.245074
90708,46692,2020-06-30,11,3,MORN,-0.080551,42921.0,140.97,-0.080551
90710,46694,2020-06-30,11,3,PLBC,0.155695,5179.0,22.12,0.155695
90735,46858,2020-06-30,11,3,LINC,0.0,26476.0,3.9,0.0
90751,46874,2020-06-30,11,1,DBI,0.104405,64375.0,6.77,0.104405
90558,46156,2020-06-30,11,1,HUN,-0.000964,220534.0,17.97,-0.009917
90776,46890,2020-06-30,11,1,WAL,-0.00734,100851.0,37.87,-0.00734
90783,46992,2020-06-30,11,1,FTK,0.22449,70431.0,1.2,0.22449
90718,46844,2020-06-30,11,3,BFIN,-0.07489,14891.0,8.4,-0.07489
90720,46846,2020-06-30,11,3,BLDR,-0.005286,116701.0,20.7,-0.005286
90734,46857,2020-06-30,11,3,LHCG,0.072673,31122.0,174.32001,0.072673
90775,46889,2020-06-30,11,1,THS,-0.169038,56434.0,43.8,-0.169038
90803,47009,2020-06-30,11,3,CNSL,0.117162,73058.0,6.77,0.117162
90805,47011,2020-06-30,11,3,DISCA,-0.029885,160000.0,21.1,-0.029885
90806,47011,2020-06-30,11,3,DISCB,0.027027,7000.0,38.0,0.027027
90808,47013,2020-06-30,11,3,EXPE,0.034222,135691.0,82.2,0.034222
90756,7765,2020-06-30,11,1,OSK,-0.002785,68071.0,71.62,-0.002785
90856,47203,2020-06-30,11,3,ATRC,-0.05982,44939.0,44.95,-0.05982
90907,47447,2020-06-30,11,3,SNSS,-0.324615,180931.0,0.2634,-0.324615
90880,47422,2020-06-30,11,1,AMP,0.071179,122337.0,150.03999,0.071179
90885,47428,2020-06-30,11,1,EVRI,-0.169082,85321.0,5.16,-0.169082
90926,46994,2020-06-30,11,3,ALT,0.154095,25437.0,10.71,0.154095
90825,47179,2020-06-30,11,1,ACCO,0.147011,94462.0,7.1,0.147011
90868,47214,2020-06-30,11,3,OFLX,0.034213,10094.0,105.8,0.034213
90870,47216,2020-06-30,11,3,ROLL,-0.046996,25072.0,134.03999,-0.046996
90871,47217,2020-06-30,11,3,RUTH,0.006165,34144.0,8.16,0.006165
90925,47864,2020-06-30,11,1,FNF,-0.028527,299014.0,30.66,-0.038872
90949,47877,2020-06-30,11,3,FBIZ,-0.006042,8575.0,16.45,-0.006042
90971,48773,2020-06-30,11,3,IRBT,0.13809,27998.0,83.9,0.13809
90829,47183,2020-06-30,11,1,CF,-0.04188,213797.0,28.14,-0.04188
90989,48787,2020-06-30,11,1,CCO,0.076828,467305.0,1.04,0.076828
90993,48793,2020-06-30,11,1,ICE,-0.055013,547222.0,91.6,-0.058098
91068,50184,2020-06-30,11,1,CMG,0.048261,27891.0,1052.35999,0.048261
90875,47220,2020-06-30,11,3,UEPS,-0.016181,57119.0,3.04,-0.016181
91015,49991,2020-06-30,11,3,BCBP,-0.032325,17057.0,9.28,-0.032325
91041,50016,2020-06-30,11,1,LYV,-0.098251,215260.0,44.33,-0.098251
90952,47880,2020-06-30,11,3,ISBC,-0.020737,249909.0,8.5,-0.020737
90955,47883,2020-06-30,11,3,SSKN,-0.072581,33755.0,1.15,-0.072581
90978,48778,2020-06-30,11,3,SPWR,0.060942,170059.0,7.66,0.060942
90979,48779,2020-06-30,11,1,UAA,0.113143,188452.0,9.74,0.113143
91080,50199,2020-06-30,11,3,HEES,0.07818,35913.0,18.48,0.07818
91083,50202,2020-06-30,11,3,MGYR,-0.053411,5811.0,8.95,-0.053411
91018,49994,2020-06-30,11,3,CORE,-0.108113,45086.0,24.955,-0.108113
91021,49997,2020-06-30,11,3,PSTV,0.325,4274.0,2.12,0.325
91024,50000,2020-06-30,11,3,LORL,0.036644,21427.0,19.52,0.036644
91090,50293,2020-06-30,11,3,CROX,0.285166,67500.0,36.82,0.285166
91095,50297,2020-06-30,11,3,LQDT,0.043783,34022.0,5.96,0.043783
90961,47887,2020-06-30,11,3,WSBF,-0.004698,25843.0,14.83,-0.004698
90963,48766,2020-06-30,11,3,AMSF,0.000815,19331.0,61.16,-0.003584
90983,7788,2020-06-30,11,3,PEBK,0.018286,5788.0,17.67,0.009714
90988,48786,2020-06-30,11,1,BKD,-0.193989,183164.0,2.95,-0.193989
91128,50323,2020-06-30,11,3,GPOR,-0.278146,160100.0,1.09,-0.278146
91201,50471,2020-06-30,11,2,IGC,0.024632,39320.0,0.599,0.024632
91086,50290,2020-06-30,11,3,ACOR,-0.017389,47705.0,0.7346,-0.017389
91152,50481,2020-06-30,11,1,TDG,0.040558,54072.0,442.04999,0.040558
91176,50594,2020-06-30,11,3,LSBK,0.09767,5877.0,12.25,0.09767
91184,50600,2020-06-30,11,3,CBIO,-0.185853,22051.0,5.87,-0.185853
91186,50601,2020-06-30,11,3,VNDA,-0.023891,54628.0,11.44,-0.023891
91103,21793,2020-06-30,11,3,UAL,0.234308,290982.0,34.61,0.234308
91114,50314,2020-06-30,11,1,KOP,0.136995,20982.0,18.84,0.136995
91233,50700,2020-06-30,11,1,MA,-0.017249,993041.0,295.70001,-0.017249
91234,50701,2020-06-30,11,1,MWA,0.009636,157762.0,9.43,0.009636
91204,21430,2020-06-30,11,1,POR,-0.10433,89489.0,41.81,-0.112503
91215,50694,2020-06-30,11,1,DK,-0.114896,73518.0,17.41,-0.114896
91161,50489,2020-06-30,11,3,GPRE,0.194737,35653.0,10.215,0.194737
91269,50727,2020-06-30,11,3,CBAT,0.583333,63658.0,0.76,0.583333
91274,50731,2020-06-30,11,3,FBMS,0.061822,21395.0,22.5,0.061822
91287,27739,2020-06-30,11,3,GROW,-0.089713,13011.0,1.9,-0.090909
91299,50609,2020-06-30,11,3,GFN,0.131535,29969.0,6.71,0.131535
91392,50965,2020-06-30,11,1,WYND,-0.098113,85135.0,28.18,-0.113836
91395,50969,2020-06-30,11,3,CBLI,0.253659,12928.0,2.57,0.253659
91359,50864,2020-06-30,11,3,LUNA,-0.042623,30798.0,5.84,-0.042623
91360,50865,2020-06-30,11,3,SLCT,0.085333,17863.0,8.14,0.085333
91363,50867,2020-06-30,11,1,PGTI,0.152094,58926.0,15.68,0.152094
91365,50869,2020-06-30,11,3,CSII,-0.185176,39676.0,31.55,-0.185176
91237,50706,2020-06-30,11,3,VG,0.044652,245455.0,10.06,0.044652
91262,13927,2020-06-30,11,3,AAWW,0.101638,26136.0,43.03,0.101638
91403,23285,2020-06-30,11,3,KALU,0.026063,15812.0,73.62,0.026063
91408,50979,2020-06-30,11,3,SSBI,-0.164804,6070.0,8.97,-0.164804
91348,50854,2020-06-30,11,3,ATEC,0.05618,64052.0,4.7,0.05618
91349,50855,2020-06-30,11,3,CLUB,-0.349398,29715.0,0.54,-0.349398
91355,50860,2020-06-30,11,1,HIL,0.034014,55984.0,1.52,0.034014
91356,50861,2020-06-30,11,3,HOMB,0.062889,165206.0,15.38,0.062889
91277,41998,2020-06-30,11,3,QRTEA,0.153613,387468.0,9.5,0.153613
91278,41998,2020-06-30,11,3,QRTEB,0.168689,29381.0,-9.63,0.168689
91279,50732,2020-06-30,11,3,PRTK,0.175676,45308.0,5.22,0.175676
91283,50735,2020-06-30,11,2,BATL,0.64076,16204.0,9.5,0.64076
91402,29717,2020-06-30,11,3,GTLS,0.235414,35227.0,48.49,0.235414
91432,51110,2020-06-30,11,3,INWK,0.109244,52688.0,1.32,0.109244
91366,50870,2020-06-30,11,3,SNCR,0.295413,44457.0,3.53,0.295413
91379,50954,2020-06-30,11,2,HUSA,0.140994,87007.0,0.14,0.140994
91461,51196,2020-06-30,11,1,WU,0.091159,410905.0,21.62,0.07992
91463,51198,2020-06-30,11,3,CVLT,-0.0435,46321.0,38.7,-0.0435
91413,51094,2020-06-30,11,1,EVR,0.069134,40536.0,58.92,0.069134
91416,51096,2020-06-30,11,1,HBI,0.14503,348035.0,11.29,0.14503
91418,51097,2020-06-30,11,2,GMO,0.089479,152685.0,0.2009,0.089479
91357,50862,2020-06-30,11,3,HWCC,-0.016667,16592.0,2.36,-0.016667
91488,51213,2020-06-30,11,3,ZIOP,0.108108,214292.0,3.28,0.108108
91503,51311,2020-06-30,11,3,LMAT,-0.018222,20182.0,26.4,-0.018222
91516,51321,2020-06-30,11,1,AWI,0.034089,47831.0,77.96,0.034089
91437,51184,2020-06-30,11,3,FRHC,0.074756,58358.0,18.69,0.074756
91446,50830,2020-06-30,11,3,ESXB,-0.023091,22433.0,5.5,-0.023091
91468,51205,2020-06-30,11,3,ICFI,-0.009302,18849.0,64.83,-0.011436
91471,51208,2020-06-30,11,3,ACER,0.117264,10613.0,3.43,0.117264
91421,51103,2020-06-30,11,2,XPL,0.00768,58116.0,0.3149,0.00768
91556,7684,2020-06-30,11,3,ROST,-0.120875,355922.0,85.24,-0.120875
91571,51421,2020-06-30,11,1,EBS,-0.052821,52428.0,79.08,-0.052821
91575,51423,2020-06-30,11,1,HRI,0.078246,29111.0,30.73,0.078246
91498,51306,2020-06-30,11,3,EHTH,-0.246741,25750.0,98.24,-0.246741
91500,51308,2020-06-30,11,3,EXLS,0.036456,34321.0,63.4,0.036456
91531,51337,2020-06-30,11,1,OC,0.062095,107841.0,55.76,0.062095
91618,51454,2020-06-30,11,3,ORBC,0.405109,77953.0,3.85,0.405109
91547,51338,2020-06-30,11,1,LDOS,-0.107133,142044.0,93.67,-0.110362
91579,51426,2020-06-30,11,1,KBR,-0.034115,142297.0,22.55,-0.03838
91594,51433,2020-06-30,11,1,SPR,0.105215,105544.0,23.94,0.104753
91472,51209,2020-06-30,11,3,LMST,0.155536,6266.0,13.15,0.155536
91606,51442,2020-06-30,11,3,CPRX,0.071926,103422.0,4.62,0.071926
91609,51445,2020-06-30,11,3,CZWI,-0.066667,11151.0,6.86,-0.066667
91611,51447,2020-06-30,11,3,FSLR,0.061776,105961.0,49.5,0.061776
91658,51546,2020-06-30,11,3,AIMC,0.029032,64575.0,31.86,0.027742
91659,51547,2020-06-30,11,3,ALGT,0.024965,16242.0,109.21,0.024965
91665,51552,2020-06-30,11,3,GLDD,-0.001079,64947.0,9.26,-0.001079
91668,51555,2020-06-30,11,3,IPGP,0.032111,53182.0,160.39,0.032111
91672,51559,2020-06-30,11,3,MNOV,0.014981,44264.0,5.42,0.014981
91622,51457,2020-06-30,11,3,SONA,-0.036779,24362.0,9.69,-0.036779
91625,51459,2020-06-30,11,3,WLDN,0.022904,11650.0,25.01,0.022904
91627,51408,2020-06-30,11,2,RHE,0.130081,1688.0,1.39,0.130081
91688,51635,2020-06-30,11,1,EIG,0.008699,30374.0,30.15,0.008699
91727,51645,2020-06-30,11,3,TA,0.13069,8298.0,15.4,0.13069
91729,51647,2020-06-30,11,3,ZN,0.103781,173367.0,0.2978,0.103781
91612,51448,2020-06-30,11,2,GSAT,0.097446,1668658.0,0.3266,0.097446
91615,51451,2020-06-30,11,3,YTEN,0.043333,1973.0,6.26,0.043333
91678,51565,2020-06-30,11,3,TAST,0.128205,51486.0,4.84,0.128205
91683,51568,2020-06-30,11,1,SBH,-0.03911,112871.0,12.53,-0.03911
91733,51651,2020-06-30,11,3,AVAV,0.124241,24064.0,79.63,0.124241
91741,51659,2020-06-30,11,3,MSBF,-0.086218,5185.0,11.3,-0.094551
91742,51660,2020-06-30,11,3,SNOA,-0.265979,1967.0,7.12,-0.265979
91814,51803,2020-06-30,11,3,ARAY,-0.033333,91178.0,2.03,-0.033333
91815,11617,2020-06-30,11,3,CENTA,-0.013719,41748.0,33.79,-0.013719
91822,51811,2020-06-30,11,3,NCMI,0.08,78000.0,2.97,0.08
91836,51949,2020-06-30,11,3,AVNW,0.197507,5393.0,18.25,0.197507
91849,51962,2020-06-30,11,1,BR,0.046491,114817.0,126.19,0.042031
91907,51998,2020-06-30,11,3,SMCI,0.093606,52409.0,28.39,0.093606
91893,51805,2020-06-30,11,3,FNJN,0.149168,27703.0,1.54,0.149168
91900,51992,2020-06-30,11,3,GLUU,-0.071142,170709.0,9.27,-0.071142
91901,51993,2020-06-30,11,3,GSIT,-0.046481,23608.0,7.18,-0.046481
91754,51792,2020-06-30,11,3,III,0.203488,47675.0,2.07,0.203488
91854,51966,2020-06-30,11,1,UFS,0.034804,55192.0,21.11,0.034804
91855,7460,2020-06-30,11,3,SFNC,0.00758,108994.0,17.11,-0.002332
91937,52120,2020-06-30,11,3,TMUS,0.044636,1237339.0,104.15,0.044636
91964,52138,2020-06-30,11,3,OPTT,0.681298,17121.0,0.7048,0.681298
91968,52142,2020-06-30,11,3,TFSL,-0.053212,280149.0,14.31,-0.071382
91826,51815,2020-06-30,11,3,PRTS,0.242468,39886.0,8.66,0.242468
91832,51819,2020-06-30,11,3,MDGL,-0.023875,15438.0,113.25,-0.023875
91959,52134,2020-06-30,11,3,ESSA,-0.0223,10960.0,13.92,-0.029965
91909,52000,2020-06-30,11,3,SUMR,0.283656,2114.0,8.0199,0.283656
91915,52115,2020-06-30,11,1,CNK,-0.231537,117590.0,11.55,-0.231537
92010,52268,2020-06-30,11,1,JMP,-0.034722,19577.0,2.78,-0.034722
92095,52376,2020-06-30,11,3,INFN,0.188755,187299.0,5.92,0.188755
92097,52378,2020-06-30,11,3,LLNW,0.489879,121692.0,7.36,0.489879
91902,29231,2020-06-30,11,3,HAYN,0.023215,12557.0,23.36,0.023215
91975,52247,2020-06-30,11,1,ACM,-0.030694,160086.0,37.58,-0.030694
91977,45679,2020-06-30,11,1,BGS,0.070413,64117.0,24.38,0.049957
91926,20569,2020-06-30,11,1,DAL,0.112654,637787.0,28.05,0.112654
92020,52278,2020-06-30,11,1,GEN,-0.199513,110124.0,0.6901,-0.199513
92029,10110,2020-06-30,11,3,TRS,0.012685,43502.0,23.95,0.012685
92032,52284,2020-06-30,11,3,ALBO,-0.01009,14989.0,26.49,-0.01009
92035,52287,2020-06-30,11,3,CLNE,0.062201,199507.0,2.22,0.062201
92040,52292,2020-06-30,11,3,FOLD,0.208818,258224.0,15.08,0.208818
92043,52295,2020-06-30,11,3,IBKR,-0.013695,78052.0,41.77,-0.013695
92050,52301,2020-06-30,11,3,PODD,0.030174,65604.0,194.25999,0.030174
92102,52381,2020-06-30,11,3,SCOR,-0.176627,70865.0,3.1,-0.176627
92108,52388,2020-06-30,11,1,BX,-0.002465,669876.0,56.66,-0.002465
92111,52391,2020-06-30,11,3,TIPT,0.057377,33676.0,6.45,0.057377
91979,52251,2020-06-30,11,1,CAI,-0.114301,17506.0,16.66,-0.114301
91983,52253,2020-06-30,11,1,CLR,0.433361,365153.0,17.53,0.433361
92130,52404,2020-06-30,11,2,SYN,0.289354,18264.0,0.5111,0.289354
92172,52520,2020-06-30,11,1,DHX,-0.213483,53097.0,2.1,-0.213483
92089,52369,2020-06-30,11,3,GRBK,0.107477,50662.0,11.85,0.107477
92091,52371,2020-06-30,11,3,BLIN,-0.005882,4420.0,1.69,-0.005882
92143,52408,2020-06-30,11,1,PRO,0.140693,43292.0,44.43,0.140693
92213,52663,2020-06-30,11,3,RIOT,0.037383,36559.0,2.22,0.037383
92220,52669,2020-06-30,11,3,MASI,-0.050793,54948.0,227.99001,-0.050793
92221,52670,2020-06-30,11,3,MELI,0.157455,49710.0,985.77002,0.157455
92052,52303,2020-06-30,11,3,TTGT,0.092397,27537.0,30.03,0.092397
92203,52547,2020-06-30,11,3,LULU,0.039704,124315.0,312.01001,0.039704
92121,52396,2020-06-30,11,1,DFS,0.054304,306301.0,50.09,0.054304
92229,52677,2020-06-30,11,3,VRTU,0.079814,30247.0,32.47,0.079814
92174,52522,2020-06-30,11,2,GSB,0.031746,18710.0,9.75,0.031746
92239,52684,2020-06-30,11,1,CXO,-0.055393,196702.0,51.5,-0.055393
92245,52690,2020-06-30,11,1,AROC,0.022047,152926.0,6.49,0.022047
92252,52697,2020-06-30,11,3,SNCA,-0.217391,17296.0,0.72,-0.217391
92326,52793,2020-06-30,11,1,CVI,-0.014216,100531.0,20.11,-0.014216
92293,52762,2020-06-30,11,1,TDC,-0.028491,108500.0,20.8,-0.028491
92294,52763,2020-06-30,11,2,UEC,-0.164095,184188.0,0.8777,-0.164095
92345,52809,2020-06-30,11,2,NBY,0.360947,33377.0,1.15,0.360947
92432,52858,2020-06-30,11,3,ENSG,-0.041629,53755.0,41.85,-0.042772
92257,52705,2020-06-30,11,1,VMW,-0.009023,111828.0,154.86,-0.009023
92405,52843,2020-06-30,11,1,SCU,0.031101,22058.0,12.93,0.031101
92318,52785,2020-06-30,11,3,TOWN,0.008484,72646.0,18.84,-0.00106
92322,52788,2020-06-30,11,3,ULTA,-0.166346,56312.0,203.42,-0.166346
92354,52811,2020-06-30,11,1,PZN,0.333333,17196.0,5.44,0.333333
92428,52854,2020-06-30,11,3,APEI,-0.058225,14797.0,29.6,-0.058225
92303,52773,2020-06-30,11,3,FFNW,0.002047,10049.0,9.69,-0.008188
92443,52863,2020-06-30,11,3,NFBK,0.05398,49263.0,11.52,0.05398
92448,52867,2020-06-30,11,3,RBCN,0.069079,2472.0,8.125,0.069079
92449,52868,2020-06-30,11,3,REED,0.429851,62929.0,0.958,0.429851
92493,52898,2020-06-30,11,1,LRN,0.106417,40992.0,27.24,0.106417
92502,52845,2020-06-30,11,1,KW,0.101284,143489.0,15.22,0.085592
92466,52884,2020-06-30,11,3,OESX,-0.227679,30625.0,3.46,-0.227679
92467,52885,2020-06-30,11,1,ORN,0.193916,29774.0,3.14,0.193916
92468,52886,2020-06-30,11,3,PSTI,0.100872,25493.0,8.84,0.100872
92469,52887,2020-06-30,11,3,SATS,-0.102696,50306.0,27.96,-0.102696
92400,52839,2020-06-30,11,1,LL,0.394366,28815.0,13.86,0.394366
92402,52840,2020-06-30,11,1,MSCI,0.015113,85015.0,333.82001,0.015113
92521,52918,2020-06-30,11,3,DGLY,1.803571,26582.0,3.14,1.803571
92523,52920,2020-06-30,11,3,EBSB,0.013889,52407.0,11.6,0.006944
92528,52924,2020-06-30,11,1,AHC,0.116129,18941.0,1.73,0.116129
92471,52889,2020-06-30,11,3,TITN,0.037249,22314.0,10.86,0.037249
92486,52838,2020-06-30,11,3,FLNT,-0.107769,76293.0,1.78,-0.107769
92588,52968,2020-06-30,11,3,HCCI,0.029481,23269.0,17.46,0.029481
92589,52969,2020-06-30,11,3,KNDI,0.359223,54352.0,4.2,0.359223
92593,52970,2020-06-30,11,3,MOFG,0.04221,16099.0,20.0,0.04221
92456,52874,2020-06-30,11,3,ATHX,-0.051546,197009.0,2.76,-0.051546
92570,52956,2020-06-30,11,1,DAN,-0.035601,144482.0,12.19,-0.035601
92571,52960,2020-06-30,11,2,CEI,-0.070312,12456.0,1.19,-0.070312
92506,52907,2020-06-30,11,1,GTS,-0.044221,23806.0,19.02,-0.044221
92557,52950,2020-06-30,11,3,LIVE,-0.09985,1613.0,9.5,-0.09985
92583,7329,2020-06-30,11,2,TRT,0.102113,3673.0,3.13,0.102113
92587,52967,2020-06-30,11,3,BEAT,-0.042179,34185.0,45.19,-0.042179
92611,52983,2020-06-30,11,1,V,-0.010602,1687112.0,193.17,-0.010602
92614,52985,2020-06-30,11,1,AWK,0.013071,181023.0,128.66,0.013071
92601,52977,2020-06-30,11,2,NOG,0.076479,430526.0,0.8389,0.076479
92602,52978,2020-06-30,11,1,PM,-0.029035,1557130.0,70.06,-0.044984
92635,53000,2020-06-30,11,1,NX,0.125806,32802.0,13.88,0.119355
92594,52971,2020-06-30,11,3,SLS,-0.145773,6718.0,2.93,-0.145773
92596,52958,2020-06-30,11,3,IRDM,0.106087,132526.0,25.44,0.106087
92597,52975,2020-06-30,11,1,HI,0.059926,74719.0,27.07,0.051671
92665,53015,2020-06-30,11,3,REXN,0.131519,4019.0,2.84,0.131519
92648,53008,2020-06-30,11,1,CFX,-0.005702,118327.0,27.9,-0.005702
92655,7267,2020-06-30,11,1,UNH,-0.028375,948380.0,294.95001,-0.032475
92619,52991,2020-06-30,11,2,GTE,0.4534,366982.0,0.3462,0.4534
92621,52993,2020-06-30,11,1,IPI,-0.195122,132952.0,0.99,-0.195122
92729,53050,2020-06-30,11,1,JBT,0.047109,31717.0,86.02,0.047109
92852,53106,2020-06-30,11,3,LOPE,-0.072344,47306.0,90.53,-0.072344
92685,53026,2020-06-30,11,3,MLVF,0.071549,7610.0,12.73,0.071549
92686,53027,2020-06-30,11,3,CAPR,-0.008621,19698.0,4.6,-0.008621
92688,53029,2020-06-30,11,3,SINO,0.683688,18139.0,0.61,0.683688
92716,53043,2020-06-30,11,3,BDGE,0.072301,19734.0,22.84,0.072301
92753,53059,2020-06-30,11,3,ERII,-0.011711,55682.0,7.595,-0.011711
92797,53085,2020-06-30,11,2,MHH,0.406182,11207.0,25.93,0.406182
92773,53076,2020-06-30,11,3,PRIM,0.067705,48221.0,17.76,0.06411
92775,53077,2020-06-30,11,3,TREE,0.113491,13089.0,289.53,0.113491
92809,53097,2020-06-30,11,3,FSFG,0.055057,2375.0,43.33,0.050934
92810,53098,2020-06-30,11,3,HBCP,0.125842,8966.0,26.75,0.125842
92778,47011,2020-06-30,11,3,DISCK,-0.016845,340000.0,19.26,-0.016845
92780,53060,2020-06-30,11,1,HCI,0.029654,7877.0,46.18,0.029654
92782,53082,2020-06-30,11,3,MYRG,0.107602,16709.0,31.91,0.107602
92854,53108,2020-06-30,11,1,CLW,0.247152,16571.0,36.13,0.247152
92878,53116,2020-06-30,11,3,OVLY,-0.078488,8215.0,12.68,-0.078488
92917,53139,2020-06-30,11,3,BWEN,0.431298,16840.0,3.75,0.431298
92871,53113,2020-06-30,11,3,VRTS,0.250699,7664.0,116.29,0.250699
92807,7407,2020-06-30,11,3,ASRV,0.051638,17059.0,3.0813,0.051638
92808,53096,2020-06-30,11,3,DMRC,-0.069808,12659.0,15.99,-0.069808
92913,53137,2020-06-30,11,1,RST,-0.092573,24576.0,16.86,-0.092573
92935,53155,2020-06-30,11,3,SMED,-0.009859,16372.0,7.03,-0.009859
92902,53132,2020-06-30,11,3,ZVO,0.092857,32139.0,3.06,0.092857
92987,53187,2020-06-30,11,3,TBNK,-0.064491,9514.0,23.79,-0.064491
92919,53141,2020-06-30,11,3,ORRF,0.094214,11209.0,14.75,0.094214
93002,53196,2020-06-30,11,3,AVGO,0.094723,399791.0,315.60999,0.083565
93004,53198,2020-06-30,11,3,CPIX,0.006042,15181.0,3.33,0.006042
92897,53126,2020-06-30,11,1,CGA,0.117749,6350.0,2.9152,0.117749
92984,53185,2020-06-30,11,3,LOGM,-0.001531,49028.0,84.77,-0.001531
93065,53234,2020-06-30,11,1,MG,-0.022277,29074.0,3.95,-0.022277
93083,53251,2020-06-30,11,3,LTBR,-0.154394,3809.0,4.49,-0.154394
93012,53203,2020-06-30,11,2,PLAG,0.129512,9228.0,2.66,0.129512
93079,53247,2020-06-30,11,3,ECHO,0.044444,25942.0,21.62,0.044444
93016,53207,2020-06-30,11,2,CPHI,0.483304,43580.0,0.6663,0.483304
93035,53214,2020-06-30,11,1,SEM,-0.087361,133977.0,14.73,-0.087361
93073,53242,2020-06-30,11,3,ADUS,-0.064673,15665.0,92.56,-0.064673
93069,53237,2020-06-30,11,3,FTFT,0.008696,38494.0,1.16,0.008696
93085,53252,2020-06-30,11,3,OMER,-0.010753,54516.0,14.72,-0.010753
93089,53256,2020-06-30,11,3,VRSK,-0.012798,162520.0,170.2,-0.014362
93096,53264,2020-06-30,11,1,DG,-0.005222,251722.0,190.50999,-0.005222
93098,53266,2020-06-30,11,1,H,-0.08713,35608.0,50.29,-0.08713
93130,53284,2020-06-30,11,3,CXDC,0.269176,66970.0,1.15,0.269176
93131,53285,2020-06-30,11,3,EMCF,-0.088383,2709.0,20.01,-0.088383
93132,53286,2020-06-30,11,3,FTNT,-0.013865,161800.0,137.27,-0.013865
93149,53293,2020-06-30,11,3,ZAGG,0.051926,29829.0,3.14,0.051926
93179,53305,2020-06-30,11,3,PPC,-0.182874,244032.0,16.89,-0.182874
93237,53335,2020-06-30,11,3,TENX,-0.371528,10096.0,0.905,-0.371528
93263,53346,2020-06-30,11,3,CELH,0.269687,69563.0,11.77,0.269687
93272,53353,2020-06-30,11,1,CALX,0.056738,56624.0,14.9,0.056738
93128,53282,2020-06-30,11,3,COWN,0.240245,27642.0,16.21,0.240245
93174,53300,2020-06-30,11,1,KAR,-0.041115,129215.0,13.76,-0.041115
93233,53332,2020-06-30,11,1,MSGN,-0.196284,43122.0,9.95,-0.196284
93266,53349,2020-06-30,11,3,QNST,0.031558,52210.0,10.46,0.031558
93274,53355,2020-06-30,11,3,CNET,0.111111,21742.0,1.0,0.111111
93304,53368,2020-06-30,11,3,FIBK,-0.00928,42580.0,30.96,-0.00928
93101,30388,2020-06-30,11,1,LEA,0.028006,59920.0,109.02,0.028006
93175,53301,2020-06-30,11,1,KRA,0.133115,31854.0,17.28,0.133115
93177,53303,2020-06-30,11,2,ITP,0.289154,28515.0,0.605,0.289154
93150,43340,2020-06-30,11,1,CIT,0.142778,98367.0,20.73,0.142778
93246,53339,2020-06-30,11,1,GNRC,0.095803,62681.0,121.93,0.095803
93285,53358,2020-06-30,11,2,AUMN,0.261737,127859.0,0.43,0.261737
93289,53359,2020-06-30,11,1,MXL,0.23903,72357.0,21.46,0.23903
93301,53366,2020-06-30,11,3,AVEO,-0.368873,25808.0,5.15,-0.368873
93302,53367,2020-06-30,11,3,CREG,0.03211,2493.0,2.25,0.03211
93330,53383,2020-06-30,11,1,PRI,0.026047,40779.0,116.6,0.026047
93339,53386,2020-06-30,11,3,ALIM,0.252734,5032.0,6.3,0.252734
93264,53347,2020-06-30,11,3,IRWD,0.060637,159976.0,10.32,0.060637
93345,53389,2020-06-30,11,3,CDXS,-0.082126,59125.0,11.4,-0.082126
93312,53374,2020-06-30,11,3,SSNC,-0.024441,257700.0,56.48,-0.024441
93347,53391,2020-06-30,11,3,CJJD,-0.463035,37962.0,1.38,-0.463035
93356,53399,2020-06-30,11,3,SPSC,0.102113,35126.0,75.12,0.102113
93369,53403,2020-06-30,11,3,RCM,0.050895,115375.0,11.15,0.050895
93372,53405,2020-06-30,11,1,PLOW,-0.031199,22857.0,35.12,-0.038862
93368,53402,2020-06-30,11,3,EBMT,0.005205,6818.0,17.38,0.005205
93374,53407,2020-06-30,11,1,FAF,-0.040206,111421.0,48.02,-0.048921
93373,53406,2020-06-30,11,1,EXPR,-0.214286,64459.0,1.54,-0.214286
93397,53423,2020-06-30,11,3,LMNR,0.084581,17858.0,14.49,0.084581
93371,53357,2020-06-30,11,2,CRMD,0.425339,26127.0,6.3,0.425339
93393,53419,2020-06-30,11,3,GNMK,0.550053,70693.0,14.71,0.550053
93420,53438,2020-06-30,11,3,OAS,0.628311,320984.0,0.75,0.628311
93426,53443,2020-06-30,11,1,VPG,0.040644,12544.0,24.58,0.040644
93401,53428,2020-06-30,11,3,TNAV,0.109091,47523.0,5.49,0.109091
93423,53440,2020-06-30,11,1,SIX,-0.164056,84687.0,19.21,-0.164056
93434,53427,2020-06-30,11,3,SANW,0.070423,33433.0,2.28,0.070423
93436,53453,2020-06-30,11,3,TSLA,0.293186,186000.0,1079.81006,0.293186
93422,53439,2020-06-30,11,1,QEP,0.511246,242182.0,1.29,0.511246
78829,4673,2020-06-30,11,3,UMBF,0.011311,48022.0,51.55,0.005265
