date,permno,re,size,value,prof,growth,ep,sp,mom,mom12,price,age
2015-06-30,10104,-0.073350251,19.011555113,-1.334202069,-0.982999177,0.043531561,0.0615571606,0.0002160504,0.1169663188,0.0496983727,3.7725310652,5.8664680569
2015-06-30,10107,-0.05783182,19.654890682,-1.348037557,-0.848984308,0.1608299612,0.0680432085,0.0002506876,0.0488707499,0.191990838,3.8471644461,5.8664680569
2015-06-30,10138,-0.030239174,16.915659869,-1.515961345,-1.066817025,0.1802851266,0.0466190732,0.0001587613,0.024703124,0.0423439145,4.3906146821,5.8636311756
2015-06-30,10145,-0.021401111,18.103102901,-1.35195923,-1.310920075,0.0821192542,0.0532861486,0.0005445855,0.05896304,0.0950636363,4.6463121,6.5294188383
2015-06-30,10147,0.0062642079,17.803121112,-0.759876324,-1.043061891,0.18596136,0.0543185251,0.0004485916,-0.057095389,0.0297192204,3.2710887021,5.8636311756
2015-06-30,10180,-0.048801776,15.057046741,-2.212443234,-0.888108115,0.1556474591,0.0217846886,0.0001336218,-0.06755091,0.3979287469,3.8264651503,5.7930136084
2015-06-30,10182,-0.088086151,14.685475032,-0.0233235,-1.612946496,0.1661246062,0.085956955,0.0128312794,-0.05772991,-0.054207252,4.1450376596,5.8636311756
2015-06-30,10220,-0.014719184,15.090840805,-1.163882898,-0.9192301,-0.084903397,0.0874220993,0.0008626293,0.1288652454,0.0100221805,3.5052570791,4.0943445622
2015-06-30,10299,-0.075653061,16.236256273,-2.341648121,-0.726173695,0.1253842627,0.03729212,0.0001197203,0.0860465774,0.0173727342,3.868071086,5.8607862235
2015-06-30,10302,-0.135469735,14.361920715,-2.197592112,-0.639709122,-0.08241838,-0.029251532,0.0004492495,0.3111615394,0.2985378276,2.6195831864,5.8607862235
2015-06-30,10375,0.0552732423,14.818969504,-0.453949271,-2.826624702,0.0084098196,0.0550676857,0.0004734093,0.0198988388,-0.005022612,2.7562052284,5.8579331545
2015-06-30,10516,-0.087606385,17.178262971,-0.277227664,-2.22292222,0.0515676052,0.0459246756,0.0031399146,0.049597119,0.0992184195,3.9674576834,6.5294188383
2015-06-30,10517,0.0343420021,14.761107025,-0.495351555,0.0246267217,0.0078278361,0.052394542,0.0009956753,0.3187532735,0.0377438362,3.5562048024,5.9738096119
2015-06-30,10629,0.061527051,14.573318482,-0.184268845,-3.297782296,0.1204727007,0.0570965213,0.0002876565,0.055638117,0.1092543858,2.6019486533,5.8493247799
2015-06-30,10693,0.072057493,14.966106372,-1.804972145,-1.314003063,0.0446203661,0.1056739544,0.0007710966,0.1246120363,0.2736174466,3.7649141369,5.8493247799
2015-06-30,10696,0.0334373079,16.52527342,-1.26038754,-1.355755266,0.1129461242,0.0419873299,0.0003175348,0.1105284159,0.2553911805,4.3838998981,5.8493247799
2015-06-30,10777,0.0922438875,14.559146459,0.0828791436,-3.025814093,-0.003980963,0.0840943977,0.0005506756,-0.041894084,0.0943757754,5.4852118105,5.8464387751
2015-06-30,10874,-0.003526652,15.178142719,-1.394785498,-0.972382507,0.1846426516,0.1697894084,0.0009275912,0.0717543798,0.1570173629,3.932609657,6.5294188383
2015-06-30,10909,0.0263040066,16.682806982,-1.799912468,-1.08015167,0.101048211,0.020576065,0.0001518939,0.1255066648,0.284114185,4.2090116508,5.8406416574
2015-06-30,10932,0.043811027,14.862337594,-0.314124524,-3.319492053,0.0344540452,0.0617910427,0.000311887,0.1523995235,0.2055243899,3.6346872089,5.8406416574
2015-06-30,10933,0.0361302122,16.030207748,-0.18314554,-3.609581619,0.6459529337,0.0340771075,0.0005304173,0.0695340555,0.1457028768,6.6499685344,5.8406416574
2015-06-30,11308,-0.034179676,19.042224262,-1.527694429,-1.087920662,0.0440520867,0.0459822097,0.0002568113,-0.01714041,0.0205919819,3.7125959584,6.5294188383
2015-06-30,11369,0.0710512102,14.620216965,-0.420345252,-3.311815579,0.0367636629,0.0525821184,0.0002357707,0.1088975319,0.252453954,3.6338951619,5.8260001074
2015-06-30,11403,-0.006569028,15.439403399,-1.251095218,-0.599554802,0.0600731446,0.03985319,0.0003613831,0.0382559687,0.1110363546,2.9851768059,5.8230458955
2015-06-30,11404,-0.064036205,16.643516251,0.2462187983,-2.520746856,-0.013731647,0.0635310859,0.0007627327,-0.008814152,0.1433275694,4.1245504067,6.5294188383
2015-06-30,11533,0.0348836929,14.597209981,-1.409337736,-0.777758454,0.0025308635,0.040639484,0.0003421969,0.3510910439,0.4075742581,4.4741499375,5.8200829304
2015-06-30,11552,0.0113159576,18.044317447,-2.381894107,-0.759813811,0.1311098283,0.0207280668,9.38026e-05,0.0090170336,0.3451998083,4.7400506895,5.8200829304
2015-06-30,11600,-0.007927368,15.71973968,-0.895885447,-1.091176894,0.0210448325,0.0443983174,0.0004276367,0.0071865145,0.0810432539,3.9519165662,5.81711116
2015-06-30,11618,0.0161407366,16.502463152,-2.038525266,-0.151684936,0.1337951488,0.0313251101,0.0002358866,-0.019940028,-0.110265768,3.7259343216,5.81711116
2015-06-30,11674,-0.049223825,16.439041857,-0.036045601,-2.423989484,-0.015457323,0.0547864135,0.0008227461,-0.01480571,0.0789566222,4.3723550573,6.5294188383
2015-06-30,11703,-0.099422634,17.911465412,-1.267478135,-1.492628401,0.034833373,0.0462631957,0.000597057,0.0694974628,0.0742705923,4.2628207423,6.5294188383
2015-06-30,11786,0.0672299415,15.592503375,-0.444443554,-3.006389879,0.1487412991,0.0439643882,0.0002920555,0.1701333811,0.2303060621,4.9046079166,5.811140993
2015-06-30,11809,-0.046148356,15.177567425,-0.902115765,-1.391709029,0.0328771209,0.0259355451,0.0009672656,0.1072728304,-0.100807188,4.0314047652,5.80814249
2015-06-30,11850,-0.023474179,19.884763758,-0.693245815,-1.567449382,0.0382442806,0.071105785,0.0008823355,-0.086209867,-0.118035735,4.445001398,6.5294188383
2015-06-30,11891,-0.089775525,16.376778981,-0.111906099,-1.99511114,-0.006662998,-0.013679924,0.000850702,-0.09466525,-0.196794745,2.9982291157,5.7899601709
2015-06-30,11896,-0.014114598,16.079037787,-1.064274674,-0.847331991,0.0516058504,0.0558841552,0.0003101895,0.1299232767,-0.015787925,3.5573460555,5.7990926545
2015-06-30,11955,-0.058711037,16.85084991,-0.987264487,-1.516273756,-0.021620098,0.0046442554,0.0006639801,0.0273604953,0.1336148605,3.9049984212,5.7868973814
2015-06-30,12026,-0.033453114,14.525376712,-2.160844935,-0.116110278,0.181198923,-0.004219836,0.0001985011,0.2047029709,0.4715570765,3.5882299953,4.1108738642
2015-06-30,12036,-0.039131172,14.941040875,-0.051879218,-2.26256958,0.0784535432,0.0678843819,0.0005479249,-0.14129508,-0.168655249,4.0201596476,6.5294188383
2015-06-30,12052,0.0158390328,17.503400788,-0.832467054,-1.724347626,0.0326591235,0.0712713907,0.0009272271,-0.007956923,0.1699905238,4.9427846533,6.5294188383
2015-06-30,12062,0.0277236495,15.976937549,-1.157095632,-1.07902333,0.0248397688,0.069389014,0.0007270698,0.0898134128,0.1531753241,4.77026078,5.7838251823
2015-06-30,12073,0.0417736918,15.35620036,-0.015947798,-3.33905947,0.0910097724,0.0488533559,0.0002881201,0.0556495361,0.0954195442,2.7447035457,5.7838251823
2015-06-30,12308,-0.043402996,16.660838205,-2.216579039,-1.801345599,0.1032106328,-0.011710423,0.0005616264,0.1663690624,0.2676062367,5.1874975553,4.0775374439
2015-06-30,12366,0.0007889303,14.936588737,-2.486153301,-0.852871247,-0.042291039,0.0773229067,0.0021108888,0.0511109616,0.2796437812,3.2327787451,4.0430512678
2015-06-30,12369,-0.063386135,17.879652962,-0.368398894,-1.914650392,0.1072834157,0.0899995811,0.0027342225,0.1267780271,0.0478896444,3.5826852916,4.0430512678
2015-06-30,12373,-0.025459979,15.648885435,-0.710989864,-3.287656085,0.2654148414,-0.015646448,9.98482e-05,0.0073686173,0.0026302499,4.9924033869,4.0430512678
2015-06-30,12384,0.0099111367,15.027532343,-0.744706291,-2.60092872,0.345892028,0.0172030322,0.0005152675,0.1007404727,0.2257417489,4.3656431166,4.0430512678
2015-06-30,12400,0.0902908593,15.423388256,-1.394009725,-2.117734929,0.0135239515,0.0372309052,0.0008633484,-0.011312084,-0.131373465,3.7527927655,4.0430512678
2015-06-30,12448,0.0409578793,15.796912812,-0.747253175,-3.381588889,0.2026525804,0.0647769801,0.0002317526,0.1402940967,0.1474066754,4.1034694574,4.0253516907
2015-06-30,12449,0.0257657301,16.207061919,-1.86455626,-2.076798959,0.3678888224,0.0290943694,9.28847e-05,0.0663592358,0.2411902735,5.0248011456,4.0253516907
2015-06-30,12476,-0.029690003,15.587959524,-0.51646557,-2.231995331,0.1696063887,0.0172918453,0.0017550053,-0.186503671,-0.063072153,4.5212449179,4.0253516907
2015-06-30,12490,-0.041202419,19.027607599,-2.110930992,-0.853334493,0.0571383748,0.0778203831,0.0004896391,0.0545853203,-0.054298672,5.1337374553,6.5294188383
2015-06-30,12515,0.0759154558,15.040209538,-0.543877361,-3.149114683,0.195399993,0.0609867789,0.0002317032,0.1080140875,0.0365191307,3.5142284082,4.0073331852
2015-06-30,12558,-0.074716851,17.43374944,-0.124175,-2.562783719,0.0977271437,0.0315948273,0.0003772357,0.1262134324,0.2969822115,3.7254524748,3.9889840466
2015-06-30,12570,-0.016909564,15.299559804,-1.17023334,-1.44606378,0.0994602693,0.116750054,0.0006338207,-0.122229151,-0.086395511,3.7537304336,6.5294188383
2015-06-30,12583,-0.095767781,15.007001844,-3.847581101,-1.536714717,0.4157581546,-0.033608011,4.42404e-05,-0.304120362,-0.125154513,4.3593975049,3.9889840466
2015-06-30,12591,-0.002252304,15.234546771,0.3924849502,-2.451817699,0.0854575075,0.1355425055,0.0008215681,0.0704697039,0.0016592039,3.1000923232,3.9702919136
2015-06-30,12623,-0.091942914,15.351328957,-1.019068727,-1.481443911,-0.026473766,0.0570701044,0.0015334551,0.2244654983,0.2846930356,4.8202009,3.9702919136
2015-06-30,12641,-0.098060042,15.18464809,-0.152579346,-2.529645073,0.2383208227,0.0584301157,0.0002643086,0.0564787077,-0.061939813,3.627801633,3.9512437186
2015-06-30,12650,0.0113811819,16.288769721,-1.062762831,-2.045097162,0.150595218,0.0254229878,0.0001735959,-0.17519094,-0.037483609,4.5053498507,6.5294188383
2015-06-30,12660,0.0026941767,14.948340605,-1.620800938,-0.96412413,0.0711915154,0.0466258157,0.0004736024,0.0420463499,0.1694744395,3.7963876824,3.9512437186
2015-06-30,12742,0.0600216128,16.708853565,-2.119857248,-0.927900631,0.8860232486,0.0012122714,6.92619e-05,0.0963975006,0.4542087074,5.2726404822,3.9318256327
2015-06-30,12781,-0.018501159,14.554498709,-0.042034518,-2.958624743,0.5081466667,0.0348044783,0.0006825073,0.0401412566,0.1425911643,3.979868521,6.5294188383
2015-06-30,12796,-0.023124134,15.341679986,-1.393326156,-0.943726641,0.2496702373,0.0522975773,0.0005019297,-0.065569456,0.1475878787,4.1521416561,3.9318256327
2015-06-30,12872,0.0112120984,16.930513656,-0.705580845,-1.588175348,0.0417986324,0.0737012318,0.0033946696,0.0912922035,0.113522261,4.6391850557,3.8918202981
2015-06-30,12873,-0.167648643,15.617353105,-2.31914689,-0.976346751,1.3303751606,-0.005242291,0.0001161558,-0.077625188,-0.318453734,2.9269179616,3.9120230054
2015-06-30,12882,0.1086569726,15.001124959,-1.481759167,-1.294576948,0.4023787437,0.004673206,9.17635e-05,-0.222069648,-0.097097443,3.3347013795,3.9120230054
2015-06-30,12914,0.0357008874,15.391925558,-1.663460618,-1.757356295,0.0053243956,0.0281777275,0.0001388606,0.1463863745,0.1676127843,3.977061413,3.8918202981
2015-06-30,12927,-0.050880857,15.397822779,-1.556164532,-1.205184487,0.6924780659,-0.004637186,7.33878e-05,-0.10758054,-0.189566838,4.5151360566,3.8918202981
2015-06-30,12981,-0.00087224,15.7071842,-0.963293812,-1.013319676,0.0756464751,0.0297912973,0.0005471628,0.0364223392,0.1178135375,3.8255932907,3.8286413965
2015-06-30,13008,0.0657769814,14.974590885,-4.082731199,-0.658071604,-0.40594913,0.0734487053,0.0005475634,0.2412314663,0.250987617,3.8407103788,3.8501476017
2015-06-30,13035,0.0136724096,15.78709466,-0.964968816,-1.096164307,0.0453341333,0.0350951849,0.0006009206,0.0219252522,0.0035155619,3.5992282238,3.8066624898
2015-06-30,13046,0.0036164052,15.197999911,-3.308755145,-0.755771046,0.3131758999,0.0197635798,7.95556e-05,-0.224752365,-0.197105998,3.4594662658,3.8286413965
2015-06-30,13085,0.0421386659,14.518278558,-0.387214842,-1.429779473,0.0106952891,0.0419112296,0.0009358536,0.1720953221,0.3792601827,4.4805135676,3.8066624898
2015-06-30,13105,0.0565147363,14.805747049,-1.578876456,-1.713808257,0.2193885425,0.0180937744,0.0003009884,0.0988932402,0.4740409755,4.3059551895,3.8066624898
2015-06-30,13108,-0.211598724,15.298536516,-2.383227845,-0.26051652,0.005172979,-0.012254433,0.0003285469,-0.054827486,0.1628590007,1.8531681153,3.8066624898
2015-06-30,13124,-0.076358296,15.308769219,-1.119969026,-1.581783921,0.1151825232,0.0290926224,0.000168444,-0.182321471,-0.560338835,2.6115392923,3.7841896339
2015-06-30,13141,-0.047323551,15.39106205,0.1998849172,-4.454465941,-0.11497132,-0.341863694,0.0006744234,-0.329696167,-0.432018574,2.5564518436,3.7612001157
2015-06-30,13168,0.1426697671,16.463290402,-2.502646014,-0.463169531,0.1255665697,0.0189838172,8.81207e-05,-0.096675922,-0.188329053,4.3341485824,3.7841896339
2015-06-30,13181,0.0924664512,14.840665599,-2.666401541,-0.586383097,0.0940246197,0.004669517,9.14714e-05,0.0002002617,0.2795073631,3.8805323541,3.7612001157
2015-06-30,13188,0.2466482222,14.621003777,-0.030178025,-1.942203515,0.2401053503,0.0093921533,0.0006417795,0.2245292354,-0.062552671,3.7672283817,3.7376696183
2015-06-30,13210,-0.009456269,14.536160424,-1.462358543,-0.735481332,0.2101974545,0.0374446208,0.0003415911,0.3041460843,0.4305808539,4.275415388,3.7376696183
2015-06-30,13244,-0.092229515,14.579302452,-0.746613772,-1.59881868,0.3426569013,0.036196529,0.0002132266,0.1329131136,0.1080899235,3.3156395265,3.7376696183
2015-06-30,13284,-0.043790855,15.545772384,-1.20476667,-1.52635972,-0.011034766,0.0322023773,0.0003811691,-0.047760282,0.0037489575,3.4210000214,3.7135720667
2015-06-30,13292,0.1412974149,14.727612794,-2.145506609,-1.39720474,0.8436996645,-0.009455563,4.67546e-05,0.0271509555,0.0115928925,4.1316403274,3.7135720667
2015-06-30,13305,-0.066744767,14.863211325,-1.396064375,-1.477307264,0.054088012,0.0205754251,0.0007589676,-0.109316416,0.0353475264,3.2433733292,3.7135720667
2015-06-30,13314,-0.045250036,15.406859638,-1.361199122,-1.451005501,0.0514305751,0.0278087169,0.0004449467,0.234719199,0.2324578649,3.6888794541,3.7135720667
2015-06-30,13318,-0.10185767,15.359253188,-2.094881542,-0.874159846,1.0112385581,-0.00255055,5.89464e-05,-0.420832602,-0.518412961,3.8693242477,3.7135720667
2015-06-30,13356,0.0182001367,17.63346448,-0.483392617,-2.293350383,0.0352541336,0.0762724639,0.0034051488,0.0234421234,-0.047907518,4.370965722,3.6635616461
2015-06-30,13377,0.0767799243,14.149995468,-2.737711975,-1.318277149,1.0227915745,-0.022836985,0.0001131109,0.203515264,0.5253808114,4.0797384279,3.6888794541
2015-06-30,13384,0.0656181723,14.721540306,-0.424003101,-2.850572215,-0.033549926,0.0590541348,0.0005375608,-0.026412219,-0.019060183,2.9145222471,3.6635616461
2015-06-30,13407,0.0830281153,18.724148355,-1.940061763,-0.922175574,0.1696279446,0.0138367708,7.31174e-05,0.049177427,0.218646849,4.3718500591,3.6635616461
2015-06-30,13507,-0.001162672,14.936791402,0.3618805554,-4.081823981,0.0093819262,0.083530264,0.0010120363,-0.116618047,-0.106745797,4.6367657387,6.238324625
2015-06-30,13688,-0.073218673,16.920885416,0.202735022,-2.516197731,0.0584318564,0.0447361652,0.0008615109,0.0674256303,0.1794990059,3.9791207718,6.5294188383
2015-06-30,13856,-0.024758933,18.72406942,-1.432544559,-0.721820446,0.0373442642,0.0516325584,0.0005220074,0.0027514535,0.102105431,4.5688173597,6.5294188383
2015-06-30,13901,-0.034570329,18.238105214,-1.94242024,-1.185845362,-0.013392803,0.0573858944,0.0002300187,0.055604067,0.2293606943,3.9357395469,6.5294188383
2015-06-30,13928,-0.035646994,18.471859993,-0.245496371,-1.696254487,0.0077636114,0.0881706399,0.0006284675,-0.049282682,-0.132935226,4.1538705463,6.5294188383
2015-06-30,13936,0.1009174064,16.077482996,-1.061057457,-0.832532688,0.1418631971,0.0383326771,0.0005441571,-0.100495783,-0.240905688,4.6505258819,6.5294188383
2015-06-30,14008,-0.017534817,18.314099262,-1.212896412,-1.381180804,0.1970594963,0.0573469896,0.0002169254,-0.018001891,0.321567911,5.0515212514,5.9558373695
2015-06-30,14541,-0.063398048,19.331039972,-0.335658104,-1.669963526,0.0854001556,0.0854246002,0.0008807247,-0.057244102,-0.07241296,4.6347289882,6.5294188383
2015-06-30,14593,-0.037265856,20.137310088,-1.274054625,-1.06918013,0.161871228,0.0713651379,0.0003412971,0.154977964,0.3371238035,4.869685971,6.0306852603
2015-06-30,14702,-0.045206156,17.127963849,-1.090510139,-1.272088254,-0.00488715,0.0119450685,0.000352412,-0.101814752,-0.00755846,3.002211198,6.238324625
2015-06-30,14795,-0.064705856,15.63849925,-0.646966473,-1.247151107,0.0534830406,0.0477014048,0.0008070585,-0.078304157,-0.124059598,3.666122428,6.5294188383
2015-06-30,15069,-0.023905832,17.110941139,-0.118827845,-1.342140473,0.0088543567,0.0627675704,0.0005895092,-0.114759435,-0.144709272,3.3028492783,6.5294188383
2015-06-30,15202,-0.066718556,15.936409192,-0.50978755,-2.420583428,0.0161783203,0.0026836233,0.0003586524,0.3284156539,0.3414258947,4.4990315933,6.5294188383
2015-06-30,15318,0.0685293227,14.887363942,-0.009353964,-3.240188202,0.0309860416,0.0639772999,0.0003578055,0.0112789183,0.1034220032,2.9428587478,6.1136821798
2015-06-30,15456,0.0602848306,15.808717514,-0.937206313,-0.504017843,0.0988805496,0.0632440357,0.0010161154,0.0679270802,0.2270514491,4.1463043132,6.5294188383
2015-06-30,15553,-0.075640216,15.696922961,-0.063161865,-2.652898381,0.0285126143,0.0503980883,0.000749932,-0.050252571,-0.031223209,3.9193957386,6.238324625
2015-06-30,15579,-0.07886266,17.747698913,-1.432036955,-0.94810416,-0.055611237,0.0444683326,0.0002566665,0.100258854,0.1690254302,4.0239220652,6.5294188383
2015-06-30,15720,-0.079139933,16.756410514,0.1360770938,-2.478538427,0.0494828535,0.0628796727,0.000833657,-0.013539293,0.1254498885,4.1077542717,6.5294188383
2015-06-30,16432,-0.053226557,15.849980273,-1.112195723,-1.286827828,0.0321187029,0.1010603504,0.0032981326,0.162149705,0.0823674069,3.4608803623,6.5294188383
2015-06-30,16505,-0.111726709,15.078706675,0.4320508712,-3.385688136,-0.020987066,0.1837798106,0.0007163297,0.0171051028,0.0719044701,3.4809324013,6.238324625
2015-06-30,16548,0.0622908995,14.773939527,-0.956230819,-3.251790262,0.0255946415,0.055585329,0.0002220494,0.0461604428,0.1027068299,4.1394772596,6.238324625
2015-06-30,16600,-0.043398652,16.574363503,-2.220398671,-0.437543433,0.1193323722,0.050484045,0.0004508893,-0.032028902,-0.040993525,4.5310929892,6.5294188383
2015-06-30,16678,-0.003983529,16.992461703,-1.404196194,-0.214490122,0.0488794104,0.0707535586,0.0047272608,0.2183252842,0.3759466144,4.2877159971,6.5294188383
2015-06-30,17005,0.0244188327,18.294265325,-0.711013798,-1.025400496,0.081740501,0.0525916723,0.0014869353,0.1529874391,0.2511144856,4.6286913542,6.5294188383
2015-06-30,17144,-0.007658064,17.290125991,-1.189752929,-1.170482769,0.0713916202,0.0578137463,0.0005700577,0.0787233518,0.0391398208,4.0280267084,6.5294188383
2015-06-30,17478,-0.031807259,16.933494343,-2.19465707,-0.610683333,-0.151436462,0.0376274099,0.0002301809,0.1485429802,0.2534524086,4.6419841591,6.5294188383
2015-06-30,17726,-0.043045778,15.74657321,-2.956421114,-1.693848802,0.0696157304,0.0513153182,0.0014057387,0.1240456611,0.1050329385,4.0125920769,6.5294188383
2015-06-30,17743,0.0622449033,15.592530708,-0.293553696,-3.260010805,0.0194514827,0.0818647474,0.0010814358,-0.027142584,0.1228257501,3.8918202981,6.2186001197
2015-06-30,17750,-0.018464077,17.550956169,-1.888942911,-0.841290254,-0.049195318,0.0523362338,0.0005304366,0.016774544,0.0490223572,4.6900626586,6.5294188383
2015-06-30,17830,-0.053255934,18.47740687,-1.141971326,-1.547579066,0.0131666374,0.0530218975,0.0005995664,0.0717556918,-0.005451332,4.7636258561,6.5294188383
2015-06-30,17929,-0.072794132,15.575356154,-0.050070767,-2.127916034,0.0303393202,0.0569406856,0.001514707,-0.067128011,0.0948535708,3.6216707452,6.5294188383
2015-06-30,18091,0.0066584288,14.965851775,-0.564410593,-1.310559238,0.1046727404,0.0457470122,0.0008514073,0.057724167,0.0995721681,4.2779152876,6.5294188383
2015-06-30,18163,-0.001913529,19.175211724,-1.037668289,-1.127992093,0.0517155306,0.0498545172,0.0003802727,-0.077214604,0.0155760572,4.3616963604,6.5294188383
2015-06-30,18403,-0.013969718,14.8301037,0.2444061014,-0.877782013,-0.155274677,-0.436009693,0.0046478118,0.0867923636,-0.079857272,2.1505987538,6.5294188383
2015-06-30,18411,-0.040970407,17.514959066,-0.171455436,-2.322868113,0.0218811345,0.0460956143,0.0004712756,-0.034052219,0.0465230813,3.7771192115,6.5294188383
2015-06-30,18542,-0.00586029,18.032596327,-0.996892168,-1.550499819,-0.051201413,0.063507829,0.0009626516,-0.137903915,-0.132154566,4.44640889,6.5294188383
2015-06-30,18729,-0.020661734,17.949252384,-3.007953896,-0.264131464,0.0353538836,0.036470711,0.0002886898,0.0169128095,0.0054704073,4.2015533824,6.5294188383
2015-06-30,19166,-0.077925466,16.064681614,-1.810392625,-1.290623055,0.1797499884,0.0440779225,0.0003852152,0.0391098262,-0.24506784,4.0460292532,6.5294188383
2015-06-30,19350,0.0423783399,17.310242522,-1.18242365,-1.593558624,0.0562473412,0.0989220469,0.0010972384,0.0701647231,0.0203185969,4.5398847225,6.5294188383
2015-06-30,19393,0.0300309975,18.202395434,-1.743355181,-1.079440897,0.0723912746,0.0288661566,0.0001872102,0.1029793009,0.2731375367,4.1682143872,6.5294188383
2015-06-30,19502,-0.016309343,18.074586122,-1.001198955,-0.459847101,0.0585868753,0.0439116451,0.0013223185,0.2646433474,0.1571038516,4.4524850557,6.5294188383
2015-06-30,19561,-0.012809586,18.345734104,-1.922654598,-1.795966313,0.0415021088,0.0437419668,0.0008442036,0.1490587153,0.0752678931,4.9453498578,6.5294188383
2015-06-30,19828,0.0035587156,14.956592009,-0.35068141,-1.886913348,0.0138103625,0.0132697061,0.0007259657,0.24380988,0.2277304527,2.4194788241,6.5294188383
2015-06-30,20053,0.065472059,15.035862797,-0.214952937,-3.27167272,-0.021088053,0.0445301183,0.000337813,0.0940625655,0.1949600316,3.3679852632,6.0958245624
2015-06-30,20204,-0.029737309,15.291512341,-1.108509262,-1.330444219,0.2084358588,0.054610545,0.0006634235,-0.009587559,-0.177643544,4.1031390897,6.5294188383
2015-06-30,20415,-0.011672695,16.083897531,0.0080135867,-3.203797,1.6331397492,0.0353512367,0.0010638367,0.0051632174,-0.065536363,3.2039651781,6.5294188383
2015-06-30,20482,0.0098766126,17.933397598,-0.834249966,-1.212146802,-0.448086618,0.0394216717,0.0003685794,0.0734070627,0.1693493675,3.8836234995,6.5294188383
2015-06-30,20598,-0.079202645,14.2971734,-0.854250734,-1.099688472,0.0262402933,0.0378401812,0.0009847011,0.0333584929,0.27304685,4.0375978041,6.238324625
2015-06-30,20626,-0.009218389,17.942012866,-0.775462653,-1.773919806,-0.001495263,0.0851615946,0.0010593954,0.049757097,0.0103540558,3.9525889613,6.5294188383
2015-06-30,21178,-0.012221058,17.753515199,-2.270284532,-1.879444325,-0.066000299,0.0601095456,0.0009521088,-0.005782202,0.1541220677,5.2375052109,6.5294188383
2015-06-30,21186,-0.066284172,15.820996661,-0.187313125,-2.008603024,0.1437367737,0.0475635558,0.0008200185,0.109949936,0.2006833801,3.9227651201,6.5294188383
2015-06-30,21231,-0.056482445,14.620654833,-0.062002605,-2.766335165,0.0356298291,0.0385499636,0.0011875036,0.173497217,0.3416518094,4.052480374,6.5294188383
2015-06-30,21371,-0.046875317,16.965001137,-1.298483105,-1.605533696,0.0622817515,0.0145771513,0.0044213788,0.0800329008,0.1949661283,4.4792667483,5.9506425526
2015-06-30,21573,-0.081805937,16.900303909,-0.57723308,-1.668157315,-0.019629719,0.0602166161,0.0013360672,0.0739092793,0.155741865,3.9479691675,6.5294188383
2015-06-30,21742,0.098061651,14.794860898,-1.104255173,-0.60597562,0.1114278893,0.0401082204,0.0024587943,0.0083982204,0.1530746296,4.4680896734,5.9454206086
2015-06-30,21776,-0.071238592,17.260145154,0.4180566706,-2.572787412,0.0172898968,0.0706826367,0.0010598286,-0.055194622,-0.052499283,3.5213480369,6.5294188383
2015-06-30,21792,-0.065783016,16.211200156,-0.113364448,-2.410132625,-0.044753898,0.0308208354,0.0008154989,-0.135912805,-0.108726618,3.0140632714,6.5294188383
2015-06-30,21928,-0.055994648,14.883367459,0.0811932733,-2.543804989,0.0084325971,0.0677058376,0.0004784479,-0.031933048,0.1181607986,4.0854720042,6.5294188383
2015-06-30,21936,-0.035107948,19.05773886,-0.664159064,-1.362983202,-0.076578548,0.0557426872,0.0002598154,0.1412077146,0.1609681752,3.548179572,6.5294188383
2015-06-30,22103,-0.080915287,17.656418419,-1.455764511,-0.851027846,0.0368068913,0.039698567,0.0004983901,-0.069740749,-0.103881124,4.0994979502,6.5294188383
2015-06-30,22111,-0.026762536,19.505803962,-1.197321596,-0.916275658,0.0893086146,0.052139152,0.0002759206,-0.069703031,-0.002549932,4.6065692008,6.5294188383
2015-06-30,22293,-0.056883391,17.173140833,-0.194820825,-1.891680304,-0.031012113,0.0732874143,0.0003031437,0.0338312032,-0.003089005,3.0407056428,6.5294188383
2015-06-30,22509,0.0024029142,17.184712782,-1.598401754,-0.886663996,-0.00094515,0.0376687119,0.0005625071,0.0899937986,0.1035072585,5.4332415361,6.5294188383
2015-06-30,22517,-0.076900907,16.926618486,-0.124992095,-2.374711217,0.0584193767,0.0577786219,0.0006275641,-0.006613117,0.0122415942,3.5470278035,6.5294188383
2015-06-30,22592,-0.030047767,18.3558092,-1.618808461,-0.731984063,-0.009669936,0.0487288188,0.0003308235,0.0282806895,0.1099657993,5.0694072318,6.5294188383
2015-06-30,22752,-0.057644919,18.945760969,-0.90600174,-1.120198132,-0.004599186,0.0296698211,0.0003010504,0.0432672834,0.0596210308,4.1090689476,6.5294188383
2015-06-30,22779,-0.022372879,16.64416213,-1.554736239,-0.975247582,-0.067534829,0.0610316909,0.0004978396,-0.066353473,-0.100625428,4.0775374439,6.5294188383
2015-06-30,23026,-0.087724246,16.495109225,0.3545611525,-2.456748994,0.0003570366,0.0268242512,0.0010796574,-0.019096284,0.0903756539,3.5745903163,6.5294188383
2015-06-30,23085,-0.03696385,15.846157248,-0.030316312,-2.46583357,0.0368073786,0.0689730146,0.0006812452,-0.016900097,0.0574235535,3.973306231,6.5294188383
2015-06-30,23229,-0.067369632,15.943100796,-0.335916616,-2.286409777,0.0164996362,0.0612987961,0.0009178969,0.0541876003,0.1571052311,3.5304696995,6.5294188383
2015-06-30,23297,0.0498369187,14.966055655,-3.034731793,-0.9893692,0.0114455108,0.0512592057,0.0009159212,0.0410404472,0.128755893,4.0106005743,5.9375362051
2015-06-30,23393,-0.03382165,16.067536196,-1.198501662,-1.026155695,0.0386752836,0.0419634015,0.0003470389,0.1221612624,0.17160388,4.4304596067,6.1398845522
2015-06-30,23473,0.0011862096,15.879655723,-0.241940107,-3.088328441,0.0651501904,0.0584533387,0.0005274158,0.0204126775,0.0679890527,3.9235562774,6.238324625
2015-06-30,23501,-0.00146787,15.746766265,0.4183889231,-2.562460539,-0.060624622,0.0227618738,0.0009761131,-0.031034712,-0.024299818,3.3050535211,6.5294188383
2015-06-30,23536,-0.064277969,16.174603676,-0.310181191,-2.341759766,0.0333474372,0.059833217,0.0004824591,0.005183635,0.100798384,3.8770173709,6.5294188383
2015-06-30,23579,-0.012605045,16.184650352,-0.796527859,-1.708346958,-0.006852242,0.0470605108,0.0011704723,0.0582448407,0.1165517627,3.8115394938,6.5294188383
2015-06-30,23660,-0.017423628,15.816491821,-1.085527545,-0.787062725,0.0434383637,0.043220431,0.0006042076,0.1106336939,0.2753074034,4.4553932181,5.9506425526
2015-06-30,23712,-0.069434725,16.842586621,0.1438869732,-2.23574693,0.0248117698,0.0738929426,0.000614824,0.0237079879,0.1011936383,3.7525582558,6.5294188383
2015-06-30,23819,-0.047356866,17.90934444,-1.151131323,-1.523199627,0.0640481601,0.0477636721,0.0006827803,-0.110416077,-0.265047782,3.8155121387,6.5294188383
2015-06-30,23835,-0.058619857,15.721392327,-0.444072783,-2.082745522,0.05514288,0.0472710975,0.0007732438,-0.218222716,-0.391028551,3.0416612309,6.5294188383
2015-06-30,23916,-0.019418539,15.241949599,-0.539379038,-3.227721836,0.0376981917,0.0519924428,0.0002864701,0.1771090276,0.2832721446,4.5237431906,6.238324625
2015-06-30,23931,-0.045521263,16.599193318,0.0742856029,-2.484979616,0.0851207382,0.0659735673,0.0007847104,0.0305283767,0.13404787,3.5278300102,6.5294188383
2015-06-30,23975,0.0102256304,14.953569023,-1.075649922,-1.270046524,0.1838692292,0.0359855805,0.0003508347,-0.023639238,0.116761355,4.1208242049,6.238324625
2015-06-30,24010,-0.078069843,16.505089051,0.5010526873,-2.620252723,0.0047095452,0.0627439217,0.0010091256,-0.06468552,0.0539618939,4.336898523,6.5294188383
2015-06-30,24053,-0.056994736,15.40934258,0.1221958555,-2.421891465,0.0351933237,0.0690700555,0.0005793771,0.0134554995,0.080450932,3.6019589321,6.5294188383
2015-06-30,24109,-0.058980275,17.119476851,0.1527977872,-2.452914247,0.0369600025,0.0629568325,0.0006740371,-0.007190309,0.0914916114,4.0305169157,6.5294188383
2015-06-30,24205,-0.042114496,17.615338111,-0.352779451,-2.497363799,0.0728124427,0.0451279925,0.0004061409,0.0213954656,0.0576849569,4.6283005676,6.5294188383
2015-06-30,24248,-0.078649439,14.592577491,-0.109042287,-2.552856413,0.0664117272,0.0502441819,0.0005010773,-0.01910941,0.0413554845,3.9189985889,6.5294188383
2015-06-30,24272,-0.043171115,15.952551623,-0.420426812,-1.463665811,-0.035433578,0.0859500501,0.0010352565,0.1619931533,0.2132093609,4.8473317551,6.5294188383
2015-06-30,24328,-0.043846283,16.601890131,-0.730146247,-2.0283889,0.1011692727,0.0218367505,0.0001375984,-0.043871911,-0.171555565,4.4434744434,6.5294188383
2015-06-30,24432,-0.073264286,15.235932598,0.2027044801,-2.434015666,0.0152348043,0.0649454488,0.0006558549,-0.009761895,0.0556832269,3.2607852162,6.5294188383
2015-06-30,24440,-0.093015879,15.867369226,-0.264442511,-2.373658544,-0.082694322,0.0560152211,0.0004261709,-0.117259936,-0.089207545,3.4499875458,6.5294188383
2015-06-30,24459,-0.047597297,15.537726463,-2.156221729,-1.017491988,-0.148871732,0.062139436,0.0008218131,-0.085053848,-0.188629445,3.084200939,6.5294188383
2015-06-30,24643,-0.108000033,16.675963614,0.1987614145,-2.255637864,-0.117018003,-0.224356495,0.0020236559,-0.218489019,-0.008494195,2.5257286443,6.5294188383
2015-06-30,24766,-0.003455131,17.058765559,-0.873677612,-1.502108221,-0.006122005,0.0739215711,0.0009688185,0.1194184868,0.2515437939,5.0700355914,6.5294188383
2015-06-30,24942,-0.066918477,17.178003779,-0.922387022,-1.530672789,-0.027312582,0.0645469129,0.0008177878,0.0132973048,0.0884363549,4.6372501001,6.5294188383
2015-06-30,24985,-0.053194117,16.109954508,0.1078669725,-2.409943611,-0.036993747,0.056717088,0.0006651778,-0.015107316,0.0782478084,3.6946129746,6.5294188383
2015-06-30,25081,0.0527068228,16.025187044,-0.195284049,-3.280969476,-0.002021657,0.0603567753,0.0003001071,0.0017461329,0.0049224686,3.8907993846,6.238324625
2015-06-30,25129,0.0534633435,15.266176981,-0.66636701,-3.12572484,0.0403510067,0.0587622038,0.0002467933,0.0010940286,0.0526819484,3.7979580628,6.238324625
2015-06-30,25232,-0.058206078,16.465346864,-0.637061891,-2.612219773,0.1104893016,0.0205662378,0.0011377949,-0.177091206,-0.24823615,3.7357629963,6.5294188383
2015-06-30,25320,-0.014273865,16.48137678,-2.082509392,-0.89966886,0.2426158235,0.0493008027,0.0005904183,0.0259034595,0.0019966831,3.8782593784,6.5294188383
2015-06-30,25419,-0.060786959,16.197206355,-0.894418444,-1.405258431,0.0095669767,0.0650068001,0.0015231972,0.0279763687,0.2139674388,5.2162935311,6.5294188383
2015-06-30,25487,-0.135686234,15.644354098,-0.379197541,-1.475384671,0.0677040929,0.0037076928,0.0018409656,-0.029304134,-0.05550495,3.9318256327,5.9480349892
2015-06-30,25582,-0.029159272,15.903329319,-1.564217766,-0.904504706,-0.140770891,0.0606366557,0.0006848996,0.1547437594,0.0575147673,4.3722288076,6.5294188383
2015-06-30,25590,-0.077276275,15.699214953,-0.522623276,-1.99639862,0.0466131622,0.0425903923,0.0003061229,-0.059661457,-0.129324579,4.1627817238,6.5294188383
2015-06-30,25778,-0.038095232,16.353365184,-0.984818469,-1.08148772,-0.015625318,0.0620723781,0.0003112968,0.1048116465,0.1264393737,3.4160860192,6.001414878
2015-06-30,25785,-0.010547122,18.019472151,-0.781960424,-2.059651144,0.058460783,0.1130697681,0.002455047,0.134139014,-0.003963179,2.7193197984,6.5294188383
2015-06-30,25953,-0.069230787,16.532994392,-1.020687202,-1.055072719,0.037052154,0.0570623141,0.0005306394,-0.037241337,-0.125672387,4.3228072953,6.5294188383
2015-06-30,26403,0.0341578014,18.816016731,-0.94466738,-1.942800797,0.0812928579,0.0446900214,0.0003354292,0.185884609,0.2699753502,4.7038383827,6.5294188383
2015-06-30,26470,-0.013005693,15.682511065,-0.283951225,-2.046408637,0.0697764514,0.0368710646,0.0003380396,0.0506294133,-0.179534219,4.2370008185,6.5294188383
2015-06-30,26825,-0.001115178,16.976301887,-1.584628642,-0.814912544,0.0189189543,0.0785275004,0.0006687375,0.0048727183,-0.063172418,4.1394772596,6.5147126909
2015-06-30,27043,-0.026212433,15.97221046,-1.562116814,-0.971745965,0.1863668926,0.0518782153,0.0003575003,0.0547051511,0.0747575225,4.4612997979,6.508769137
2015-06-30,27334,0.0097831693,15.529511978,-0.852959638,-1.401002629,0.0102730282,0.0455215283,0.0005825935,0.0877309604,0.1370263692,4.5966338704,6.4952655559
2015-06-30,27562,0.0572724827,14.679183735,-1.578728844,-1.219348328,-0.021862462,0.0437705975,0.0010085543,0.153387544,0.3095959814,4.9493271183,6.0038870671
2015-06-30,27633,-0.046699386,15.359871856,-0.165759133,-1.443549585,0.0901504006,0.0607887026,0.0016529552,0.0827906006,0.1060499833,4.5179769909,6.4907235345
2015-06-30,27684,-0.065894067,15.629113738,-0.346995916,-1.217414622,0.0297285612,0.0715462935,0.0041866196,-0.007305232,-0.010828827,3.7844168427,6.4861607889
2015-06-30,27756,-0.069603562,15.284218813,-0.747483139,-1.753030283,0.0761306631,0.0392698368,0.0003030703,-0.011352031,0.0059897267,3.1223649581,6.4846352356
2015-06-30,27828,-0.096227579,17.959075921,-0.566013198,-1.277072881,-0.028839364,0.0914258045,0.0021004529,-0.075481208,0.0023934781,3.5085559457,6.4815771293
2015-06-30,27887,0.0498423614,17.481880423,-1.464651211,-1.100121022,0.2380007561,0.0519333822,0.0004041875,-0.005529376,-0.050240771,4.1988547256,6.4785096422
2015-06-30,27888,0.0704263449,15.391919264,-0.641961303,-3.298603911,0.0501346546,0.0514774695,0.0002088492,-0.088161753,-0.005213185,4.296060216,6.1246833909
2015-06-30,27959,-0.067476563,17.775750511,0.1019005871,-2.551913823,0.0080740483,0.0529251751,0.0005037464,-0.037517068,0.1179111458,4.3271744275,6.4754327167
2015-06-30,27983,-0.062171604,16.491138991,-0.183728002,-1.325369954,-0.033160817,0.0761194306,0.0014296317,-0.133980162,-0.051652604,2.4353662109,6.4754327167
2015-06-30,27991,-0.066152312,15.669156425,0.1615596698,-2.370610558,0.009600606,0.0674055872,0.0005930378,0.013715654,0.1375109763,4.109561498,6.4738906964
2015-06-30,28222,-0.062142227,17.122500166,-1.034473567,-1.596834271,0.0522251695,0.0416017429,0.000430554,0.0737584686,0.2011360971,4.9887985621,6.4692503168
2015-06-30,28345,-0.043488253,16.29453638,-0.187052735,-1.488785102,-0.000751253,0.070653625,0.0004378306,-0.100524173,-0.239111226,3.7718409538,6.4661447242
2015-06-30,28484,-0.005776057,17.251818581,-0.03422531,-1.623784617,-0.015940937,0.1271190583,0.0007950092,-0.090849913,-0.159415388,4.2124238006,6.4599044544
2015-06-30,28804,-0.003248748,15.692184106,-0.621038436,-1.447390146,0.0587315023,0.0950419129,0.0009738079,0.1904505594,0.2712633343,4.1688334048,6.4567696556
2015-06-30,29209,-0.082085893,15.610433476,-0.266944903,-1.463592891,0.1117474285,0.0705363047,0.0039002149,0.0489073835,0.0342423148,4.1074253168,6.4567696556
2015-06-30,29946,0.0660337731,16.809072232,-2.177818299,-0.591987423,0.0419602593,0.0363625746,0.0001785011,-0.019622745,-0.013338729,5.0950208048,6.4567696556
2015-06-30,30681,-0.060915083,16.728196402,-1.322046545,-2.32935351,-0.002404488,0.0504856557,0.0007617029,0.0656754874,0.0898357779,4.3112017125,6.238324625
2015-06-30,30737,0.1268606931,14.830453066,-0.701766669,-0.073575061,0.0227522669,0.0445663187,0.0013835678,0.185662695,-0.107725946,2.6932748975,5.958424693
2015-06-30,30940,-0.039272729,16.138940283,-1.710567571,-1.033653606,0.0458614249,0.043214466,0.0004505502,-0.143969164,-0.220737962,4.0073331852,6.238324625
2015-06-30,31500,-0.036206834,15.330004547,-1.938763815,-1.612826763,0.1956448608,0.0366852962,0.0002616501,0.1214678643,0.1258247695,3.703768029,6.238324625
2015-06-30,32707,-0.0352103,16.345747727,-0.463569511,-1.406520924,0.0907925015,0.0770398013,0.0003759722,-0.087476605,-0.317142103,4.2903224162,6.4567696556
2015-06-30,32803,0.0328930877,15.976575014,-0.313744925,-1.772227478,-0.026712226,0.0717689942,0.0020365272,-0.128575803,-0.186858729,3.7293014052,6.4567696556
2015-06-30,32870,-0.014854985,16.382626965,-1.278438529,-1.162205099,0.0742787989,0.0432343305,0.0007345502,0.0175869041,0.1169182522,4.046903509,6.4567696556
2015-06-30,32942,0.002314172,15.803307856,-1.165969135,-1.028114526,0.0783550847,0.0500722074,0.0005005906,-0.031083963,-0.058121173,4.8236140556,6.4567696556
2015-06-30,32986,-0.050721984,15.492594512,-0.098306136,-2.377188154,0.0576375902,0.0543385072,0.0009402516,0.0332544943,0.0968168285,3.9893543568,5.9401712527
2015-06-30,34032,-0.014776492,15.884310866,-1.946967983,-1.038165859,0.0084009764,0.0341041322,0.0010049578,0.189556478,0.23318415,3.2984260924,6.4567696556
2015-06-30,34746,0.0350790471,16.707538747,-0.280172659,-3.042684244,0.0677845351,0.0971931633,0.0003815343,0.0137331101,-0.008142228,3.0076608331,6.1820849067
2015-06-30,34817,-0.060412254,16.568177225,-0.682206929,-2.018001589,0.0716512655,0.028325847,0.0011209969,-0.085763287,-0.005935034,3.8565102794,6.4567696556
2015-06-30,34833,0.0042204144,18.205351118,-0.415993116,-1.458957809,0.0783473104,0.074415136,0.0003189705,-0.049433506,-0.14919795,4.3591417934,6.4567696556
2015-06-30,35044,0.0327055976,16.499613238,0.1171956903,-3.132593728,-0.033101375,0.0800201249,0.0004139631,-0.000120856,-0.016302386,2.3115448495,6.238324625
2015-06-30,35051,8.03159e-05,16.052560422,-1.633360546,-0.85408843,0.036641521,0.0342997118,0.0002800035,0.0686902796,0.1514409812,4.8238236916,6.4567696556
2015-06-30,35124,0.0182144456,14.841680209,-1.081705062,-1.561794029,-0.008775525,0.0383555391,0.0003995242,0.2205261554,0.3154220209,3.6630486823,6.238324625
2015-06-30,35167,0.0605906621,14.99923323,-0.343348336,-3.228243533,0.4720219659,0.0488483716,0.0002823507,0.0717765138,0.0637287559,2.9775682718,5.9989365619
2015-06-30,35554,0.0335043296,16.607363212,-0.374629577,-2.973594957,0.0256132538,0.0724056668,0.0003180324,-0.009449664,0.0028480394,4.7947982952,6.238324625
2015-06-30,36003,0.1494762748,15.292723652,-2.310794233,-0.114996975,0.0652746156,0.0275286669,0.0003026182,0.1644971091,0.2064004792,3.2116497675,6.4567696556
2015-06-30,36397,0.0657181442,14.847238422,-0.13516883,-3.014959064,-0.07020964,0.0104974389,0.0004780598,0.1105002812,0.2340296411,2.6919208347,6.238324625
2015-06-30,36468,-0.045665916,16.841723329,-2.372366242,-0.284037128,0.0234245699,0.0396744629,0.0005476181,0.1960468251,0.3136240071,5.6635852595,6.4567696556
2015-06-30,37161,-0.063129999,15.208049079,-0.295763435,-2.239625422,0.0123612638,0.0514522868,0.0007608109,-0.011805633,0.1273445359,2.9365129341,6.4567696556
2015-06-30,37284,-0.046214648,15.842004654,-0.178100567,-2.225632351,0.2240028344,0.0492145577,0.0047545119,0.1924553723,0.436599788,4.483002552,6.4567696556
2015-06-30,37584,-0.033981558,17.407482273,-1.189943975,-1.626528873,0.0423926683,0.0573646968,0.0002192676,-0.061027431,-0.049540928,3.9300593649,5.9480349892
2015-06-30,37807,-0.019650124,15.665927967,-1.495262045,-1.008310475,0.1042907197,0.046415834,0.000673815,-0.006066434,0.0928718963,4.4243674642,6.4567696556
2015-06-30,38093,-0.016099103,15.806212871,-0.9984571,-2.562547173,0.2482539503,0.0423083973,0.0005114481,0.0182224383,0.0738157255,3.8805323541,5.9242557974
2015-06-30,38156,0.1346379817,17.577163118,-0.750120173,-2.289481432,0.109495499,0.0165916044,0.0002602107,-0.05701567,0.1275925493,3.9337844673,6.4567696556
2015-06-30,38295,-0.009146333,14.785076376,-0.030523427,-3.156250043,0.1020785728,-0.026970709,0.003215594,-0.047535295,0.056642107,2.5741377748,6.4567696556
2015-06-30,38659,-0.044237498,15.263173183,-1.247874431,-1.273692013,0.3320156249,0.0453867657,0.0002440494,0.0675242846,0.2019846503,2.8437459343,6.001414878
2015-06-30,38682,-0.091240875,15.035929722,-1.729893864,-1.13328972,-0.003379104,0.0557031978,0.0028385421,0.0937599506,0.2051682427,2.9538680854,6.4488893941
2015-06-30,38703,0.0050036204,19.438940189,-0.435334048,-2.930823,0.0705700182,0.0875370607,0.0003681922,0.049932635,0.1011996748,4.0246371334,6.4488893941
2015-06-30,38762,-0.033700723,16.332179182,-0.114650182,-2.59868516,0.0363736933,0.0465542569,0.0005490409,0.0438339965,0.1751021154,3.8539700804,6.4488893941
2015-06-30,39490,-0.036931802,17.47417918,0.2432047515,-1.719646723,0.014709272,0.0630248168,0.000477934,-0.113390703,-0.29628822,4.0916743362,6.4361503684
2015-06-30,39538,-0.004649319,16.392705357,-1.567594049,-0.565494867,-0.013444015,0.0544814924,0.0004016125,-0.07203331,-0.284026354,3.250761993,6.4361503684
2015-06-30,39571,-0.021490531,15.370048129,-1.987839255,-0.724151164,0.0041480458,0.0431289757,0.0002307707,-0.083341921,-0.003229873,4.2848271208,6.238324625
2015-06-30,39642,0.0123834563,16.944725701,-1.407443435,-0.973584726,0.0670684342,0.042432233,0.0003757135,0.0988255295,0.1975442424,4.9452786215,6.4345465188
2015-06-30,39917,-0.02364869,16.779047724,-1.060778116,-1.860860736,0.1409490172,0.0301429097,0.0004634855,-0.063703605,0.0281200564,3.4830845833,6.429719478
2015-06-30,40125,-0.039795905,16.034860913,-0.886193343,-1.271468518,0.0055258608,0.0586623009,0.0018209432,0.0720589088,0.0391329313,4.2282925125,6.4281052727
2015-06-30,40272,-0.077956989,15.952857864,-1.563867724,-0.889038247,0.0249600769,0.0492139956,0.0004212427,0.1547436101,0.1622577258,4.7794595788,6.4248690239
2015-06-30,40416,-0.068452321,15.663535439,-1.861977368,-0.006381702,-0.128495475,-0.000736599,0.0013318655,-0.228194837,-0.541684656,1.9050881233,6.4232469635
2015-06-30,40539,0.0278036818,17.432399363,-2.423709705,-0.184035477,0.1385021252,0.041206502,0.0005707921,0.0242718685,0.1781216822,4.1648029832,6.4216222678
2015-06-30,41080,-0.032165255,17.160910622,-1.196155072,-1.122802583,0.1601891536,0.0546275933,0.000655568,-0.044891552,-0.084672279,4.9093405985,6.4150969592
2015-06-30,41187,-0.026522638,14.75919189,-0.140129076,-3.026919691,0.0166448279,0.0610497473,0.0012468356,0.1259883345,0.2958914902,3.4190373298,6.4134589572
2015-06-30,41355,-0.034044661,16.74540874,-1.189307358,-1.344321067,0.1157382845,0.0482215348,0.0006777521,-0.052286668,-0.03386824,4.7910686738,6.410174882
2015-06-30,41929,-0.051890343,14.871943032,-0.495340605,-2.009475891,0.0431334523,0.0429538134,0.0024198291,-0.045518009,-0.106023717,3.7005609891,6.4019171967
2015-06-30,42200,-0.001706811,15.48382565,-0.820567124,-1.272195313,0.0114545812,0.0355965216,0.0004673593,0.1688854438,0.1369341483,3.9651845449,6.3985949345
2015-06-30,42286,-0.028590865,14.78745672,-1.137373072,-0.843301585,0.0029660296,0.0289694305,0.0007875368,0.1280567429,0.1806724675,3.3803141422,6.3985949345
2015-06-30,42550,-0.032840271,15.433963548,-2.035158661,-0.646265861,0.0539936396,0.0532522274,0.0005145241,0.1476928973,0.144397186,6.1321174048,6.393590754
2015-06-30,42585,-0.085533522,16.199999553,-0.574075818,-1.420143227,-0.009194519,0.0487447058,0.000541205,0.120262636,0.1400340575,4.7753348383,6.393590754
2015-06-30,42877,-0.022970727,15.96713758,-1.740174115,-1.147793445,0.1344793572,0.0370829734,0.0006160231,0.0939304002,0.1233227948,4.4310548258,5.9427993751
2015-06-30,42906,0.0215633698,15.868890303,-0.33903816,-3.125248836,0.057495251,0.0766420161,0.000356428,0.102644343,0.1797582406,2.4096441756,6.238324625
2015-06-30,43123,-0.070769206,15.404060249,-0.1838403,-2.68653937,0.0990745949,-0.026015167,0.0010504179,0.0452583253,-0.169825353,3.4812400893,6.3818160174
2015-06-30,43350,0.0324091688,16.433291497,-0.604991289,-1.370305635,0.0426945144,0.0356663296,0.0007704028,0.0634630497,0.1439421369,4.6292772852,6.3801225369
2015-06-30,43449,-0.008964877,18.416402872,-1.698882846,-1.082949129,0.0344361701,0.0562445396,0.0002910643,0.0469422763,-0.023402656,4.563618762,6.3784261837
2015-06-30,43553,-0.005253478,17.115421447,-1.435976286,-0.594619767,0.068445209,0.0431426348,0.0004159518,0.0763332293,0.1557973987,4.2546193131,6.3784261837
2015-06-30,43772,-0.020243803,15.226664095,-0.768811119,-1.262984856,-0.018202265,0.0491914213,0.0011921846,0.1692424379,0.1022043242,3.8273361674,6.3750248198
2015-06-30,44134,-0.05379929,15.106391463,-0.757063252,-1.258937935,0.084293424,0.0485804914,0.0006339399,-0.076510647,-0.226541414,3.5851842559,6.3681871864
2015-06-30,44206,-0.077969544,16.519325878,0.0210190684,-2.563970579,-0.018086119,0.0571803937,0.0005464775,0.003314747,0.0955613693,3.8969093676,6.3664704477
2015-06-30,44329,0.0521204844,15.289897097,-0.46298372,-1.517923925,0.1182756425,0.0384330038,0.0004391286,0.0802481114,0.1511407687,4.8577949093,6.3630281035
2015-06-30,44506,-0.08264637,14.651272202,-0.883558627,-0.850326135,0.015136372,-0.010475464,0.0003188001,0.1029811237,0.3131079724,3.1635745381,5.9348941956
2015-06-30,44601,-0.009691508,15.400503358,-1.178553315,-0.920169759,-0.101921215,0.0491519004,0.0012653985,0.1843692611,0.119446019,4.1256817151,6.3595738687
2015-06-30,44644,-0.056016825,17.454943837,-1.800820205,-1.869151369,0.046061316,0.0344689287,0.0002907309,0.044757634,0.2176962737,4.4486333532,6.3595738687
2015-06-30,45751,-0.026275095,17.164724009,-1.182186541,-1.920155157,0.0416075405,0.0496532034,0.000461896,0.0425594665,0.1316000894,4.064400678,6.3456363608
2015-06-30,45911,-0.048098043,15.99879845,-0.941949275,-1.018935619,0.0879605456,0.0503152083,0.0003324572,0.4633351585,0.761463526,4.694645198,6.3438804341
2015-06-30,46578,-0.033810206,16.279606492,-3.81044689,-0.512218382,-0.010154715,0.0468381242,0.000469639,0.0780854798,0.1985566453,4.6789781471,6.3350542515
2015-06-30,46674,-0.003592378,16.417194676,-1.316562898,-0.593877991,0.1206977625,0.051967712,0.0010957228,-0.06543505,0.0649850851,4.5050183175,6.3350542515
2015-06-30,46690,-0.100795761,15.134474036,-0.448377782,-1.589093472,-0.038466281,0.0448162128,0.0010506319,-0.072852699,-0.266024066,3.7249703037,6.3350542515
2015-06-30,46877,0.0022310333,16.204779013,-1.533959593,-0.937967722,0.194202774,0.0640256525,0.0002922625,0.0183975069,0.1242909591,5.1376790636,6.3332796281
2015-06-30,46886,-0.057827704,16.301927951,-1.126096755,-1.148257158,0.036017569,0.0493462537,0.0002647162,-0.070547353,0.1249635393,4.0886617765,6.0354814325
2015-06-30,47466,-0.017985612,14.636663585,-1.026843844,-0.995858068,-0.086980959,0.0238927551,0.000667042,0.0480978146,-0.091702026,2.6318888127,6.3261494732
2015-06-30,47626,-0.011639957,16.205224088,0.089542628,-3.925116713,-0.022953754,0.0778895728,0.0008349274,0.0895688143,0.0682379049,3.6548054698,6.3243589624
2015-06-30,47896,0.0301003866,19.200350327,-0.094470689,-3.226558982,0.0236869769,0.0783752717,0.0004811036,0.0585723856,0.1567456818,4.1863158222,6.3225652399
2015-06-30,47941,0.1017960086,15.775726095,-0.656228253,-1.383876476,0.3704680608,0.0560572256,0.0007653623,0.0973641299,0.2357610266,3.5776685504,6.3225652399
2015-06-30,48486,-0.007294851,16.210821886,-0.676565141,-1.429312118,-0.098977956,0.0128142258,0.0004074905,-0.024894942,0.2073047612,4.4097633896,5.926926026
2015-06-30,48506,-0.001295091,16.745794178,-3.545555315,-0.714975931,0.1040190118,0.0465620326,0.000176092,0.0865057813,0.237950031,4.6830567105,6.3171646867
2015-06-30,48523,0.0231958833,14.771629257,-1.532737793,-0.776884554,-0.096298898,0.044411573,0.0004845266,-0.010482658,0.0236168365,4.4913293456,6.238324625
2015-06-30,48653,-0.107523859,16.799626253,-0.546672173,-0.857753423,0.0371413718,0.0737069271,0.0025637974,0.1797002012,0.2934467274,5.3690087662,6.3153580015
2015-06-30,48725,-0.054900415,18.319989095,-0.782298602,-1.684928117,0.0532308473,0.0551606769,0.0002838089,-0.083019606,0.0822183124,4.6142290668,6.3153580015
2015-06-30,49015,0.0387651809,16.423157851,0.1297137085,-4.874501201,0.0793546694,0.0878826341,0.0008770847,0.0386315036,0.1771911061,4.0432266616,6.3135480463
2015-06-30,49154,0.0291225109,17.41891783,-0.805617268,-0.77153024,0.0323469806,0.0723109944,0.0018312044,0.2568145658,0.3508289906,4.3734902998,6.3117348092
2015-06-30,49373,-0.059249919,16.033926728,-1.840292073,-1.143566025,-0.024336412,0.0568050507,0.0003650797,-0.054073607,0.0398438497,3.4572625912,6.3099182782
2015-06-30,49429,-0.092750624,15.335471125,-0.55574196,-0.480322786,-0.061634505,0.0830398283,0.0017385282,0.219437224,0.1565014548,4.7536764127,6.3099182782
2015-06-30,49656,-0.032057181,17.570673405,-0.081947294,-3.215834849,0.0417897981,0.0512679297,0.000381842,0.0980941543,0.220479408,3.7695373712,6.3062752869
2015-06-30,49680,-0.006892995,17.824191139,-0.874363479,-1.159094696,0.0512201306,0.0488575441,0.0003551327,0.0209954203,0.0483877342,4.4580613174,6.09356977
2015-06-30,49971,-0.044247773,14.888361767,-0.299191497,-2.571852666,0.1473858308,0.0518850927,0.0005062937,0.001878286,0.0800749013,3.6187252187,6.3026189757
2015-06-30,50017,-0.108103208,16.500955551,-1.464179191,-1.802900773,0.0813619732,0.0083639007,0.0001286123,-0.071872052,-0.377511234,4.0147600801,6.045005314
2015-06-30,50788,-0.118609615,15.118528328,-0.437847148,-1.361030323,0.0107856694,0.0502873025,0.0006116542,-0.050974251,-0.001436615,4.6837040467,6.2952660014
2015-06-30,50876,0.058174856,18.058221483,-1.180865528,-0.590231159,0.024404062,0.0783792075,0.0004021718,0.0944843838,0.2047978692,4.3681812472,6.2934192788
2015-06-30,51263,0.0392364673,15.306492868,-1.140029166,-1.293974295,-0.020090545,0.0484810089,0.0012981953,-0.050769594,-0.311582369,2.9370433096,6.238324625
2015-06-30,51369,-0.087943204,15.152446298,-0.510791853,-1.110651045,0.0792952501,0.0477000627,0.0004228532,-0.002057538,0.0341842841,3.0516398875,6.2878585602
2015-06-30,51625,0.0161734633,15.302646051,-0.631508084,-2.922937835,0.2872673149,0.0367491849,0.0006650122,0.2433826098,0.3398685541,3.3693626398,6.2841341611
2015-06-30,51633,-0.096077055,15.069633316,-0.25443207,-2.121754083,0.0026492161,0.0456612497,0.0008516746,-0.023371774,0.1049976347,3.7511497727,6.2841341611
2015-06-30,52038,-0.020452136,16.901636833,-1.349137178,-0.413724083,0.0459693084,0.0460989411,0.0021089966,-0.024518379,0.0176268965,3.6152329098,6.280395839
2015-06-30,52090,0.0312101524,16.044378457,-1.472437277,-0.926330399,0.0660243688,0.041863309,0.0004530679,0.0734189025,0.0620122558,4.4615643738,6.238324625
2015-06-30,52230,-0.015433723,15.697039755,-1.833555059,0.172114215,0.0759538928,0.0424221172,0.0007293083,0.0185438376,0.2057591119,4.0319370831,6.2766434893
2015-06-30,52329,-0.061026342,15.768116208,-0.636753698,-1.32102341,0.0616213094,0.0497201818,0.0014229413,-0.10173755,-0.250666114,3.7672283817,6.2766434893
2015-06-30,52337,0.0881745145,15.338045819,-1.312394502,-2.486519854,0.5785793377,-0.029871516,0.0026528142,-0.157964058,0.0181324774,3.9738703829,6.2766434893
2015-06-30,52476,-0.032293487,15.994790888,-1.171781121,-1.096433998,0.0063639592,0.0388899686,0.0002739986,0.252933855,0.3236916636,4.6084647712,6.2747620212
2015-06-30,52695,-0.015312312,16.671977929,-1.652831323,-0.202231,0.0489800868,0.0439748605,0.0005321865,0.0155174408,-0.02591982,5.4820129865,6.2728770065
2015-06-30,52708,0.0945743024,15.941306344,-0.481445142,-2.047243695,0.0842672481,0.0619285001,0.0007901644,0.0629884372,0.1169487516,3.980940356,6.2728770065
2015-06-30,52716,0.056827005,14.680610564,-0.958031012,-0.554054021,-0.025387127,0.0425960191,0.0007110099,0.122379862,0.2436614974,3.9427462047,6.2728770065
2015-06-30,52813,0.0143623017,14.715792118,-0.969603453,-0.618640581,0.1182269731,0.0490673017,0.0003945797,0.1261681309,0.1309201281,3.2623184061,5.9375362051
2015-06-30,52898,-0.06952887,15.350772037,-0.550891679,-2.476591254,0.0390147332,0.0480047446,0.0001843723,0.0357980655,0.0741717719,3.2703290949,6.2709884319
2015-06-30,52936,0.0105513865,14.765686707,-0.404854968,-3.21116689,0.0295134796,0.040226962,0.0010320359,0.0551615316,0.199891387,4.0196210215,6.238324625
2015-06-30,52978,0.0368779115,15.730449918,-1.427633344,-0.693934585,0.0176180194,0.0389308187,0.0005660762,0.221687385,0.3065992331,4.2784700084,6.2690962837
2015-06-30,53065,-0.056317318,15.92759953,-1.080825495,-2.760588178,-0.044622898,0.0357169695,0.0009662539,0.0821547056,0.1010297113,3.0165148165,6.2690962837
2015-06-30,53225,0.0037815582,15.31471697,-0.009166086,-1.105898564,0.1295266214,0.0452306144,0.0008456909,0.2719441689,0.4252207644,6.9763480704,6.2672005485
2015-06-30,53613,-0.3254565,17.378929354,-0.832809178,-1.666645557,0.2884146349,0.0504205237,0.0003942034,-0.162394533,-0.016220415,3.3297013909,5.9242557974
2015-06-30,53640,-0.039571274,14.751504438,-0.801886133,-1.182895396,-0.011423765,0.0183258722,0.0004132019,0.2465723848,0.3156474422,3.5942939949,6.023447593
2015-06-30,53663,-0.087551765,14.598677758,-0.141727339,-2.481041821,0.0364482557,0.0513637177,0.0007395617,0.2108785912,0.3409802735,3.9257286254,6.2614916843
2015-06-30,53866,0.0166408792,15.834191159,-1.516559612,-0.044105399,0.095172583,0.0582831861,0.0014049635,-0.00191781,0.2964489275,4.3505359243,6.2595814641
2015-06-30,54148,0.0547444895,15.848073292,-0.517849978,-1.995282629,0.2600097723,0.2895218994,0.0007276205,0.0130289295,-0.000764023,2.9538680854,6.2576675879
2015-06-30,55001,-0.118706219,15.728444005,-0.224970543,-1.762971195,0.0921034146,0.0831613372,0.0010247896,-0.26881072,-0.455638682,3.4008639851,6.2499752423
2015-06-30,55212,-0.020791255,15.371805279,-0.732357262,-1.560926992,-0.039171907,0.0430850746,0.0010436121,-0.199096242,-0.290514319,4.3082454993,6.2461067655
2015-06-30,55976,-0.044971004,19.304431864,-1.078137477,-0.499556957,0.0489314804,0.064627397,0.0018333105,0.0345834561,0.0343866833,4.3077070565,6.2402758452
2015-06-30,56223,-0.058595881,14.566826493,-0.613044007,-1.715899762,0.0673097742,0.0657066618,0.0007979513,0.0429019799,0.0706815869,2.8953593078,6.238324625
2015-06-30,56274,0.1323491484,16.341224896,-0.717562174,-1.619178761,0.578512615,0.0531844839,0.0010928322,0.0649982321,0.1420478056,3.6535113261,6.238324625
2015-06-30,56573,-0.016572533,17.402524193,-1.295517982,-1.22741824,0.0334595185,0.0427517515,0.0003787009,0.0374966007,0.0986970146,4.5414846538,6.2324480166
2015-06-30,57568,-0.011832601,15.983231279,-1.604397032,-1.59122829,0.0408097394,0.0529639264,0.0011327086,0.1342284659,0.2015072162,4.262538992,6.238324625
2015-06-30,57665,0.0624569543,17.810588199,-1.612686351,-0.42882501,0.1284099915,0.0430896238,0.0004522388,0.0670122381,0.2597038706,4.6217322563,6.0306852603
2015-06-30,57809,-0.037325475,15.456506602,-1.59660384,-0.796820438,0.1100203332,0.045383997,0.0003229043,0.0453715358,-0.015067647,4.3933374711,6.0591231956
2015-06-30,57817,0.0256057363,16.373099212,-1.832013604,-0.452479745,-0.048501665,0.0596915212,0.0010160984,0.0487263958,0.1181934486,4.2855157259,6.238324625
2015-06-30,57904,-0.000321447,17.157328143,-0.582776353,-3.15641942,-0.077590101,0.0966092152,0.0007685866,0.066688733,0.0479094994,4.1306765111,6.2225762681
2015-06-30,58246,0.0304493085,16.531986009,-0.618640601,-3.23878968,0.0547361798,0.0485895948,0.0002912934,0.1079331876,0.2110992976,4.3114700821,6.238324625
2015-06-30,58318,-0.05742012,15.32696729,-0.674737176,-1.396550704,-0.031546932,0.0437108192,0.0015132784,-0.042608245,-0.330342311,3.208017063,6.2166061011
2015-06-30,58683,-0.104858279,16.737752544,-0.245385018,-1.490650241,0.0394874843,0.0558530331,0.0013474613,0.1651732112,0.434400431,3.6122683311,6.2402758452
2015-06-30,58771,-0.068678938,15.081120808,-0.393010834,-1.378611585,0.020631295,0.0354813527,0.0009313287,0.1026825744,0.0360885437,4.3591417934,6.2186001197
2015-06-30,58819,-0.058401272,15.725293906,-0.059152528,-2.508102956,0.0298589625,0.0646126463,0.000572232,-0.006495654,0.0707740477,4.1157798305,6.2402758452
2015-06-30,58975,-0.082874,15.948279095,-1.309372094,-1.17332068,0.1223859896,0.0426080483,0.0003850672,-0.233778238,-0.254919655,3.9278963396,6.1675164909
2015-06-30,59010,-0.004174371,16.723552854,-1.802183174,-0.104319855,0.0064464365,0.0626811554,0.0008916034,0.0562638213,-0.016955689,3.6462329272,6.154858094
2015-06-30,59045,-0.000651746,15.713895601,-0.787306662,-1.555271979,0.0080126989,0.0438969304,0.0003975236,-0.342258564,-0.341987243,4.340032066,6.1463292577
2015-06-30,59176,-0.021450074,18.424970124,-1.606524578,-2.742272182,0.0015333673,0.0536694551,0.0003593314,-0.143081678,-0.154330212,4.3785205107,6.2402758452
2015-06-30,59192,-0.018358981,16.930548005,-0.412977278,-2.611232406,-0.034130212,0.0920254282,0.0005711229,0.0002257345,0.0809232042,4.579852378,6.238324625
2015-06-30,59248,-0.048650857,16.433494155,-0.07521071,-2.086921259,-0.039769586,0.0533137425,0.0004073612,-0.001605508,0.127016957,4.3287246097,6.1779441141
2015-06-30,59328,-0.117382422,18.845250184,-0.721568737,-0.8554152,0.0906856656,0.0719678519,0.0004087639,-0.030662989,0.194795166,3.5397992045,6.238324625
2015-06-30,59396,0.0229624882,15.276316453,-0.173489196,-3.13533698,0.0187788628,0.0950638419,0.0012114039,0.0593049148,-0.063502885,2.7382560456,6.238324625
2015-06-30,59408,0.0345454812,18.900793683,0.2781714813,-3.203592266,-0.04996161,0.066566196,0.0006121806,-0.068342397,0.0604770842,2.8033603809,6.2402758452
2015-06-30,59459,-0.038073566,17.302478548,-0.284694787,-2.4507046,-0.010788129,0.1056465038,0.0007908841,0.0133268105,0.1007061063,4.6163079576,6.238324625
2015-06-30,59619,0.0094534624,14.829258712,-0.654178404,-1.261665848,0.0516052386,0.0455918661,0.0006040545,0.1074812221,0.1888203277,4.2150861348,6.2402758452
2015-06-30,60206,0.0247748159,15.747392207,-1.029749408,-0.862415615,0.0518569056,0.0535448853,0.0005082253,0.1312708911,0.2541691342,5.0460023987,6.238324625
2015-06-30,60442,-0.000418026,17.677590706,-0.027629014,-3.036893075,0.0485830335,0.0973320937,0.0004086281,0.0711837192,0.0955709231,4.5611138253,6.238324625
2015-06-30,60506,0.0039332914,16.919460336,-0.999935038,-1.789489485,0.1067097376,0.0543671142,0.0008164886,0.0217619715,0.0557239909,4.1519843633,6.2402758452
2015-06-30,60580,-0.005263936,15.07982809,-2.293196316,-0.2513774,0.0697401693,0.0419648962,0.0005651683,0.0899886424,0.0513645781,4.2252266062,6.238324625
2015-06-30,60599,-0.116125219,16.847258502,0.1532754931,-1.586002173,-0.042215196,-0.012776747,0.0009607289,-0.114137459,0.0101048218,3.5037540205,6.238324625
2015-06-30,60628,-0.014836666,17.616271524,-0.85712614,-1.091487849,0.1155846317,0.0341836737,0.0009861023,0.0152388518,0.1672594701,5.15456247,6.1047932324
2015-06-30,60687,0.0242519826,15.489190403,-0.071753353,-3.84177163,0.0718022273,0.0873804997,0.0009866891,0.0793779863,0.1120032108,4.1510399059,6.0890448754
2015-06-30,60871,-0.055547405,16.647889439,-1.205413852,-1.264086366,0.1270489486,0.0416351363,0.0001662385,0.2336083024,0.1869258442,4.2189192833,6.238324625
2015-06-30,60943,0.0361675471,15.374349442,-1.094402509,-1.311584457,-0.046149946,0.042656232,0.0008570237,0.0894922768,0.2562972726,3.8560873473,6.238324625
2015-06-30,60986,0.0399696901,15.96435373,-1.450053077,-0.954911925,-0.024782218,0.0441436544,0.0006113738,0.1440386134,0.27865063,3.6770598464,6.238324625
2015-06-30,61188,-0.022952626,14.713593902,-0.216596173,-2.189779698,0.0170367607,0.0545601234,0.0007524831,-0.042020877,0.0687963842,3.9974664704,6.238324625
2015-06-30,61313,0.0086931968,15.615544955,-1.746016682,-0.638094921,0.0077578997,0.0381861447,0.0003846527,-0.098044164,-0.0695645,3.5740296082,6.238324625
2015-06-30,61399,-0.043012317,17.68381564,-1.286693772,-0.634068803,-0.026970302,0.0371063005,0.000974442,0.1922446881,0.395758365,4.2482095349,6.238324625
2015-06-30,61516,0.0432223156,15.0546074,-0.412290932,-0.938581336,-0.014054205,0.0216918849,0.000601022,0.1753987355,0.1076356899,5.1655720511,6.0497334552
2015-06-30,61567,0.010154346,15.201697476,-1.302753427,-1.274538566,0.1357045022,0.0413619972,0.0003770936,0.1842218153,0.2044781168,3.8967063354,6.2402758452
2015-06-30,61621,-0.051204186,16.529569003,-2.208375062,-1.257291597,-0.049981533,0.0336481754,0.000139892,0.0387838911,0.1886888514,3.9001528298,5.9506425526
2015-06-30,61743,-0.028669933,14.891251074,-1.425965765,-0.364917195,0.1054568691,0.068424415,0.0006011348,0.072561155,0.1582185273,4.156223328,6.238324625
2015-06-30,61807,0.0298703648,14.991763932,-0.644661417,-1.291337113,0.0413705404,0.0378338443,0.0008349425,-0.091034046,-0.030719619,4.3230238475,6.045005314
2015-06-30,61815,-0.025125595,17.145674418,-0.744304502,-1.634805328,0.1123882866,0.0363948536,0.0001965042,-0.123919052,-0.341691618,3.7791770642,6.238324625
2015-06-30,62092,0.0021599138,17.66724592,-0.77888596,-1.581397723,0.1492885884,0.0312934033,0.0003252672,0.0690175486,0.0771491663,4.8646842763,6.238324625
2015-06-30,62148,-0.041960102,17.247703363,-0.419776672,-1.93785633,0.0388482446,0.0619561837,0.0004122812,0.0218555105,0.2192118248,3.5287107557,6.0330862218
2015-06-30,62308,0.0225162357,15.788685195,-0.626584463,-3.053247629,-0.031660059,0.0721228831,0.0005336483,0.0625684718,0.0463754027,4.0442785792,6.238324625
2015-06-30,62341,-0.100603625,14.632304838,-0.55815543,-2.223942617,0.103077865,-0.014042827,0.0002166449,0.2606737917,-0.123368003,4.0883264797,6.1377270541
2015-06-30,62498,0.0727743357,14.907722616,-1.309061374,-1.168477246,0.0665346095,0.0322520114,0.0003993242,0.0431361179,0.2446365743,3.9915732729,6.238324625
2015-06-30,63467,0.0145106893,15.308904897,-0.686022121,-2.066784916,0.1541799993,0.0464633024,0.0002985895,0.0096745255,0.0700226603,3.4778497143,6.0282785202
2015-06-30,63714,-0.00860532,15.701391742,-0.504407831,-1.488929137,-0.043485487,0.0135648732,0.0009669585,0.2844180923,0.3373525016,4.556924883,6.013715156
2015-06-30,63765,-0.117966659,16.591922672,-0.987318814,-1.397136845,0.1776966234,0.0496008335,0.0002436479,-0.148272297,-0.483777404,3.2492110424,6.238324625
2015-06-30,63773,-0.005018556,14.790861282,0.7504253878,-1.208200775,0.0319797047,0.0529039762,0.001874392,0.0518239599,-0.015119674,3.3908103068,6.001414878
2015-06-30,63830,-0.05542697,17.413868308,-1.308946009,-1.75864895,0.4701172721,0.0359535679,0.0002141475,-0.065316824,-0.201577449,5.3548394899,6.238324625
2015-06-30,64186,0.1503230631,17.022630869,-0.817455566,-2.609392755,0.0111410424,0.0592503736,0.0013381985,0.2248776508,0.3283763444,4.9475535022,5.9914645471
2015-06-30,64311,-0.050434776,17.278205185,-0.368818207,-2.052081674,0.0681839842,0.0644815996,0.0003920613,-0.082164374,0.0170663721,4.521788577,5.9864520053
2015-06-30,64390,0.0179224499,16.524435068,-0.967029236,-2.530274321,0.0727877244,0.0688370577,0.001109608,0.0348442726,0.0885118605,3.3083508369,6.238324625
2015-06-30,64450,-0.07632193,14.694512112,-0.428720735,-2.677461691,0.0813562271,0.057400549,0.0016443516,0.0570608516,0.1432130051,3.4035279869,6.238324625
2015-06-30,64557,-0.0073733,15.084771553,-0.13576307,-2.234574058,0.0162424135,0.0554493047,0.0003890684,0.025653994,0.0654278762,3.9936029924,5.9558373695
2015-06-30,64936,-0.051758282,17.544202811,-0.694117233,-2.404102617,0.0672463253,0.0465449453,0.0003493546,0.02249328,0.0643713131,4.2558963099,5.9558373695
2015-06-30,64995,0.0301783625,16.353776541,-0.182200094,-3.155393045,0.0406050182,0.0698050714,0.000364421,0.0999361775,0.0682519182,2.6796507213,6.2402758452
2015-06-30,65307,-0.02118724,15.632506638,-1.370814087,-0.829527673,0.1450004882,0.0177098177,0.0007393295,0.059136452,0.1207575033,3.9126228011,6.238324625
2015-06-30,65330,-0.030547259,15.604424549,-0.047729148,-2.928582359,-0.162893698,-0.069739179,0.0004979863,0.018310362,0.0871900768,3.977061413,5.9506425526
2015-06-30,65402,0.0084058018,15.160846285,-1.136917853,-1.054042361,0.0542577289,0.0395432573,0.0005117995,0.18642432,0.26976728,4.2680176796,5.5721540322
2015-06-30,65541,-0.020905556,15.686877657,-0.887031589,-1.030451891,0.0644699074,0.0486185313,0.0002670583,0.0831105936,0.3225860372,5.2027421751,5.96870756
2015-06-30,65875,-0.057241064,19.126874555,-0.124769964,-1.287196437,0.1963991242,0.0786315522,0.0008573928,0.0265795271,0.053710051,3.9007597854,5.9348941956
2015-06-30,66093,0.0283728875,19.027923579,-0.371171561,-1.279328867,0.0198951485,0.0939679572,0.0006948778,0.0218958957,0.0299337264,3.5421180992,5.9348941956
2015-06-30,66157,0.0126420995,18.180293082,-0.688829281,-3.004730915,0.0283243336,0.0761246785,0.0002853784,0.0173483191,0.0384989498,3.7637550029,6.238324625
2015-06-30,66181,0.0026925064,18.522535561,-1.857497519,-0.463617676,0.0138724315,0.0383650945,0.0006444823,0.1022317283,0.3082902733,4.7133068282,6.0088131854
2015-06-30,66325,-0.03801173,15.072435806,-0.797789324,-3.532225644,-0.127618986,0.1100847832,0.0005754004,0.0648656315,0.1684825235,2.3282528621,5.9480349892
2015-06-30,66384,-0.189400181,16.888120569,-0.923658801,-0.919573401,-0.012038953,0.048122965,0.0007719462,0.0026606911,0.12414817,4.5784154549,6.2363695902
2015-06-30,66683,-0.043568473,15.452693785,-1.248498545,-0.702703777,0.0121389062,0.0417997183,0.0004759874,-0.014681714,-0.307924691,2.6713862194,5.9215784196
2015-06-30,66800,0.0569015369,18.184427954,0.3037698351,-3.528714914,-0.013402503,0.1131078147,0.0008959806,0.0540358116,0.0493443992,4.0709053409,6.238324625
2015-06-30,67467,0.0291571785,14.745750009,-0.907348722,0.1912500439,0.0661909408,0.0898215246,0.0028604543,0.0064328953,0.0871645579,3.7819143548,5.8916442118
2015-06-30,67847,-0.045700118,15.408071444,-0.151220388,-2.338752449,0.2023768266,0.0230909514,9.7694e-05,0.1284333378,0.0418751799,4.1708424814,6.0161571597
2015-06-30,68144,0.0079662642,16.876360465,0.0476873221,-3.149930483,0.0108551802,0.0658894584,0.0004358206,0.0684921153,0.094903475,3.7537304336,5.8888779583
2015-06-30,68196,0.0298912749,15.519344048,-1.570219746,-1.550588479,0.0941730866,0.0478556636,0.0001915732,0.1723932811,0.3395056681,3.8678621128,6.023447593
2015-06-30,68591,-0.00528814,16.795244602,-1.359109464,-0.874532408,0.100191316,0.0392147229,0.0003042493,0.0962413193,0.0933010129,4.3006809952,6.1355648911
2015-06-30,69032,0.0154450303,17.970196894,0.0727222715,-4.281025302,0.0641519029,0.0474710647,0.0006019691,0.0723085796,0.2027107231,3.6428355356,5.8664680569
2015-06-30,69649,0.0282175317,15.783564385,-0.603327978,-3.342336611,0.0914287795,0.0490073904,0.0006255452,0.013403103,0.1677044342,4.0625098203,5.9532433343
2015-06-30,69796,-0.015862267,16.646194794,-1.347727603,-1.824915943,0.0716607021,0.0287068195,0.0002099582,0.2362967966,0.3207096497,4.8975844671,5.8550719222
2015-06-30,70033,0.0534678772,16.540277897,-1.610391529,-1.258783048,0.0252241365,0.0468297439,0.0003852986,-0.146975872,-0.223217471,3.9794947519,5.8550719222
2015-06-30,70228,0.0558474027,15.696474327,-0.675189483,-2.430742063,0.09946538,0.0256766254,0.000428723,0.1064866464,-0.018952641,3.5882299953,5.8550719222
2015-06-30,70308,0.0435549952,15.90630736,-1.250283121,-0.729212541,0.054432518,0.0404940023,0.00060083,-0.086560651,-0.028635135,4.6243844289,5.8406416574
2015-06-30,70332,-0.063150376,17.828071184,-0.193535195,-1.717549061,0.0589263372,0.0198669031,0.0003723585,0.0314861861,-0.07736673,4.4261631375,5.8464387751
2015-06-30,70519,0.0214497,18.778912158,0.2323783429,-4.021999487,0.0083962168,0.0813978942,0.0005853597,-0.003717765,0.1147133821,3.9904644656,5.8464387751
2015-06-30,70536,0.0003589595,16.306530434,-1.326544201,-0.931517772,-0.003934431,0.042953625,0.0002416758,0.0252521735,0.3490931382,4.9366299027,6.1737861039
2015-06-30,70578,-0.010902763,17.324789417,-1.242282066,-1.051172564,0.1110662807,0.0303405565,0.0004217729,0.0127534402,0.0361229398,4.7418840226,6.238324625
2015-06-30,71175,0.0225972813,16.006892676,-0.039878835,-3.721866815,-0.046580387,0.0895326609,0.0011290604,0.0308215239,0.0271761635,3.5542045246,5.843544417
2015-06-30,71176,-0.047978673,15.31584503,-0.830742934,-1.312347486,-0.048265753,0.0502313473,0.0011391565,0.1037500167,0.0785230843,3.8071068456,6.238324625
2015-06-30,71271,-0.013863461,15.791424292,0.0354226373,-3.049802976,0.0239618275,0.0895792837,0.0007302212,0.0637391365,0.1172763147,6.1640513876,5.8377304472
2015-06-30,71563,0.0212819893,17.159443765,-0.263885913,-3.020124401,-0.004699067,0.0618674955,0.0003957358,0.0234175518,0.0287707872,3.6755409206,6.238324625
2015-06-30,72726,-0.007570901,17.18108714,-0.482467838,-3.203948196,0.0889626847,0.0641926113,0.000319488,0.0296460261,0.183233904,4.3558109918,6.238324625
2015-06-30,72996,0.0841157213,14.947021002,-0.3918194,-3.197718958,0.2571483782,0.0552052353,0.0006618608,0.1063283029,0.1561713786,3.9751855489,5.9532433343
2015-06-30,73139,-0.002236529,17.280158556,-1.102220181,-0.922375394,0.1757245503,0.0347681968,0.0003172062,0.0597958408,0.1025248853,4.5657014135,6.0753460311
2015-06-30,73809,0.0165586416,14.499705506,0.1218864114,-3.22595902,0.0238744947,0.0697066047,0.000360392,0.3286189442,0.3394432299,2.6311691815,5.926926026
2015-06-30,75034,-0.040179931,17.295472487,-0.312902929,-1.599251551,0.0455930894,0.0437757898,0.000912673,0.2593829552,-0.021302666,4.1660448622,5.8289456176
2015-06-30,75070,-0.040375736,15.08061898,-0.592099857,-1.782586969,0.1430089156,0.063081369,0.0132383131,0.2988163544,0.1834883938,3.9126228011,5.8522024798
2015-06-30,75100,-0.016323484,16.375575777,-1.515025926,-0.689456191,0.1074676993,0.0344296251,0.0003193224,-0.086329058,-0.112263182,4.5404183446,5.8260001074
2015-06-30,75107,0.1006363332,13.830178531,-2.00889093,-0.281203068,0.0994180414,0.0140208697,0.0001486936,0.6564970997,1.0198602099,4.0896669931,5.8200829304
2015-06-30,75182,0.0353722312,15.965105731,-2.875131088,-0.343591846,0.1256361544,0.0370783361,0.0003743402,-0.09015436,0.0703021156,4.9631942408,5.5134287462
2015-06-30,75186,0.0315956362,17.371992279,-1.261260938,-4.28523786,0.0721969241,0.0314515877,0.0001652327,0.0660347109,0.1967476047,3.4547381365,5.8141305318
2015-06-30,75222,-0.039777245,15.011040071,0.0806772767,-1.793530587,1.1825635043,0.0486573,0.0014064461,0.0194937195,-0.109513861,3.629925287,5.8406416574
2015-06-30,75224,-0.01310981,15.805571968,-1.204602269,-0.94700628,0.0206781636,0.0254300441,0.0007770183,0.199876611,0.224495394,4.7918156864,5.843544417
2015-06-30,75233,0.0791496336,14.539719716,-2.589947957,-1.679850319,0.1480637961,0.0248666948,0.0003883945,0.0280981047,0.1792268988,3.0960300225,5.811140993
2015-06-30,75241,-0.061827771,17.308181397,-1.207479601,-2.858153291,-0.06123256,-0.014476426,0.0001289801,-0.089800705,-0.195402397,4.9960629773,5.6835797673
2015-06-30,75285,0.0558770895,15.725943249,-0.839844345,-0.744712758,0.0385617917,0.0415858843,0.0029812831,0.2528738382,0.0473527774,4.4385251266,5.6733232672
2015-06-30,75316,0.0091456575,14.878379858,-1.165448967,-1.880451921,0.116596313,0.0349483828,0.0002335168,0.0789250284,0.0859213272,3.802877599,5.7899601709
2015-06-30,75470,0.03247476,15.370871395,-1.628334348,-1.122630205,0.3798430928,0.0330228173,0.0003115702,0.1354786082,0.2413832922,4.6885917661,5.8200829304
2015-06-30,75489,-0.062860593,15.762755538,-0.526358156,-0.576498166,-0.089564994,-0.015595062,0.0023444833,0.2663077776,0.4068434102,2.8012369251,5.7557422136
2015-06-30,75510,0.0242762156,17.398753217,-1.431540076,-1.039137984,0.0398754443,0.0097113663,0.000136459,0.0813143653,0.1642372644,4.3705863982,5.8522024798
2015-06-30,75573,-0.065803729,14.928257405,-0.229835644,-0.971201636,0.6228461552,-0.007158995,0.0040016841,0.5688777033,0.5882206485,2.226783429,5.7868973814
2015-06-30,75577,0.0481064953,16.189418166,-1.078943214,-1.587657475,0.2548500456,0.0417143338,0.0001676923,0.2024623946,0.2442876563,3.8887543473,5.7960577508
2015-06-30,75591,0.0170851629,15.688723722,-1.249097053,-1.106987473,0.0360298427,0.041719806,0.0003378251,0.0094536562,-0.006482818,4.3471763849,5.7493929859
2015-06-30,75603,-0.098543078,14.1611741,-0.842417157,-0.465931465,0.1792443752,0.1019400305,0.0006359992,0.5597638167,0.4229347598,3.6309854757,5.7493929859
2015-06-30,75607,-0.049746193,16.578035834,-1.029597541,-0.860270814,0.0992821721,0.0458456618,0.0004234135,0.0158985258,0.1496482785,3.2037621871,5.7493929859
2015-06-30,75654,-0.045571681,15.018716388,-1.638713456,-0.926813723,0.1229299488,0.0219499055,0.0001067406,0.1263964952,0.2206960935,3.9213791245,5.7462031905
2015-06-30,75694,-0.027456777,15.046692356,-1.543891425,-1.170927552,0.0785405982,0.0317126781,8.8899e-05,0.0592852405,0.0989866109,4.617592706,5.7620513828
2015-06-30,75825,-0.012853753,17.972277208,-0.78293603,-0.98916107,0.1119321001,0.0468405798,0.0003106076,0.0437825055,-0.060462733,4.4851471709,5.7365722975
2015-06-30,75828,0.0596765019,16.233859731,-1.139569747,-0.6601665,-0.079769571,0.0137305901,0.0005355159,0.3491534101,0.5029380311,4.1392382731,5.7397929122
2015-06-30,75905,0.2372493446,14.435851321,-1.22389715,-0.46327321,0.2733443672,0.0370047574,0.0009273334,0.3372820775,0.4163170848,4.040592117,5.730099783
2015-06-30,75912,-0.006057669,15.330944362,-1.474035737,-0.630470657,0.0205899213,0.0334264964,0.0003065037,0.0049679414,0.040995918,3.7201358549,5.730099783
2015-06-30,76076,-0.063118406,18.662048018,-0.700433582,-1.168356497,0.0978442453,0.0799601888,0.0004052307,0.1787498141,0.1876613319,3.3779287365,5.723585102
2015-06-30,76081,-0.074316606,14.924553357,-1.172671205,-1.114663413,0.0663045831,0.0502429485,0.0011006787,0.1382578425,0.0212556647,4.1123481892,5.9375362051
2015-06-30,76082,-0.071260251,16.472008799,-1.608985491,-1.341014276,0.0760504005,0.0169614288,0.0001067665,0.0852040767,-0.067155494,3.5251833345,5.723585102
2015-06-30,76095,0.0640201569,15.765385118,-0.563903819,-1.727781874,-0.151876669,-0.213113573,0.0004110031,0.2533064515,0.3224629686,3.5771095661,5.7203117766
2015-06-30,76100,-0.018065646,14.490358094,-1.135783749,-0.805451113,0.1254509171,0.034601807,0.0002413999,0.3891442681,0.1914883824,3.815291803,6.0185932145
2015-06-30,76138,-0.042553168,16.097351039,-1.198740069,-1.390199311,0.1093046309,0.0389737059,0.0003786296,0.1044764307,-0.157526185,4.0489984631,5.7170277014
2015-06-30,76185,0.0650312901,14.917700061,-2.568681514,-0.789219876,0.2729456438,0.0118033849,0.0001265089,0.0858267829,0.445237018,4.7997496678,5.7137328055
2015-06-30,76201,-0.068747334,16.35726087,-1.288348606,-1.156528757,0.0577365737,0.0390148527,0.0001769596,-0.012319357,-0.059735424,3.859044042,5.7104270174
2015-06-30,76226,-0.098347396,17.383852648,-1.197425251,-1.405540809,-0.002989426,0.0478117524,0.0003995496,0.1413569295,0.0513125132,4.2128429175,5.680172609
2015-06-30,76230,0.0008531805,16.081381479,-1.328280722,-1.035451938,0.0646634736,0.0241665722,0.000255706,-0.054708626,-0.349531904,3.1544439875,5.7071102647
2015-06-30,76282,0.0091331471,15.779189564,-1.022028424,-1.053451532,0.0941483728,0.0602354422,0.0028899335,0.0722475735,0.0738205968,4.1337255165,5.7137328055
2015-06-30,76477,-0.03764705,15.268669145,-0.940746916,-1.431872676,-0.035575817,0.0677921353,0.0011250755,0.3565820502,0.2823696475,4.3372907408,5.6970934865
2015-06-30,76504,0.0737922415,14.526689543,-0.377188298,-3.343663006,0.0272296392,0.0562698977,0.0002196309,0.0867608091,0.183885015,3.4085039341,5.6903594543
2015-06-30,76515,-0.029864246,14.807804936,-0.349615301,-2.159788849,-0.033246548,0.0192400287,0.0007034167,-0.061712426,0.1037503213,3.0955776258,5.6903594543
2015-06-30,76584,0.1155580208,15.181921358,-1.267254128,-0.74061226,-0.058168071,-0.006643545,0.0004161634,0.0261826228,-0.095486239,2.1826747834,5.680172609
2015-06-30,76614,-0.004740894,17.151937437,-2.622558442,-1.303753237,0.3495450583,0.0156628762,7.8293e-05,0.1500494298,0.3989720114,6.2394177726,5.6767538023
2015-06-30,76639,0.0162621289,15.595246696,-1.216703257,-1.504828784,0.5997002353,0.0380193523,0.0003375591,0.163211725,0.2799533454,3.7184382749,5.9506425526
2015-06-30,76644,-0.154917985,15.142065587,-0.117648662,-2.23371904,-0.146523926,-0.497222358,0.0040744717,-0.5074085,0.0465314226,3.1945831167,5.6733232672
2015-06-30,76661,-0.145127758,15.215148395,-2.506588342,-2.086335294,0.4398411384,-0.013155405,3.17406e-05,0.2081819871,0.6632735357,4.2094573648,5.6733232672
2015-06-30,76695,-0.039725251,15.178617046,-1.80333059,-0.768805548,-0.071324716,0.0413632766,0.0005133041,0.1212689234,0.1722236338,5.2040066871,5.669880923
2015-06-30,76697,0.0302056726,15.018985508,-0.364030862,-0.859025359,-0.001339096,0.0696350746,0.0046747675,0.1027260834,0.2752869502,4.1309979068,5.669880923
2015-06-30,76709,-0.053982351,15.722153916,-2.295420929,-0.419862255,0.108854218,0.0336826159,0.0002511554,-0.122231011,-0.024503838,4.9097094205,5.669880923
2015-06-30,76712,-0.02500001,16.238448168,-0.169528499,-2.193914134,-0.03451176,0.0267319254,0.001514788,-0.051897289,-0.047063431,2.6100698208,5.669880923
2015-06-30,76744,-0.037493102,16.927713858,-2.549936895,-0.719823224,-0.173818937,-0.025953624,6.97695e-05,0.0902612939,0.5341874262,4.8542932739,5.6664266881
2015-06-30,76795,0.0128603037,15.245280985,-1.01768476,-0.751181755,0.1459443703,0.048117901,0.000381193,0.2219767871,0.2145467968,4.6972022659,5.6629604801
2015-06-30,76804,0.0488478988,14.955868498,-1.34254803,-5.06657553,0.0048437268,-0.017641063,0.0003645609,0.1554310923,0.2060166679,2.3841651151,5.6629604801
2015-06-30,76838,0.0296591148,14.78483436,-0.222119977,-2.634879802,0.054725965,0.0948623535,0.0002450034,0.0303244656,0.0726856828,3.8106545178,5.6594822158
2015-06-30,76841,0.0175067689,18.125757576,-2.009941485,-0.638909333,0.1579395846,0.0277966884,0.0001049137,0.1523783135,0.1577182946,5.9839110669,5.6594822158
2015-06-30,76892,0.0757576004,15.344702699,-0.402011886,-3.021166497,-0.041090463,0.0670327523,0.0002977318,-0.036814144,0.0571774935,4.1694520394,5.6594822158
2015-06-30,77037,0.0087487306,15.517889888,-1.167677112,-1.435637241,0.1206393347,0.0441282992,0.000511561,-0.024167918,0.1062512793,4.2196547846,5.6559918108
2015-06-30,77157,-0.040167328,15.559158203,-1.18831192,-1.611102202,-0.021038562,0.0336446923,0.0011794545,-0.074914275,-0.329156299,3.173878443,5.6489742382
2015-06-30,77178,-0.094288163,18.705089426,-1.244401471,-1.041732204,0.056584766,0.0532661434,0.0001984958,-0.131934706,-0.145551609,4.2439133369,5.6489742382
2015-06-30,77217,0.0283239484,14.301546895,-3.052738639,-1.003572069,0.8044960369,0.0220793492,6.47448e-05,0.2648230291,0.6152222574,3.0615200427,5.6489742382
2015-06-30,77274,0.0466732457,18.655944395,-2.271135305,-0.96287496,0.0574938409,0.0263332691,9.7203e-05,-0.108241623,0.2132188666,4.7209066546,5.6454468976
2015-06-30,77281,-0.040494736,16.468706422,-1.714116733,-0.110630991,0.0450185209,0.0252704739,0.0005997803,0.1994113751,0.2337946957,3.7194086998,5.6454468976
2015-06-30,77300,-0.033463914,15.063866193,-1.566857047,-0.619621957,-0.068428324,0.0408576402,0.0007283869,0.099415336,0.1290645657,4.115127074,5.6454468976
2015-06-30,77338,-0.01428898,16.494468268,-1.013851345,-1.375871749,0.146284269,0.0383406762,0.0002350911,0.0635873528,0.1771582741,5.1645574147,5.6419070709
2015-06-30,77357,0.0152335567,15.608404825,-0.809027147,-0.953839407,0.0496844061,0.0388109622,0.0003133188,0.1345070342,0.1971926526,3.9098205696,5.6419070709
2015-06-30,77418,0.0346827656,17.942118748,-0.6617052,-1.566177501,-0.004548864,0.0548135473,0.000472246,0.0682958783,0.2430745133,4.4365148597,5.6383546693
2015-06-30,77453,0.0155512746,14.689258618,-1.51588474,-1.052377023,-0.103952242,0.0377144554,0.0006929439,0.2047816489,0.415606321,4.4637217943,5.6383546693
2015-06-30,77462,0.0131442016,16.855846378,-0.993080997,-0.632833665,-0.051257564,0.0656434579,0.0014060388,0.1208883219,0.0964420236,4.2039460266,5.6383546693
2015-06-30,77496,0.0228246599,16.125583903,-0.788307403,-1.304871723,0.2982466455,0.0333462056,0.0006793371,0.2000689285,0.2460258074,5.2291816244,5.6347896032
2015-06-30,77516,0.1075676903,14.800021561,-0.750553313,-0.226449213,0.0623121511,0.0529024613,0.0010257741,0.1925576878,0.1427553994,4.0606153805,5.6347896032
2015-06-30,77520,0.1181567609,15.479524458,-0.293728398,-1.176482877,0.0887926209,0.0986059155,0.0018700861,0.155579016,-0.039203853,3.9275025522,5.6347896032
2015-06-30,77605,-0.031198669,16.642266221,-0.703629577,-1.191240653,-0.034577203,-0.007567807,0.0004449655,0.2940622782,0.3285352272,2.9052603954,5.6312117818
2015-06-30,77606,-0.03710486,16.206201595,-0.639671113,-0.687767931,-0.013500687,0.078012281,0.0015851727,0.2908465539,0.3005431504,4.1818974266,5.6312117818
2015-06-30,77610,-0.036864635,14.224628937,-1.319833811,-2.200265366,0.1825921475,0.0453784855,9.1925e-05,0.342800326,0.5215477395,3.9835991869,5.6312117818
2015-06-30,77659,-0.03280982,16.27564953,-1.441434848,-0.358316749,0.0925990922,0.0584410367,0.0006327486,0.0452908038,0.146633367,4.2671767887,5.6276211137
2015-06-30,77660,0.0683968142,14.793167798,-1.18999729,-1.647295209,0.1316662566,0.0814561609,0.0002286853,0.4704440288,0.5925396158,5.4399037227,5.6276211137
2015-06-30,77661,0.0474731885,15.894347061,-0.575062221,-1.817469943,0.2003871993,0.0621320563,0.0008682465,0.1131621392,0.0777318972,3.2627013365,5.6276211137
2015-06-30,77668,0.0206564497,17.760621081,-0.688865823,-1.841669626,-0.081776233,0.0343370894,0.0019139434,0.1175226781,0.1897099014,4.4675160137,5.6276211137
2015-06-30,77702,0.0318514742,17.877889245,-2.580256535,-1.117625418,0.3373252752,0.0001399517,0.0002510931,0.2791575553,0.3136787772,3.9504741742,5.6276211137
2015-06-30,77730,0.0042402898,16.162239223,-0.310263261,-1.452580871,0.0233467174,0.0885967346,0.0037481619,-0.016513843,-0.065516289,3.7483269307,6.238324625
2015-06-30,77763,-0.088782988,15.548843945,0.1371224968,-1.466528641,-0.051486858,-0.026604996,0.0010861262,0.0209449503,-0.250891752,3.13939963,5.6240175062
2015-06-30,77768,-0.021121582,17.476851389,-1.50299429,-1.363403589,0.1130423772,0.0448310625,0.0003115042,-0.021846622,-0.060355317,4.8110455007,5.6240175062
2015-06-30,77902,0.0574946702,14.65640804,-1.309438723,-1.120520031,0.0288313738,0.0447490356,0.0007512591,0.0941508813,0.0993397912,3.9429401021,5.6167710977
2015-06-30,78015,0.012182435,14.631492527,-0.860920779,-1.471072516,0.0052356572,0.0407737567,0.0004921651,-0.123146902,0.0905489238,4.2093087778,5.6131281064
2015-06-30,78033,0.3489855826,15.402519995,-0.205760248,-2.819004488,0.0074434443,0.0844113122,0.0005485795,0.0981472671,0.213993451,4.0462041922,5.6131281064
2015-06-30,78034,0.0169314668,15.228007393,-1.072418932,-0.790511167,-0.021247229,0.0472280629,0.0008361834,0.0940939926,0.199935541,3.8678621128,5.6131281064
2015-06-30,78170,-0.118501544,15.545319744,-0.902910687,-1.206496976,0.1136884654,0.0302410859,0.0004068237,0.0300932824,-0.266554662,3.9573787013,5.6058020663
2015-06-30,78664,-0.107453145,15.698513756,-2.304301318,-1.410709744,0.4827905257,0.004607209,5.37496e-05,-0.409839708,-0.702469878,3.0851158731,5.5759491031
2015-06-30,78829,0.1055222899,14.874224114,-0.657554534,-3.041700594,0.1248298938,0.0450562205,0.0002889951,-0.170950194,-0.086933838,3.9471970981,6.2402758452
2015-06-30,78840,0.0611429848,15.496499284,-0.918725352,-0.738783504,0.106775133,0.0527033044,0.0005761592,0.0412071555,0.0681880171,4.3184210075,5.6021188209
2015-06-30,78875,-0.140356675,15.607219091,-0.987536847,-1.553292873,0.1052407632,0.0113677603,0.0001822716,0.0063331809,-0.418012287,3.4104874512,5.598421959
2015-06-30,78877,-0.208362833,16.84592774,0.0237718412,-1.953960271,0.0041010694,0.0393256269,0.0009693507,-0.330996723,-0.522764933,2.6468837415,5.598421959
2015-06-30,78963,0.0058698705,14.770631227,-0.959687855,-0.012962712,0.1035437617,0.0584957367,0.0008623788,0.1205621806,0.1247485999,2.8100049604,5.5947113796
2015-06-30,78975,-0.032453239,16.944961321,-1.816049605,-0.369569556,0.1580469468,0.0371511455,0.0001918064,0.136378363,0.2458686028,4.6458321824,5.5947113796
2015-06-30,78977,-0.024689056,15.851143802,-0.780649206,-1.462083755,0.2695532051,0.025510906,0.0009317374,0.1650430717,0.3051583429,3.9714233746,5.5909869805
2015-06-30,78981,0.0224770829,14.866410501,-1.749229447,-0.572976045,0.0987496036,0.0408340084,0.0010197267,-0.154726475,-0.022805071,4.1805222818,5.5947113796
2015-06-30,78987,-0.034703884,16.096010876,-1.344925489,-1.419913611,0.2222831967,0.0141952246,0.0001774847,0.1150364337,0.0232228589,3.8944698679,5.5947113796
2015-06-30,79089,-0.023236185,15.537151733,-1.721225749,-0.13732275,0.1913412524,0.0560309185,0.0004967885,-0.191055233,-0.221093328,4.2628207423,5.5909869805
2015-06-30,79094,-0.133496091,15.244971425,-0.393716193,-1.647816814,0.159640673,0.0981909865,0.0050798681,0.0797478681,0.1906667172,3.2015261741,5.5909869805
2015-06-30,79103,0.0293809362,16.573070971,-1.896287565,-0.534070726,0.0538400787,0.0479876733,0.0004875214,0.2139129805,0.38684059,5.3914888919,5.5909869805
2015-06-30,79133,0.0,15.293944779,-1.076104447,-1.124787416,0.0719280271,0.0377930124,0.0005641713,0.0104746554,-0.052509617,4.1552828675,5.5909869805
2015-06-30,79210,0.0141100977,15.511172827,0.3524770057,-3.980727179,-0.017142064,0.0738571917,0.0018781271,0.0913915893,0.1703910795,4.5384960853,5.5872486584
2015-06-30,79244,-0.036407739,15.23949352,-1.443920189,-1.71855321,0.1015660575,0.0157598265,0.0011566423,-0.011985153,-0.121877412,3.3617633177,5.5872486584
2015-06-30,79265,0.0088379858,15.408111044,-0.958083991,-1.075605556,0.0734056442,0.0409241406,0.0003530606,-0.075459513,-0.112837222,3.4193646606,5.5834963088
2015-06-30,79299,0.1004220843,14.364696963,-2.414662064,-0.498944923,0.0573615272,0.0357793556,0.0007535514,0.2768033533,0.356053897,4.2298947357,5.5834963088
2015-06-30,79323,-0.0363933,17.053559481,-0.114886301,-3.266078438,-0.02736659,0.0879266443,0.001376262,0.0798898871,0.191594304,4.2094573648,5.5834963088
2015-06-30,79545,-0.055029117,16.517131384,-1.231355651,-1.315073719,0.0775591671,0.047904003,0.0005843456,0.0419282292,-0.053968653,4.0968414678,5.5759491031
2015-06-30,79588,-0.108099498,16.824317289,-1.354648717,-0.710413339,0.0395204857,0.042105956,0.0003877717,-0.260546726,0.0399885031,4.4571340824,5.5721540322
2015-06-30,79637,0.0966198817,15.985884689,-0.676788756,-1.816235069,0.0134299741,0.0668012671,0.0009846288,0.1219851446,0.2694366745,4.8642984652,6.013715156
2015-06-30,79668,-0.037194915,15.041616354,-1.297330569,-1.293009503,0.0626739835,0.0336396689,0.0006756838,0.166037467,0.1562828702,4.4358043187,5.5721540322
2015-06-30,79678,-0.041567739,16.587002057,-0.636078944,-1.429462335,-0.013327859,0.0774206456,0.0003651961,0.1442591897,0.103497346,3.229222126,5.5683445038
2015-06-30,79686,0.0560528189,14.910479546,-1.191546074,-0.482025635,0.1650489546,0.0486263697,0.0005322472,-0.167116447,-0.043499509,4.2217111805,5.5683445038
2015-06-30,79698,-0.019433064,15.665958139,-2.896799087,-0.510283977,0.0954095914,0.0275293245,0.0002723931,0.0277371858,0.1546530313,4.4714102342,5.5683445038
2015-06-30,79785,-0.015140361,15.442159997,-1.308180917,-1.121338279,-0.046637496,0.055535724,0.0009041438,0.0774916324,0.1749024072,7.21568104,5.5645204073
2015-06-30,79857,-0.063613869,15.445952611,-0.00212845,-1.554740866,0.0281748331,0.0502047751,0.0007435113,-0.018649663,-0.37515573,3.0056826422,5.5645204073
2015-06-30,79859,0.0360766277,15.771888394,-0.258640004,-3.53992215,0.0560113839,0.062049796,0.000259358,0.1054187465,0.1638852114,2.875821964,5.5645204073
2015-06-30,79879,-0.096723855,14.869160369,-0.948110362,-0.715312672,-0.086141324,0.0186645589,0.0005541011,-0.061274927,0.1432831076,2.5510064277,5.5645204073
2015-06-30,79881,0.0180337094,15.403691238,-1.39490351,-0.450902127,0.1916916589,0.0425064069,0.0005112732,0.2767530034,0.17773669,3.537475031,5.5645204073
2015-06-30,79915,-0.044697233,15.611631851,0.200730262,-1.965300888,0.1638893248,0.0317048021,0.000533456,0.1850776673,0.072932525,3.6325736542,5.5645204073
2015-06-30,80034,0.1323451549,14.621341193,-1.269791558,-0.569579592,0.0905479581,0.0521920769,0.0005396068,0.2188600755,0.2027230326,3.6317798298,5.560681631
2015-06-30,80079,0.0006612184,15.14521855,-1.00151616,-1.331738348,-0.38062388,0.0506674243,0.0005855461,0.1753200916,0.1144857567,4.1024780899,5.5568280617
2015-06-30,80080,0.0709913149,16.395944403,-1.04442443,-1.327683038,0.0192641484,0.0896488907,0.0007524534,-0.047087737,-0.127328982,4.3408138951,5.5568280617
2015-06-30,80128,-0.041823979,15.222800895,-0.900162128,-0.986871615,0.077847054,0.0673955376,0.0008268529,-0.071467979,-0.195426113,4.8239040043,6.238324625
2015-06-30,80167,0.0409356728,15.307945985,-1.202064632,-1.497212134,0.2997254072,0.0269939948,0.0003961363,0.1070404243,0.2837059434,4.1474112904,5.5568280617
2015-06-30,80191,-0.076309241,15.553788199,-1.013925673,-1.30842474,0.0420181865,0.0770292996,0.0005069404,0.0323949037,-0.12899125,4.0968414678,5.5490760849
2015-06-30,80204,-0.050332196,15.624802791,-0.913014103,-1.805524442,0.0308087971,0.0260705809,0.0004662463,0.2050372136,0.1590198034,5.0040133809,5.5529595849
2015-06-30,80210,-0.000774611,15.318668911,-1.102715117,-1.730915458,0.1656280848,0.0602087671,0.0003212467,-0.250309683,-0.258336392,3.2511493736,5.5490760849
2015-06-30,80286,0.0321322381,15.935918381,-2.162066683,-0.081961082,0.1090120728,0.0298458084,0.0004765906,0.1654677848,0.2866285284,4.4675160137,5.5529595849
2015-06-30,80320,0.0254335571,15.326809383,-1.78716203,-1.060999109,0.144384967,0.038376152,0.0002273689,0.0617498315,3.5025298e-09,3.543853638,5.5490760849
2015-06-30,80361,-0.075836636,15.840813342,-0.335356002,-1.509289683,0.0043229684,0.0921270808,0.0012657609,0.2160085161,0.2320542143,4.1765387905,5.5490760849
2015-06-30,80415,-0.084451377,15.368604078,-1.532347536,-2.006570589,0.4044600133,0.0148253203,0.0001661879,-0.044797217,-0.037318755,4.4246071224,5.5451774445
2015-06-30,80432,0.0519241542,14.595432821,-0.821251078,-0.233997331,-0.105171893,0.090873204,0.0012512276,0.2288402601,0.430346942,2.7954504426,5.5451774445
2015-06-30,80864,-0.052037612,15.560916295,-0.248483122,-1.119006836,0.2257180381,0.0533763685,0.0015712443,-0.029774612,-0.088921457,4.1557531784,5.5254529391
2015-06-30,80928,-0.066242039,15.050876889,-0.425016895,-1.948067133,0.7370357071,0.0324526967,0.0005215939,-0.253427072,-0.380760284,2.7536607002,5.5254529391
2015-06-30,80957,0.0642523393,15.26316267,-3.634867975,-0.362873489,0.038383959,0.01162359,8.04296e-05,0.1839899636,0.0320466282,3.7565380848,5.5214609179
2015-06-30,80987,-0.062937081,14.468391666,-0.748316805,-1.433439781,0.0309643373,0.0460928298,0.0006597009,-0.008740143,0.1788375562,3.3534067312,5.5214609179
2015-06-30,81055,0.0527764931,17.670169397,-0.056487356,-3.565304957,-0.052047433,0.0947957544,0.0005471916,-0.016066567,0.0355937981,4.4255649075,5.5174528965
2015-06-30,81061,-0.051342573,17.579611905,-1.618524269,-1.559834944,0.0498932273,0.0354527234,0.0032974255,0.0959271454,0.1685411369,5.4690301167,5.5134287462
2015-06-30,81073,-0.003313059,15.556191143,-1.055555383,-1.973876057,0.1312134942,0.0552084263,0.0005484827,0.1751363417,0.1569347076,5.7960577508,5.5174528965
2015-06-30,81282,0.0319193713,14.568389402,-1.515807428,-1.14594441,0.2960428724,0.0249740351,0.0003424091,0.1798063095,0.2407016378,3.1701056381,5.5053315359
2015-06-30,81481,0.0533404462,16.237046423,-1.951852743,0.027277188,0.1670606915,0.0514041717,0.0006296214,0.2323139063,0.3652558543,4.3173547428,5.5012582105
2015-06-30,81501,-0.015045161,15.231860805,-1.326913452,-0.367283758,0.0447371733,0.0198077728,0.0002913057,-0.091546903,0.013849034,3.3981928675,5.5012582105
2015-06-30,81540,-0.055259429,16.61337314,-1.948467058,-2.028435709,0.2029188368,0.0298594078,0.005388424,0.2973615033,0.4549345411,4.7234863911,5.4971682253
2015-06-30,81541,0.074177444,14.215372067,-0.283851248,-3.100637025,0.0068557343,0.0543671719,0.0002575034,-0.037339353,0.1338123659,3.4725874156,5.4971682253
2015-06-30,81564,0.0669053495,14.653466914,-0.201160288,-3.18316821,0.017805337,0.0341841531,0.0003237288,-0.089344584,0.0185309059,4.1630929072,5.4971682253
2015-06-30,81655,0.0845285431,15.627253133,-1.077879508,-1.298850608,0.1544390346,0.0564947024,0.0012039407,0.2257873429,0.2806330714,4.1826606572,5.4930614433
2015-06-30,81677,-0.060418792,15.890658214,-1.435871884,-1.261326114,0.1823735072,0.0400447299,0.0003587425,0.0873068763,0.1797047651,4.6081657254,5.4889377262
2015-06-30,81678,-0.089718789,15.529863982,-1.297615089,-0.752450684,0.0292373238,0.0495837143,0.0004934837,-0.072096052,0.0328751687,4.2078220324,5.4847969335
2015-06-30,81696,-0.043508995,16.48676143,-1.465190886,-1.31499487,0.1590419158,0.0649577508,0.0010910892,0.0610958748,0.142737161,4.2597177607,5.4889377262
2015-06-30,81705,0.0162990429,15.15233633,-1.242859764,-1.108394327,0.144490604,0.0330889212,0.0002462875,-0.10419833,-0.088081055,4.4018292433,5.4889377262
2015-06-30,81736,-0.041652512,15.776303504,-1.417810539,-0.784562157,0.0335091682,0.0448920415,0.0002263786,0.2120699903,0.259577419,4.0744819279,5.4889377262
2015-06-30,81774,-0.052417241,17.450806228,-0.160898038,-1.933696352,0.5827734929,0.0656386513,0.0005338293,-0.18217328,-0.340832994,2.9780773189,5.4847969335
2015-06-30,81776,-0.002001984,15.614839722,-2.259048404,-2.920011096,0.3512899587,-0.187035927,0.0005702875,0.2606674271,0.2514836793,3.4001968584,5.4847969335
2015-06-30,81857,0.020260999,16.442030283,-0.677456492,-1.643706176,0.2444769844,0.0481965841,0.0006945384,-0.082761201,-0.15404646,3.9382754122,5.4847969335
2015-06-30,81912,-0.044045072,14.61891247,-0.17191023,-2.125395833,0.0528654902,-0.027782261,0.0006024183,-0.032847422,0.0499461499,2.6525374616,5.4806389233
2015-06-30,82272,0.0411632508,15.569802505,-0.766367809,-1.45448319,0.1032312383,0.0509247995,0.0004010849,0.1255305247,0.2055331798,4.2652118844,5.4764635519
2015-06-30,82292,0.0457993597,14.8387751,-0.009330339,-3.366070752,-0.007906651,0.0896769344,0.001828807,0.035423708,0.1558908924,4.2652118844,5.4722706737
2015-06-30,82298,-0.149307862,15.733353092,-0.427138288,-1.905726046,0.1482415343,0.0670343235,0.0003657996,-0.085819206,-0.369177521,3.4124669789,5.4722706737
2015-06-30,82307,-0.051444229,16.555766149,-0.790330703,-1.612287888,0.0652624915,0.0449855834,0.0008724011,0.0380770879,0.1387945019,4.4281943009,5.4722706737
2015-06-30,82486,0.0090987068,15.061445767,0.856481605,-2.458396222,0.0769442507,0.0468647768,0.0017969095,-0.009273181,0.1216495182,4.3985149747,5.4722706737
2015-06-30,82508,0.0011782302,14.866508078,-0.756166612,-0.393306501,0.1517651433,0.090578654,0.000395009,-0.178631317,-0.003928124,3.5248888765,5.4722706737
2015-06-30,82515,0.058841303,14.730265127,-2.156641183,-0.307890288,0.0538483306,0.0362265139,0.0007879518,0.0902064314,0.1276367986,4.1938881741,5.4722706737
2015-06-30,82567,-0.090497755,15.112306516,-1.1978101,-3.291666678,1.5688545351,-0.03378923,2.80327e-05,0.4995042651,0.4676807799,2.8724340745,5.4680601411
2015-06-30,82581,0.0031763744,16.126885438,-1.032421072,-0.705383955,0.0530553716,0.0431666468,0.0009767773,0.132968928,0.1361398019,4.9535003965,5.4680601411
2015-06-30,82598,-0.05508988,16.28481137,-1.089295203,-1.007316093,0.1650063131,0.0354039679,0.0004515267,-0.157201724,-0.00376481,3.5085559457,5.4680601411
2015-06-30,82607,-0.032495916,14.876192531,-1.492844137,-1.217135221,0.1476294091,0.036861708,0.0007806269,0.1575119235,0.2312375593,4.1967507364,5.4680601411
2015-06-30,82618,-0.148581401,16.968940123,-0.824320992,-1.197527339,0.0143646719,0.0635462883,0.0003881698,-0.332768427,-0.352427102,4.225080344,5.4680601411
2015-06-30,82634,-0.120517075,14.537546044,-1.852630698,-0.078320384,0.2113237972,0.0324711051,0.0003464529,-0.004830913,0.144731894,5.5751154178,5.4680601411
2015-06-30,82642,-0.008807007,16.670947972,-1.696896892,0.1737194741,0.0804323225,0.055053949,0.0005649951,0.0842685704,0.067895404,4.4708384767,5.4680601411
2015-06-30,82643,-0.038712457,14.913683547,-0.439428236,-0.759538501,0.0269094622,0.1121578554,0.0016613594,0.0448678391,0.0420492366,3.8282065094,5.4680601411
2015-06-30,82651,-0.039215613,15.99652207,-1.564322271,-1.101690743,0.1229490671,0.0515109202,0.0002236585,0.1221058047,0.2230636642,4.894999914,5.4680601411
2015-06-30,82686,0.0792186037,16.144471687,-1.246550994,-0.679675474,0.083145379,0.0288661579,0.0002517087,0.0446074409,0.0804274694,4.1745411371,5.463831805
2015-06-30,82694,0.0528984256,14.912811113,-0.543844977,-1.373317726,0.1092965071,0.0425323247,0.0022498271,0.0150375686,0.0100027088,3.8148510701,5.463831805
2015-06-30,82702,-0.023186561,14.567220412,-0.771146082,-1.394491991,0.1431354893,0.0561922184,0.0002919346,0.4461628166,0.4888274594,3.8503603093,5.463831805
2015-06-30,82759,0.0379371271,15.605648165,-0.543436602,-1.609094435,0.027143671,-0.024184943,0.0003846218,-0.006502001,-0.054273178,2.8255369463,5.463831805
2015-06-30,82775,0.0111894691,16.594545405,0.1545499643,-4.838291958,-0.071609723,0.0189575464,0.0016007242,0.0382663499,0.1761391053,3.7162514158,5.463831805
2015-06-30,82777,0.0057660933,15.352093395,-0.962084755,-0.509161032,0.2962112097,0.0595050346,0.0006329271,-0.076782798,-0.200304833,4.239454537,5.463831805
2015-06-30,82779,0.2377778143,13.910924708,-1.659478562,-2.706914949,0.8352153613,-0.049882642,1.95774e-05,0.3223422827,0.4954209422,2.1972245773,5.463831805
2015-06-30,82800,-0.020319806,17.046775899,-1.42387218,-1.291380661,0.0766018935,0.064957127,0.0002468137,0.1313700659,0.1028813437,3.4018638415,5.4595855141
2015-06-30,82924,-0.062909365,15.090843773,-1.0089167,-0.781475032,0.1025105627,0.0433886682,0.000541226,-0.01623193,0.0575175205,4.2367109256,5.9788857649
2015-06-30,83011,0.0465589128,15.725878586,-1.434573547,-0.236496478,0.0597284683,0.0456574555,0.0007353892,0.1318018429,0.1131225964,4.3644989256,5.9532433343
2015-06-30,83111,0.1033325717,17.246979473,-2.355105287,-0.855755333,0.2385572895,0.0096163109,5.92726e-05,-0.122897762,0.0173450207,5.0988903195,5.4553211154
2015-06-30,83186,0.0640202835,15.112539613,-0.977864636,-1.920637642,-0.093234223,0.0881452392,0.0006929771,0.1834767736,0.2421848316,4.7740687353,5.4680601411
2015-06-30,83435,-0.084895782,17.370237701,-1.126059354,-1.456817314,-0.017594658,0.0327651316,0.0001140939,-0.078695462,0.2057345168,3.7596873761,5.4467373717
2015-06-30,83462,-0.007909902,15.25603643,-2.827979469,-0.003966858,0.0120578704,0.0556740443,0.000557675,0.068171519,-0.186444617,4.1857075357,5.4424177105
2015-06-30,83597,-0.016104642,15.435247245,-2.149416475,-0.161555389,-0.005700927,0.0416642115,0.0001837747,0.1855218273,0.3929924786,5.1069752354,5.4380793089
2015-06-30,83621,0.0251685157,15.756774888,-1.295802271,-1.259230583,0.0431471562,0.0300197777,0.0001069814,0.088622418,0.1558801927,4.4886363697,5.4380793089
2015-06-30,83661,-0.074811712,15.514554229,-0.502785521,-2.298190667,0.017771484,0.0530450065,0.0003150128,-0.034367659,-0.046251051,4.4108569719,5.4380793089
2015-06-30,83862,0.0166327804,15.629925719,-0.150338729,-4.040660193,-0.023635631,0.015125412,0.0003475561,0.2554414953,0.3459648687,3.38303338,5.429345629
2015-06-30,83906,-0.024690453,16.121745833,-1.524015871,-1.342024857,0.0905274624,0.0308673578,0.0002157129,0.0572950339,0.15413811,4.922168335,5.429345629
2015-06-30,84032,-0.009148198,17.380302518,-0.324095476,-1.72267468,0.1004826746,0.0661127007,0.0006684739,-0.272812837,-0.267838848,3.8956903229,5.4205349993
2015-06-30,84041,-0.010496395,15.107838308,-0.510631336,-1.708193392,0.1293092871,0.0724093038,0.0009346843,-0.160342122,-0.155015145,4.2000550533,5.4205349993
2015-06-30,84042,0.0096880449,15.315630133,-0.814688472,-1.043440624,0.1762163131,0.0570195492,0.0034510155,0.0848286488,0.0610886066,3.943715464,5.4205349993
2015-06-30,84129,0.0988573954,15.512094502,-0.013164225,-3.274080522,0.0093096392,0.0465747136,0.000411777,-0.019243479,-0.004667962,3.363149285,6.238324625
2015-06-30,84168,-0.066393092,15.326948755,0.0881853946,-1.52345028,0.026707652,0.0823958559,0.0116987455,-0.064637894,-0.098700893,3.2887749323,5.4161004022
2015-06-30,84172,-0.068577029,15.287986263,-2.243076347,0.3959907049,0.4571332685,0.0434249566,0.0003863121,0.0827048185,-0.244484118,3.9239515461,5.4161004022
2015-06-30,84262,-0.04390185,15.274403945,-0.318054658,-1.874540624,0.020018676,0.0425538795,0.001691617,-0.026368467,0.2720491362,3.0823685557,5.4161004022
2015-06-30,84275,-0.050544199,14.988698336,-1.187539805,-0.482773118,0.1466472864,0.0284292454,0.0016201297,-0.008266916,0.0007413815,4.2057368456,5.4161004022
2015-06-30,84319,0.0630343556,14.611217478,-1.108039486,-1.005821097,0.1447092924,0.0629490428,0.0024706069,0.2544238191,0.2458710436,4.6676753627,5.4116460519
2015-06-30,84320,0.0037886826,14.577278972,-2.988036807,-1.433722116,0.0119970677,0.0538210833,0.0004902883,0.2497237795,0.3103652795,3.8609401799,5.4116460519
2015-06-30,84348,-0.043340266,14.804484512,-1.144355236,-1.46851475,0.0380135084,-0.014521717,0.0003919938,-0.041061488,0.1031083059,4.1429760103,5.4116460519
2015-06-30,84372,0.0016639316,15.589040037,-1.148644357,-1.434813225,0.2410947855,0.0767311927,0.0010797713,-0.008346966,-0.174149256,3.4028626356,5.4071717715
2015-06-30,84373,-0.03602295,15.953200306,-0.625631743,-1.071056263,-0.036847688,0.0994329882,0.0009173612,0.1281072399,0.1965805762,4.3205501322,5.4071717715
2015-06-30,84375,-0.02179841,15.201775297,-1.889815274,-1.080500539,0.059711201,0.0518098649,0.0023114768,0.1100287385,-0.086797498,4.0727804051,5.4116460519
2015-06-30,84381,0.0142403776,16.667828585,-1.847435548,-0.765253992,0.0362548525,0.0450808948,0.0003872077,0.065292072,-0.00457893,4.8112896413,5.4116460519
2015-06-30,84403,0.0795053616,15.005162393,-0.899211995,-1.293136478,0.1704805322,0.0465182534,0.0006314608,-0.08111956,0.0563722461,3.9306484426,5.4071717715
2015-06-30,84563,-0.02907622,14.985666829,-1.14810968,-1.535922823,0.0083267484,0.059105542,0.0012170878,0.0972103532,0.106920437,3.9952606068,5.4026773819
2015-06-30,84588,0.0586321503,14.842429758,-1.079631976,-2.28237342,0.165882561,0.0137923752,0.0004123239,0.1492588903,0.373883226,4.6418877483,5.4026773819
2015-06-30,84597,-0.008882956,16.665738315,-1.210332096,-2.87410976,0.1124790738,0.0392391347,0.0001642726,0.0843364127,0.1942825902,3.6149638122,5.3981627015
2015-06-30,84606,0.0317726023,14.743441886,-1.306146943,-1.636828978,0.0295794017,0.0356769603,0.0005831925,0.0858306625,0.2155629289,4.0910056482,5.3981627015
2015-06-30,84636,0.065469116,14.576988124,-0.181373023,-3.214630626,0.0324684484,0.0625157696,0.0004010196,0.0554946196,0.1186150744,3.9140209776,5.3981627015
2015-06-30,84656,-0.074514478,16.116781379,-0.789915048,-1.279863246,0.0609191303,0.0536531978,0.0009983308,0.2680397563,0.1287534498,4.8374716872,5.3936275464
2015-06-30,84723,-0.086641163,16.652096401,-1.288435811,-3.99719601,0.7348458516,-0.050564185,2.59397e-05,0.0196718695,0.1160359268,4.3284940169,5.3936275464
2015-06-30,84761,0.0073072286,14.491892941,-0.961582255,-0.927088829,0.1059068126,-0.020468162,0.0007892899,-0.109781105,0.1387287866,3.3094475537,5.3936275464
2015-06-30,84769,0.0183173008,16.532763242,-1.589458164,-1.357334636,0.1677513089,0.044049054,0.0003268687,0.0949208395,0.1539357846,4.0439280629,5.3890717298
2015-06-30,84788,0.0113225663,18.826468196,-2.875936895,-0.567358778,0.209915608,0.0014957836,0.0004066597,0.3226650467,0.2997194351,6.0619929314,5.3890717298
2015-06-30,85035,-0.022885026,14.829434661,-0.822900151,-0.886853265,-0.034365179,-0.037030843,0.0006611185,0.2362775563,0.5602229211,4.4085468631,5.3844950628
2015-06-30,85067,0.0055071223,14.884462279,-1.708975353,-0.748683532,0.2102451187,0.0381120223,0.0004361403,0.2799186935,0.3622230462,4.1800634796,5.3844950628
2015-06-30,85072,0.0188650824,16.106903457,-1.029170449,-0.265258708,0.0003322688,0.0678978645,0.0006503402,-0.205325708,-0.128396132,4.8706066027,5.3844950628
2015-06-30,85198,0.0404821187,14.795599773,-1.199629258,-2.942975271,0.1696221872,0.0409286006,0.0001356918,0.1026844393,0.2872314149,3.783507611,5.3798973535
2015-06-30,85208,0.017220391,15.33370912,-1.100736859,-0.958014779,0.1511616269,0.0371539928,0.0002840889,0.1661723016,0.2094905363,4.5922875725,5.3798973535
2015-06-30,85234,-0.043799717,15.156455967,-0.905309666,-1.847518271,0.0109269184,0.0787967231,0.0004559351,0.027532128,0.180463207,3.5599090685,5.1817835503
2015-06-30,85246,-0.012873035,15.544076436,-0.713326635,-2.286934562,0.0549603196,0.0576198628,0.0009801096,0.2072348346,0.3158796301,5.1546201666,5.3798973535
2015-06-30,85257,0.0206473302,16.366859249,-1.24965148,-1.484583641,0.1244554084,0.0393214992,0.0002787667,0.0085840539,-0.005581089,3.984529665,5.3752784077
2015-06-30,85269,0.0567183793,17.101467728,-0.024076879,-2.073786802,0.0606920701,0.0953304862,0.0050645374,0.1395784075,0.03222223,4.0815970177,5.3752784077
2015-06-30,85280,-0.018341271,14.974677203,-0.863428971,-1.557084188,0.1136530192,0.0106803784,0.0002555038,0.0704294026,-0.030570445,3.9152178933,5.3752784077
2015-06-30,85319,-0.00063142,15.09470113,-1.659395888,-0.968280657,0.31760319,0.0562274267,0.0002171456,0.0388387275,0.1070401722,3.8609401799,5.3752784077
2015-06-30,85348,-0.000332913,17.394576671,-2.638685487,-0.704831043,-0.035697905,0.0318874586,0.0003885027,0.189994501,0.1274824112,4.501031153,5.365976015
2015-06-30,85394,0.1189599782,14.782296068,-1.977178994,-0.738191761,0.1158032501,0.0238359821,0.0006581448,-0.096817064,-0.121922906,4.4010937086,5.3706380281
2015-06-30,85424,-0.004366259,15.310817624,-1.273544521,-1.279866305,0.1244263397,0.037261004,0.000194995,-0.120733422,-0.248606861,4.3251917221,5.365976015
2015-06-30,85459,0.0168475602,16.058704169,-2.160362932,-0.392600353,-0.000501869,0.0463643526,0.0014539953,-0.061949323,0.0939228385,4.122770029,5.365976015
2015-06-30,85593,-0.022623613,16.245143816,-0.993719669,-1.658295338,0.0210628374,0.0309658375,0.0001909342,0.1238432941,0.1814816782,5.410127058,5.3612921657
2015-06-30,85621,0.0516816527,15.816709355,-1.97479216,-0.491610048,0.0165892252,0.0416255532,0.0003302882,0.2041537074,0.2575934867,5.7828400593,5.3612921657
2015-06-30,85631,-0.075253934,16.36692771,-1.714873779,-0.671518511,0.2887658149,0.0215594958,0.000203662,-0.012415993,0.0817304967,3.9917580016,5.8916442118
2015-06-30,85645,-0.021227323,15.537702603,-0.68884656,-1.178188687,-0.04237303,0.0727275931,0.0012665863,0.0377723126,0.0632218713,4.4063533416,5.3518581335
2015-06-30,85663,-0.014509064,16.136641818,-0.787383305,-1.359846393,0.0184216918,0.0518807305,0.0006815618,-0.130653952,-0.045243777,4.4876246633,5.3565862747
2015-06-30,85675,0.0387585498,14.210457901,-0.004301435,-1.783489597,0.0631859885,0.0477450311,0.0007262487,0.1495112115,0.3258149911,4.2097543594,5.342334252
2015-06-30,85789,0.0680032969,14.673973335,-0.469727626,-2.972926534,-0.027811681,0.0381480558,0.0002993235,0.056519063,0.0420663383,3.1859393467,5.8805329864
2015-06-30,85792,-0.017053206,15.814480274,-0.401551455,-1.583106571,0.1194922388,0.0582402079,0.0009727828,-0.164523206,-0.160701325,3.3782698666,5.3471075307
2015-06-30,85863,0.0786797479,14.878860388,-0.770467479,-0.749611203,0.0958470743,0.0340426485,0.0006233625,0.4924488954,0.4152778884,4.0262441359,5.342334252
2015-06-30,85908,0.0242009871,15.791319236,-2.557167677,-1.451869971,0.0583593479,0.0331300187,0.000402494,0.0221627621,0.0491624371,4.5842529408,5.3375380797
2015-06-30,85914,-0.053602308,16.196575179,-1.309514737,-0.365642004,0.0477036039,-0.032630886,0.0032619872,0.0390831626,0.2606731855,3.5467397089,5.8971538676
2015-06-30,85926,0.0577002093,15.811019572,-1.3867769,-1.200497429,-0.032633715,0.0139302609,0.0011507201,0.2353768001,0.3389494944,3.8856790458,5.3375380797
2015-06-30,85931,-0.009836698,15.489690821,-2.090933216,-0.948475636,0.1481710543,0.0444804166,0.0002499122,0.0508123898,-0.170559272,3.8666071163,5.342334252
2015-06-30,85945,0.0154000092,14.915448089,-1.262904021,-1.325242798,0.2508943361,0.031297487,0.0003131547,0.0040964417,0.1299457726,4.4847063248,5.1416635565
2015-06-30,85963,-0.094283149,16.815330437,-0.627354498,-0.92437026,0.0252843492,0.0265788126,0.0005274474,0.0598984676,0.3360843148,4.0404161934,5.3375380797
2015-06-30,85991,-0.050648909,16.159791262,-1.447021538,-1.207396399,-0.033080439,-0.014805003,0.0008507895,0.1760487979,0.2480763492,4.0160225872,5.3375380797
2015-06-30,85992,0.0875114501,14.765783712,-2.496573774,-0.243903817,0.1288856302,0.0295592803,0.0001847747,0.2703297064,0.4819468751,4.0046021589,5.3375380797
2015-06-30,85994,0.0594836958,14.949142871,0.213903352,-3.324707456,0.0220908959,0.075616083,0.0004191392,0.212889187,0.0826870618,2.1871742244,5.3375380797
2015-06-30,86004,0.0312677436,15.174449842,-0.215650407,-3.116362835,-0.013599905,0.0448732134,0.0002632617,-0.016624624,0.0610824298,2.8673305674,5.3375380797
2015-06-30,86021,-0.037602924,16.15851891,-0.347414938,-2.059341785,0.0116489417,0.0763118926,0.0013318874,-0.045622435,-0.037789758,4.7690731365,5.3327187933
2015-06-30,86102,-0.037643608,14.994023208,-1.454937134,-1.464831185,0.0411009492,0.0524427748,0.0002915719,0.1108808201,0.2198517969,3.5496173649,5.3327187933
2015-06-30,86106,-0.101374991,16.054932346,0.0158883511,-1.998116873,0.1522667394,0.009450549,0.000936861,0.0583643755,0.2250039131,3.6133473956,5.6454468976
2015-06-30,86136,-0.072857529,17.061949445,-0.401976907,-2.51987907,0.0202059951,0.0449682298,0.0004811184,-0.01668059,0.0876625697,4.6772117502,5.3278761688
2015-06-30,86158,-0.056087777,17.207665291,-1.606164153,-0.830494911,0.2301053392,0.0392586451,0.0002881587,0.1809559464,0.1858810117,4.1700702916,5.3278761688
2015-06-30,86196,0.015761191,15.17595205,-3.122043474,-0.842759483,0.1299760473,0.005916547,9.53864e-05,0.0992827241,0.2681020536,5.0862991565,5.3278761688
2015-06-30,86228,-0.020848913,16.42047911,-0.413525115,-1.835521991,0.0167976027,0.0480844153,0.0007038187,0.0702613058,0.1655813033,3.6961033219,5.3230099791
2015-06-30,86288,-0.036618683,15.446523861,-1.693163582,-1.317475573,0.0758732165,0.0056665043,8.42669e-05,0.2382623913,0.2541555663,5.3419035547,5.3230099791
2015-06-30,86305,0.0298026521,14.592816248,-0.396399177,-1.01234223,-0.040660485,0.0269558016,0.0009551737,0.1237737721,0.052323244,3.2120525964,5.3181199938
2015-06-30,86356,-0.018252917,17.944650378,-1.099377592,-1.232777456,0.1124883135,0.0394399278,0.0002260035,0.1041025567,0.1383982833,4.116758167,5.313205979
2015-06-30,86432,0.0829289183,15.289179856,-0.405607918,-3.475309084,0.2455228433,0.0516010569,0.0001518064,-0.114047724,-0.067890349,3.9809892042,5.3033049081
2015-06-30,86580,-0.091278747,16.151983917,-0.595587322,-0.961069727,0.1438840874,0.0599309275,0.0004698264,0.1352942698,0.1676796411,3.0969341161,5.2933048247
2015-06-30,86719,0.0447552018,15.42837885,-0.710861225,-3.380754291,0.0929009196,0.0594966827,0.0002028105,0.109539399,0.2131569691,3.7588718615,5.2882670307
2015-06-30,86720,0.0336328335,14.65092429,-2.626188066,-0.974443796,0.0454089284,0.0122102436,0.0003150618,0.1370855855,0.2232846271,4.437816013,5.2882670307
2015-06-30,86783,-0.017635955,17.960017723,-2.121616035,-0.600334349,0.463597132,0.0308273545,0.000112365,0.0258605607,-0.032445456,7.0665011326,5.2832037287
2015-06-30,86799,-0.219109207,16.17559648,-0.506327052,-2.792586688,-0.106251061,0.0092179678,0.0003602112,-0.121338241,-0.302335769,3.3264738409,5.2781146592
2015-06-30,86809,0.0187280979,14.844832788,-0.273330281,-3.99245376,0.0778353417,0.0754785751,0.0009856058,0.0550632577,0.2012430998,4.3070336721,5.2781146592
2015-06-30,86830,0.0014462747,15.180429079,-1.294291747,-0.762017517,0.1305023595,0.0189806313,0.0002102767,0.2986286664,0.2728832952,3.8794998452,5.2781146592
2015-06-30,86868,0.0126096839,18.131332625,-0.119466055,-3.863893766,-0.029242185,0.0953783826,0.0005060101,0.0396196279,0.2156715328,5.3287980856,5.2729995586
2015-06-30,86876,-0.044809368,15.160673881,-0.659482602,-1.094453405,-0.0027082,0.066422283,0.0018649191,-0.133098169,-0.168971584,4.2747197902,5.2729995586
2015-06-30,86881,-0.035584282,15.20278282,-0.517022856,-0.853650183,0.0111432331,0.0516510749,0.00056464,0.0576564545,0.2272420034,2.5148698825,5.2729995586
2015-06-30,86899,0.1548677832,14.846070615,0.0137191118,-2.026524307,0.1681318797,0.0500302184,0.0014754941,0.067391556,0.201086209,4.321347336,5.2729995586
2015-06-30,86946,-0.018501582,17.292100734,-1.534318268,-1.196340661,-0.072311602,0.0616489386,0.0003047953,0.1729021924,0.2487811746,4.3405533865,5.2678581591
2015-06-30,86949,0.0370265245,14.417582386,-0.291216454,-0.492016292,0.0497412258,0.0409356545,0.0014071704,0.4961429965,0.7034311731,4.6622119523,5.2678581591
2015-06-30,86964,-0.042485509,15.930899165,-1.49841009,-0.575459492,0.1545181449,0.0393535053,0.0002143807,-0.007836824,0.1169740165,4.8338185774,5.2678581591
2015-06-30,86979,-0.06582734,16.268764841,-0.437984316,-1.195134708,0.0490124434,0.0378600951,0.0004095603,0.2353256356,0.0904396876,3.3250359933,5.2678581591
2015-06-30,86996,0.0282622632,16.396283263,-3.299657394,-2.023578146,0.0280418604,-0.004857279,0.0001130833,0.030596273,0.131978459,4.7168009803,5.2678581591
2015-06-30,87006,-0.053178772,15.245695263,-1.509557957,-0.719028102,0.2495104002,0.0301760699,0.000196016,0.1982661528,0.5115982977,5.2134128661,5.2678581591
2015-06-30,87020,0.044584278,14.614251785,-0.525646495,-3.331817669,0.0020062358,0.05432634,0.0002752402,0.1377054323,0.3290320013,3.6410014019,5.2678581591
2015-06-30,87034,-0.040408492,15.297571178,-2.159879785,-0.569826342,-0.039298735,0.041833433,0.0007594006,0.1811575922,0.2344238862,4.7238417022,5.2626901889
2015-06-30,87055,-0.052808747,17.736972258,-1.518641732,-0.760589229,0.1095778446,0.0382202257,0.0020072432,0.1111444589,0.2535247838,4.9599733536,5.8777357818
2015-06-30,87056,0.0892729089,16.029166088,-2.018365438,-1.511674818,0.3395521783,-0.017627797,5.43433e-05,0.306146933,0.6591921133,4.8328633696,5.2626901889
2015-06-30,87070,0.0383604579,15.463715609,-0.049502918,-4.139409948,-0.050235163,0.0364936054,0.0002809556,-0.028775996,-0.037090138,2.2528695368,5.2626901889
2015-06-30,87075,0.0230386797,14.682651149,-1.133456895,-0.984939826,0.1478930112,0.0455782541,0.0002203854,0.258173248,0.3962229053,4.1958477027,5.2626901889
2015-06-30,87078,-0.027718507,14.877281672,-0.681852342,-1.352689609,0.0940713224,-0.038358611,0.0004965925,-0.031090591,-0.102800816,2.6440448494,5.2626901889
2015-06-30,87137,-0.084176622,17.293275713,0.0068548673,-2.337881339,-0.010417365,-0.00079652,0.0004138205,0.1361314146,-0.06570485,4.1777661891,5.257495372
2015-06-30,87139,-0.127510086,14.443575734,-0.190991591,-1.19033204,-0.047782126,0.0029634862,0.0008338644,0.1683812262,0.2136921306,2.991724256,5.257495372
2015-06-30,87184,-0.017341742,16.159380598,-1.940123569,-0.877415714,0.1217621484,0.0140450416,0.0001251218,0.2447682483,0.406528697,4.3473057385,5.257495372
2015-06-30,87267,-0.048170999,17.79172891,-0.509955571,-3.931416389,0.0924802791,0.0539647253,0.0001924966,0.0761084468,0.2001723395,5.9020320564,5.2470240722
2015-06-30,87299,-0.084567949,16.202911544,-1.162689699,-0.87762118,0.1286542979,0.034240433,0.0001872629,0.2017555795,0.305827067,4.3342796322,5.2470240722
2015-06-30,87432,-0.060937043,16.767422147,-1.238071595,-0.992690448,0.0141365091,0.0374433103,0.000357332,0.0382658405,0.0132882773,3.7181954751,5.2417470151
2015-06-30,87445,0.0412513576,15.109277956,-0.748191207,-1.076966111,0.1338689769,0.0522852735,0.0006782962,0.012847764,0.102221733,4.6183825355,5.2417470151
2015-06-30,87447,-0.023281572,18.099056531,-2.274958028,-1.397401884,-0.070652086,0.0565014621,0.0007368074,-0.029419623,-0.012692892,4.5973396192,5.2417470151
2015-06-30,87541,-0.088753954,15.765530123,-1.267170252,-1.569946887,0.7510288233,0.0679365267,0.0005904091,-0.028798898,0.0243826821,4.2367118079,5.2311086169
2015-06-30,87657,0.0895807147,16.018894414,-1.526660349,-0.547404889,0.2041756869,0.0530132117,0.0002842699,0.0462982369,0.4445121753,4.8730576404,5.2149357576
2015-06-30,87659,-0.071564674,15.833819774,-0.816731819,-1.091861671,-0.002052259,0.058308114,0.0006586175,0.115435839,0.1752865384,4.9536415898,5.2149357576
2015-06-30,87717,0.0057809642,15.968763962,-1.430143023,-1.388802469,0.0203349746,0.0381481195,0.0006781452,0.0784886579,0.0138183214,3.8251570757,5.9162020626
2015-06-30,87812,-0.025793657,14.575262327,-0.919725862,-0.952529466,0.1281154528,0.0265339355,0.0003130447,0.1251889185,0.1355517468,4.0153013301,5.2203558251
2015-06-30,87842,0.0713739693,17.951269894,0.110739286,-4.843876504,0.0563596649,0.0541896418,0.0011244616,-0.042786646,0.0265533832,3.956231228,5.2149357576
2015-06-30,88031,0.0529541597,16.289874825,-2.433042628,-0.172289324,0.3086025295,0.0295154518,0.000198682,0.3068518643,0.6811849295,4.8463893744,5.8749307309
2015-06-30,88182,-0.118401252,15.209902657,-0.891961625,-1.095087651,-0.021685182,0.040728708,0.0007667845,0.3290347434,0.281911825,2.584752002,5.2149357576
2015-06-30,88281,-0.027647223,14.766628466,-1.323130616,-1.246007076,0.036077965,0.0399761355,0.0004565754,0.0907515197,0.2552468099,4.2813771759,5.2040066871
2015-06-30,88284,0.1384921223,15.46984885,0.1644030018,-2.154300179,0.0303051068,0.0371614741,0.0034789975,-0.023747111,0.2508621001,4.0129537488,5.2040066871
2015-06-30,88313,-0.056749247,14.679248724,-0.174106377,-2.322919292,0.0321421238,0.0478675461,0.0003763661,0.1873361739,0.4434042486,2.8986705397,5.2040066871
2015-06-30,88319,-0.041453555,15.362482318,-0.280374436,-1.851762084,0.1560882894,0.1597247371,0.0018654253,0.0768427017,0.1066763256,4.6961071503,5.2040066871
2015-06-30,88331,0.1083923057,15.027699598,-2.41746443,-0.62278341,0.1741221996,-0.005630506,0.0001254098,0.0566552461,0.2193628214,4.0104192941,5.2040066871
2015-06-30,88343,0.0416573621,15.307950371,-0.871766353,-3.060546393,0.1788032896,0.0232345867,0.000162372,0.0771654234,0.1370456722,3.8042150392,5.2040066871
2015-06-30,88352,-0.00666325,16.511811982,-1.432768177,-0.866070717,-0.027194384,0.0447188592,0.0001543721,0.0003630274,0.2937355956,6.1898029795,5.2040066871
2015-06-30,88446,0.0595885031,17.029915405,-2.220579854,-1.052509776,0.162546247,0.0088323144,0.0001006101,-0.044218129,0.1521174601,5.3282644518,5.1984970313
2015-06-30,88467,-0.072079144,14.612899764,-0.41319754,-1.066809235,0.3676773165,-0.005488152,0.0005008464,0.3130319961,0.1401532853,4.1538705463,5.1984970313
2015-06-30,88504,0.0287298225,15.221293575,-1.333914108,-0.830573172,0.0686408739,0.0238895715,0.0005550465,-0.089250457,-0.099807235,2.9877001095,5.1929568509
2015-06-30,88597,0.0097711179,15.193376359,-1.117968589,-1.263245352,0.3246205962,0.0272550217,0.0011078716,0.0589629125,-0.017830638,3.6607371325,5.1873858058
2015-06-30,88661,-0.011945104,16.053444089,-1.855633591,0.090368447,0.1290401084,0.0636405077,0.0003223508,0.1226809776,-0.027061792,3.565863973,5.1817835503
2015-06-30,88664,-0.005839042,15.406987753,-1.44706902,-1.037397531,0.0059489557,0.0342525016,0.0002227635,0.1133949923,0.1484092057,4.1756173105,5.8777357818
2015-06-30,88668,-0.084629908,17.996611463,-1.533800496,-0.916000414,0.0215230378,0.0395958738,0.000242884,-0.000943197,-0.05040865,4.7620030087,5.1817835503
2015-06-30,88845,0.0804441646,17.182047226,-0.522911928,-1.416787595,0.1838948244,0.0731723466,0.0018741197,0.2637492218,0.3313669464,4.7704303652,5.170483995
2015-06-30,88853,-0.057097171,16.320058061,-1.217756071,-1.692362192,0.0057599326,0.0496561048,0.0020832495,-0.091121742,-0.212044966,4.0292725872,5.170483995
2015-06-30,88860,0.033624541,15.325587564,-1.982790461,-0.493860393,0.0955551185,0.0138668846,0.0001433721,0.1117256448,0.0746048727,4.1054493118,5.1647859739
2015-06-30,88873,-0.008909756,15.470265083,-1.178809842,-0.652718063,0.1506015824,0.0446141512,0.0005014354,0.2201583414,0.3809812721,4.6480380599,5.1590552992
2015-06-30,88924,-0.05186997,15.299585813,-1.326421712,-0.341965059,0.2268255206,0.0502866784,0.0008374742,0.1746305607,0.0935020296,3.1117359085,5.1532915945
2015-06-30,89002,-0.020434173,16.539827732,-2.426518371,-2.012638717,0.0986457915,0.0380072276,0.0003371563,0.048092452,0.1494026749,5.6971941485,5.1357984371
2015-06-30,89003,-0.010207361,16.572605384,-0.726075196,-1.700462905,0.0298388538,0.0309468928,0.0003883743,0.0755259193,0.1595411476,4.1383614598,5.1298987149
2015-06-30,89004,-0.007178733,16.48014846,-1.627352109,-1.318974197,0.1124740185,0.0397893909,0.0005767459,-0.239605992,-0.275017241,3.7326570984,5.1357984371
2015-06-30,89006,-0.007213291,17.96568552,-0.438899864,-1.647460287,-0.039468763,0.037685871,0.0005861853,0.0927952914,0.0360922167,3.7278597574,5.1357984371
2015-06-30,89014,-0.029835107,16.175221621,-1.81638671,-1.077177008,0.0160541062,0.0613242913,0.0004615122,0.15236985,0.2189062628,4.5558749199,5.1298987149
2015-06-30,89070,-0.04259789,16.673685141,-0.9278721,-0.954466128,0.0611388137,0.046654884,0.0002901224,-0.008857196,0.0593837675,4.7369875785,5.1239639794
2015-06-30,89105,-0.065228507,15.632372241,-0.718663947,-1.206245324,-0.059172218,0.085690462,0.0008395974,-0.20111188,-0.276602104,3.6620219647,5.1239639794
2015-06-30,89179,-0.018379545,17.219886353,0.0287765013,-1.363074447,0.0104464043,0.0921389892,0.0025988258,0.1825877166,0.3465799764,5.1230707598,5.1119877884
2015-06-30,89195,-0.000386878,16.513697661,-0.343240006,-5.203489988,0.2513153203,0.060980428,0.000630587,-0.010649875,0.1152201509,3.9452643126,5.1119877884
2015-06-30,89213,0.0370758623,14.936326926,-0.664374051,-1.535434929,0.0675649886,0.0483544563,0.0006495087,0.1119876519,0.4152241424,3.960050957,5.1059454739
2015-06-30,89216,0.0197744351,15.602867726,-1.502226915,-0.76398769,0.0917499738,0.0267197846,0.0004439575,0.1817770152,0.2890972883,5.1732642487,5.1059454739
2015-06-30,89217,0.0400077812,16.102280088,-1.611951386,-0.475204836,0.1874015261,0.0474548971,0.0008052553,-0.026538477,0.1428754212,5.0318748051,5.1059454739
2015-06-30,89230,0.0226831734,14.945965818,-0.554570584,-1.271509963,-0.001007025,-0.024332717,0.0010215252,0.1721793533,0.283198989,3.943134036,5.1059454739
2015-06-30,89258,0.0343930498,17.525030486,-0.169611897,-4.365574421,0.0312055403,-0.015980833,0.0009741118,-0.067675083,0.013001943,4.4380524702,5.0998664278
2015-06-30,89269,0.0671622679,15.28825433,-0.954177773,-1.024229047,0.2525279503,0.0487271458,0.0033590363,0.2910755007,0.5090527798,4.3220111537,5.0998664278
2015-06-30,89290,-0.129516244,15.021886354,-1.244741177,-0.722530234,0.244172399,0.0531632722,0.0003661718,0.2135403883,0.2186681924,4.6015636843,5.0937502008
2015-06-30,89301,-0.002073272,15.343268326,-0.900698172,-0.44402318,-0.159293781,-0.048429574,0.0015565328,-0.085777393,0.052105327,3.7706898258,5.0875963352
2015-06-30,89327,0.064614661,14.560980159,-1.22115995,-0.766514137,0.1281751934,0.0589939182,0.0032015502,0.1821073472,0.2623404567,4.4440620579,5.081404365
2015-06-30,89353,0.0297619235,14.968198056,0.0816239562,-1.582590662,0.0388398333,0.0644317297,0.0021531183,0.5760679982,0.7538936347,3.0037004356,5.0751738152
2015-06-30,89393,0.0526872501,17.091752807,-2.800709754,-0.426579327,0.3104882657,0.0051088409,0.0001993176,0.3484430175,0.2865925594,6.4362465137,5.0689042022
2015-06-30,89397,-0.060692739,14.790264447,-2.666192576,-0.979742009,0.0400433397,0.0232541317,0.0003656896,0.066287273,0.2821085818,4.1692973871,5.0689042022
2015-06-30,89508,-0.067989893,16.245899463,-1.246030479,-1.678400107,0.1713341076,0.0405423693,0.0010910479,0.197380796,0.4299136366,4.2632431116,5.0369526024
2015-06-30,89509,-0.045017786,16.340098934,-0.508016609,-1.599686402,0.1400667122,0.0601332133,0.0002398784,0.0931837957,-0.033234771,4.7493571248,5.0369526024
2015-06-30,89525,0.033014033,18.713190164,-0.440712372,-1.99930245,-0.038042291,0.0509334311,0.0004955509,0.0512619505,0.1182138033,4.2322822147,5.0304379214
2015-06-30,89533,-0.020061618,16.861735861,-4.897611,-1.363889328,0.1408305408,0.0364059973,0.0002859755,-0.512544813,-0.629506825,4.6120465142,5.0369526024
2015-06-30,89540,-0.033739775,15.330838697,-1.301702605,-0.386297074,-0.036931532,0.0484053823,0.0009951687,0.1838604655,0.2098722974,3.9837853944,5.0369526024
2015-06-30,89574,0.097780183,14.907717586,-0.891789569,-1.615493437,0.2169407446,0.0644474893,0.0002791037,-0.143861208,-0.018360744,4.0388318227,5.0304379214
2015-06-30,89626,-0.006794049,16.981622847,0.0812168045,-3.327312098,0.3340675161,0.0366124524,0.000113611,0.1140644194,0.2784142399,4.5454201492,5.0238805208
2015-06-30,89757,-0.259154618,15.263215656,-0.235015066,-0.609467788,-0.100327187,-0.196195838,0.0076053495,0.1946176665,0.0205955994,3.7600366662,4.9836066217
2015-06-30,89781,-0.03354406,14.540525702,-0.576424558,-1.212193039,0.4395754772,0.027802048,0.0041350058,0.1969819444,0.3181372161,4.2868914102,4.9767337424
2015-06-30,89810,-0.018258389,15.157133007,-0.79808516,-1.514173594,-0.013398747,0.0459516478,0.0014353759,0.1539259773,0.2526219635,2.6560548899,4.9698132996
2015-06-30,89826,0.1441176385,14.659451984,-0.992192263,-3.271565683,0.1055860794,0.046333488,0.0001914256,-0.149473747,0.0281165934,3.9963641819,4.9698132996
2015-06-30,89841,0.0233333539,15.170792578,0.2324167948,-3.656088333,0.0188419784,0.1148487548,0.0011390127,-0.057398101,0.0663856449,2.8903717579,4.9628446303
2015-06-30,89866,0.0586279705,15.903100221,-1.384000907,-0.775442148,0.1935884489,0.0309441158,0.0005104367,-0.053931114,-0.024449313,3.3523572056,4.9558270576
2015-06-30,89876,0.0298391953,15.12412942,-1.560481751,-0.410516787,0.1060513964,0.0401611055,0.0006833829,0.2500522446,0.3322489084,4.6368626445,4.9558270576
2015-06-30,89900,-0.114672743,14.862280258,-0.583330485,-1.586920191,0.1154463182,0.0583172932,0.0042688505,0.103895031,0.1510920556,4.4148567571,4.9487598904
2015-06-30,89901,0.0184903536,16.071680937,-0.361367392,-1.605539356,0.1944589424,0.0486602752,0.0003672235,-0.479585686,-0.639365674,3.4962045361,4.9487598904
2015-06-30,89904,0.0263313316,14.958267008,-1.704019927,-0.85568078,0.1772666794,0.0255224265,0.0004575335,0.064965512,0.0974405637,5.0282787173,4.9487598904
2015-06-30,89952,-0.046657428,14.981921469,-1.443671803,-1.376377861,0.0770692474,0.0476552292,0.0004214298,0.0445821155,-0.030576705,4.4562060754,4.9416424226
2015-06-30,89971,0.105890274,15.104644206,-2.059472501,-0.911594644,0.7319503832,0.0237971633,0.000754762,0.1459210858,0.1027917295,4.0874877773,4.9416424226
2015-06-30,90038,0.017463956,15.362263988,0.0278701332,-3.379294047,0.0261885076,0.0964932108,0.001869557,-0.095967493,-0.085902555,4.187379405,4.9272536852
2015-06-30,90071,-0.092063554,16.344861869,0.1217398852,-2.74140062,-0.035524524,-0.042444906,0.0012152801,-0.160509283,-0.324276704,3.2268440248,4.9199809258
2015-06-30,90090,0.0482635573,15.657467746,-1.037600606,-3.556321782,0.248331891,0.044042196,0.0001549344,0.1016468604,0.1464739245,4.9391392487,4.9199809258
2015-06-30,90110,0.0032798115,15.965665319,-0.836946547,-1.287281939,0.0147220919,-0.001212888,0.0005996315,0.4858229097,0.5739522868,4.4820981677,4.9052747784
2015-06-30,90162,-0.046599481,15.971367762,0.7235741217,-4.146054436,-0.047597269,0.0718734545,0.00122426,-0.464728066,-0.659010225,2.0719132825,4.9052747784
2015-06-30,90175,-0.080960125,14.223074172,-0.704098201,-1.841945689,0.6356517482,-0.062381202,0.0008747874,0.1946863968,0.6575014945,3.8950802816,4.9052747784
2015-06-30,90188,-0.062710151,14.32814935,-0.871525045,-0.751434062,0.0134706454,0.0054236415,0.000471444,0.0895143078,0.2938865282,3.9229629304,4.9052747784
2015-06-30,90199,-0.032426819,16.17997178,-1.424717366,-2.027645517,-0.109662767,0.0354186596,0.0008240148,0.1807578443,0.2506439622,3.6438821321,4.8978398
2015-06-30,90200,-0.020000009,15.304310267,-1.072957916,-1.380316824,0.1069275448,0.0465791935,0.0007866464,0.0937566107,-0.149263043,3.9318256327,4.8978398
2015-06-30,90249,0.057397984,14.985487167,-0.95818166,-1.165327064,0.0351126099,0.0489023005,0.0006852945,0.0836328251,-0.005577569,4.1993049887,4.8903491282
2015-06-30,90272,-0.009805024,15.001953311,-0.670986316,-1.000111542,0.2544348501,0.0553962103,0.0030910683,0.1317801547,-0.000258231,4.4505026846,4.8903491282
2015-06-30,90276,0.1110027805,14.316507674,-2.169325301,-0.815509684,0.0012220708,0.0173939504,0.0002900612,0.132541219,0.3974247162,3.9369106882,4.8903491282
2015-06-30,90312,-0.027230261,16.229280372,-1.048483469,-1.193856229,0.1740507679,0.0722202009,0.0004611384,0.105118949,-0.029251173,4.255754574,4.8828019226
2015-06-30,90352,-0.095547311,15.065976927,0.0242469534,-5.629323564,0.1541821804,-0.182309438,0.0006803215,0.0869294231,-0.012841755,3.4763048589,5.2257466737
2015-06-30,90386,0.0278080702,16.637754142,-0.128770456,-2.098378021,0.1583461652,0.0571214932,0.0005306985,0.0038537616,-0.106102389,3.8253751654,4.8675344505
2015-06-30,90427,0.0736721829,14.410166906,-1.182227737,-1.197416883,0.1036220157,0.0402975962,0.0007271083,0.1608119212,0.3047274676,3.5559193399,4.8675344505
2015-06-30,90441,-0.031398822,18.157175138,-1.241225656,-1.610400216,-0.10639445,0.0824899299,0.0003488703,-0.007245849,-0.030221928,4.0038787722,4.8598124044
2015-06-30,90454,0.0488411523,14.524029087,-2.096307107,-1.074081885,0.228210008,0.0267902183,9.45385e-05,0.2885603315,0.4833863808,4.4824373861,4.8598124044
2015-06-30,90458,-0.053633228,14.521452928,-0.155680451,-2.571708691,0.0638276886,0.0548716468,0.0006926583,0.0016332867,0.1141155269,3.9516282688,4.8598124044
2015-06-30,90505,0.0470194332,17.935782821,-1.899384874,-1.290303459,0.0249796026,0.0350540206,0.0002130087,-0.14299329,-0.334682552,3.9284867675,4.8520302639
2015-06-30,90507,-0.023747662,15.075345742,-0.813292129,-1.765911485,0.117466895,0.0102658381,0.0003436402,0.1710272842,0.3370536299,4.4384069609,4.5849674787
2015-06-30,90520,0.0440086983,16.120423816,-1.092762854,-1.697841415,-0.015405234,0.1188929328,0.0007462094,0.131022387,0.0738487953,4.231930203,4.8441870865
2015-06-30,90558,-0.010918041,15.735692909,-0.888790657,-1.429440924,0.0336463788,0.0221457978,0.0018636025,-0.045822695,-0.126292014,3.1108451045,4.836281907
2015-06-30,90564,0.0528233983,14.378554929,-1.013074379,-1.594218636,-0.010564194,0.0347705135,0.0003369968,0.1026748665,0.1377257804,3.7823697555,4.836281907
2015-06-30,90569,0.0051151058,15.218560641,-1.413843685,-2.327230009,0.0998911205,0.038024257,0.000186342,-0.00751318,0.1574536476,4.7308331986,4.836281907
2015-06-30,90601,-0.051980648,15.688983397,0.0222407916,-2.63945496,0.3200850204,0.0555465267,0.0004762672,0.1230753034,0.2627588393,3.9464244321,4.836281907
2015-06-30,90657,-0.110296026,15.227916098,-0.80230276,-1.37950719,-0.153558885,-0.105327216,0.0005744522,-0.040810755,0.0863761793,3.6420498188,4.8202815656
2015-06-30,90664,0.1151701361,14.910905673,-3.418574257,-0.134348053,0.1446719359,-0.011675762,6.23222e-05,0.4076133145,0.6938874625,4.2727696658,4.8202815656
2015-06-30,90708,0.0291073732,14.982110367,-1.59144537,-0.88157895,-0.010888741,0.0345740549,0.000198833,0.1114571958,0.074976483,4.3476939951,4.8121843554
2015-06-30,90751,-0.031168904,14.655835647,-1.41835471,-0.478013897,0.0438960626,0.0401253298,0.0006364718,0.2119514138,0.3934359738,3.5452977697,4.8040210447
2015-06-30,90756,-0.155103639,15.366612024,-0.639574451,-1.330809014,-0.037498603,0.0715117674,0.0017948471,0.1919176082,0.0063377072,3.9152178933,5.8805329864
2015-06-30,90775,0.1359876096,14.895583557,-0.513555279,-1.582676991,0.0744325597,0.0340741926,0.0009136241,-0.04699532,0.0808327393,4.267317022,4.8040210447
2015-06-30,90776,0.0768739358,14.550746802,-1.069161864,-3.329708352,0.1996546397,0.0539747272,0.000180803,0.1497403905,0.3011401017,3.4452142792,4.8040210447
2015-06-30,90786,-0.088126965,15.564782634,-0.837333053,-2.239927027,0.1212644198,0.0453902607,0.0001871685,-0.087107431,-0.003732703,3.5635996636,4.7957905456
2015-06-30,90808,0.0194853283,16.014691714,-0.979509183,-0.71992351,0.0883272354,0.0281963637,0.0005858141,0.1074150094,0.2572458907,4.6752558135,4.7874917428
2015-06-30,90829,0.0174749549,16.343246676,-0.755950773,-1.292919492,0.0490575696,0.1040507466,0.0004098149,0.1109014948,0.1830513028,5.7553624101,4.7874917428
2015-06-30,90831,0.0070921807,15.399387647,-1.209816424,-1.398298273,0.1146244037,0.036349016,0.0006716108,0.0118027924,0.300709559,4.4379342486,4.7874917428
2015-06-30,90880,0.0027289828,16.941639315,-0.885578792,-3.325916222,0.0705399674,0.0580194948,0.0005016179,0.0069777004,0.1252787142,4.8250283169,4.7706846245
2015-06-30,90925,-0.020547878,16.02043933,-0.354282469,-2.359676436,0.0608610143,0.048534822,0.0010571391,0.1980468277,0.2752384601,3.7457957193,4.7706846245
2015-06-30,90952,0.0241465401,15.188223981,-0.976130496,-3.612691287,0.2053707721,0.031143511,0.0001642205,0.1089444164,0.1081687591,2.4857396551,4.7706846245
2015-06-30,90978,-0.065152995,15.496967598,-1.144253017,-1.981883949,0.1543860002,0.0260430435,0.0006917869,0.0109324439,-0.035102067,3.4141135868,4.7621739348
2015-06-30,90979,0.0641499609,16.152383178,-1.959686583,-0.286276619,0.3100918943,0.0214817823,0.0003118997,0.1676521319,0.4232234262,4.3619515169,4.7621739348
2015-06-30,90988,-0.079331331,15.245965966,-1.119962613,-2.070519625,0.0152663583,-0.001061525,0.0008557348,0.0720929857,0.0855320653,3.6293947708,4.7621739348
2015-06-30,90993,-0.052453749,16.895269436,-0.499064482,-3.903848908,0.5548756824,0.0097689715,6.93725e-05,0.0808203423,0.1463602906,5.4671314348,4.7621739348
2015-06-30,91032,0.5057553649,14.707106864,-1.143116435,-1.277951705,0.0492431798,0.0027824548,0.0002276145,-0.179731871,-0.010124041,3.7305011471,4.7535901911
2015-06-30,91041,-0.038811211,15.41587517,-0.775977231,-1.192655817,0.0716003378,-0.011076325,0.0016437805,-0.036823611,0.0549543817,3.3534067312,4.7535901911
2015-06-30,91063,-0.02751193,17.421023627,-1.850023649,-1.223850973,0.0685613177,0.0607841071,0.0003590808,-0.036263436,-0.188645727,4.3398698121,4.7449321284
2015-06-30,91073,-0.008185552,15.164159351,-0.180435214,-1.903405838,0.7986799313,0.0784631253,0.0029784511,0.0194897618,0.138004832,3.7837349747,4.7449321284
2015-06-30,91103,-0.028943064,16.545961914,-1.080631132,-1.447917797,-0.021924575,0.0408640155,0.0027923044,0.1233012446,0.2974382929,3.9998507186,4.7361984484
2015-06-30,91128,-0.067423537,15.496168235,-0.909988621,-2.612424319,0.534314912,0.0280904571,4.87641e-05,-0.025021524,-0.22892982,3.7649141369,4.7361984484
2015-06-30,91152,-0.006060853,15.996180551,-5.176022701,-1.724847156,0.118891148,0.0350804611,0.0002268878,0.1259302939,0.2562869774,5.4207119451,4.7273878187
2015-06-30,91204,-0.042906158,14.812669428,0.0202987051,-2.489671302,0.0732635744,0.0435725795,0.0007674179,-0.020039264,0.0929009187,3.5542045246,4.7184988713
2015-06-30,91207,-0.015647726,16.557459482,-1.495317542,-1.714899881,-0.011235436,0.0364600547,0.0004018087,0.1311261148,0.1145997627,4.4159448787,4.7184988713
2015-06-30,91233,0.0132235121,18.229013656,-2.54237447,-1.075980292,0.1335113314,0.0316998888,8.62624e-05,0.0780247807,0.1720190038,4.5246107013,4.7095302013
2015-06-30,91277,-0.007865546,16.794361437,-0.908829455,-1.658884327,-0.016880008,0.0226357842,0.0005385938,0.0955188565,0.1558375365,3.7633372174,4.7095302013
2015-06-30,91356,0.0718264654,14.575362858,-1.061442733,-3.356446716,0.4735998558,0.0269975975,0.0001057882,0.0367260873,0.0852600621,3.5295906143,4.7004803658
2015-06-30,91392,-0.035331525,16.081391259,-1.233100188,-1.314315158,0.0289543243,0.0440064671,0.0005215086,0.103698605,0.1573638269,4.4415919151,4.6821312271
2015-06-30,91416,0.0458254553,16.098133744,-1.733289348,-0.866928006,0.1188558477,0.0463632638,0.0006642744,0.1688262896,0.3908475148,3.4613513236,4.6728288345
2015-06-30,91461,-0.066742636,16.050345818,-1.900659932,-1.361402478,0.0669673755,0.0804824466,0.0005815869,0.193153475,0.2557990878,3.0887671743,4.6634390941
2015-06-30,91516,-0.029861607,14.962158268,-1.295362656,-1.382803239,0.0215919251,0.0317055059,0.0008714356,0.122681823,0.0309829427,4.0058775476,4.6634390941
2015-06-30,91531,-0.026203981,15.331658675,-0.218429476,-1.732728436,0.0103845823,0.0416761086,0.0011039883,0.1955637577,-0.040976747,3.7462045351,4.6539603502
2015-06-30,91547,-0.04258826,14.868639007,-0.409568011,-1.380693056,-0.126463924,0.123438699,0.0028027912,0.1451882956,0.1202283909,3.7495040759,4.6634390941
2015-06-30,91556,0.0081204418,16.454047083,-2.16322704,-0.237315187,0.1060557464,0.047700428,0.0006034765,0.2072680824,0.3778134636,4.5713030975,5.8861040315
2015-06-30,91575,-0.08898937,16.345138398,-0.809659537,-1.517265688,0.0544208335,0.0265854316,0.0008379396,-0.050525235,-0.34819377,2.9902170622,4.6539603502
2015-06-30,91579,0.0214099176,15.058876759,-0.626386387,-2.417017734,-0.058740668,0.0157521092,0.0015259742,-0.077937259,-0.311773153,2.9523026957,4.6539603502
2015-06-30,91594,0.0095255626,15.290569747,-0.993557919,-4.120771526,-0.058576972,-0.163753704,0.0014479415,0.2574246081,0.4499659598,3.9998507186,4.6539603502
2015-06-30,91603,0.0927218646,14.965420786,-0.340362726,-3.281648389,0.4172198738,0.1124423539,0.0011047987,0.2905147287,0.3498673487,4.0973400763,4.6539603502
2015-06-30,91611,-0.05491852,15.778218457,-0.186169779,-1.832405624,0.0808787266,0.0629107164,0.0006084136,0.0129882479,-0.034750303,3.9062061017,4.6539603502
2015-06-30,91650,-0.07307364,17.165088223,-0.445223469,-2.608311878,0.0919549465,0.0425722042,0.0002311732,-0.029145726,-0.057522513,3.5601933944,4.6347289882
2015-06-30,91659,0.1296120137,14.561736361,-1.527823929,-1.159701775,0.1530382657,0.0459884234,0.0005079405,0.1593087444,0.3082533597,5.0592349717,4.6443908991
2015-06-30,91668,-0.101908408,15.092527007,-1.46142724,-1.053627154,0.1697907113,0.0379233207,0.000160775,0.1878459085,0.3391853793,4.5521912226,4.6443908991
2015-06-30,91849,-0.071982317,15.429876055,-1.669396575,-0.980465959,0.0152781443,0.0440463341,0.000515948,0.2156298266,0.2956628459,3.9923118423,4.605170186
2015-06-30,91854,-0.032855153,14.826778506,0.1383149094,-1.807492656,0.0249992859,0.0298739281,0.0017948727,0.0689230194,-0.012860352,3.7663033793,4.6151205168
2015-06-30,91883,-0.010890603,17.530046756,-0.695928685,-1.410639014,-0.031323292,0.0498915213,0.0005789492,0.0697739759,0.1167972914,5.1978891083,4.6151205168
2015-06-30,91915,-0.002714054,15.221593564,-1.122478757,-1.96297536,0.0701982524,0.0378951536,0.0006976728,0.2005020508,0.3284335743,3.7020424105,4.605170186
2015-06-30,91926,-0.042870373,17.30690612,-0.702373917,-1.806294665,0.1594660137,0.3705115345,0.0016059451,0.1079634349,0.1182207936,3.7593378751,4.5951198501
2015-06-30,91937,-0.002829234,17.111142667,-0.355075189,-1.412519587,1.589733127,0.001298216,0.0009059615,0.1537101291,-0.008483327,3.6604800071,4.605170186
2015-06-30,91968,0.1373736858,15.282560439,-0.687225697,-3.769079178,-0.021835585,0.0149273139,0.0001108393,-0.01220295,0.0955084905,2.6979998909,4.605170186
2015-06-30,91975,0.0015138678,14.977363675,-0.331700343,-2.347112803,0.0001862281,0.0795370458,0.0028173955,-0.030886865,-0.018210861,3.4974162024,4.5951198501
2015-06-30,91983,-0.069578618,17.196887566,-1.30110633,-1.464996866,0.2673317279,0.0359109024,0.0001652954,-0.068650772,-0.287777064,3.8190301687,4.5951198501
2015-06-30,92021,-0.096695729,15.34588797,-1.741635608,-1.363198337,0.047964031,0.0190850011,0.0001719933,-0.061117901,-0.285608289,3.8985324524,4.5951198501
2015-06-30,92034,-0.02216861,14.794392178,-1.87357587,-0.484172037,0.1044023006,-0.001646615,0.0001686696,0.233265589,0.2797392434,4.253767075,4.5951198501
2015-06-30,92044,-0.138404444,14.971271077,-0.875888488,-1.825105132,0.8520121916,0.0466422803,0.0006555357,-0.089351485,-0.032154787,3.2939833257,4.5951198501
2015-06-30,92095,0.0164728761,13.944130639,-1.028602981,-1.058514056,0.2829841164,-0.027775928,0.0004639643,0.2576413755,0.7255823935,3.027230911,4.5849674787
2015-06-30,92102,-0.058678038,14.006871886,-1.644197211,-0.53108844,0.076986357,-0.002262672,0.0002778595,0.2171455623,0.516763804,4.0356555982,4.5849674787
2015-06-30,92121,-0.011154994,17.179340468,-0.958168664,-2.867445262,0.0524880694,0.0885432378,0.0003511483,-0.087931352,-0.008389521,4.065087389,4.5747109785
2015-06-30,92188,-0.021357356,15.685404124,-1.482961437,-0.976492299,0.3145641972,0.106633269,0.0004685483,0.2452831762,0.1532270453,4.8396096826,4.5643481915
2015-06-30,92203,0.092155911,15.358041593,-2.036741812,-0.265703745,0.3581991672,0.0390070971,0.0002014534,0.4239407808,0.3548358807,4.0908384382,4.5747109785
2015-06-30,92221,-0.022924328,15.253517397,-2.601879258,-0.544388263,0.2131102871,0.0243903473,9.92953e-05,0.0465308574,0.5200787922,4.9776299261,4.5643481915
2015-06-30,92239,-0.053532854,16.597093182,-0.801137702,-1.673551271,0.1103090654,0.0208379011,0.0002044368,0.1498832989,-0.039779281,4.7899886483,4.5643481915
2015-06-30,92245,-0.012401689,14.913860636,-0.113269714,-1.4792253,-0.006529141,0.0259144639,0.0014017323,-0.050102986,-0.106363651,3.4983241339,4.5643481915
2015-06-30,92257,-0.018094387,16.351993711,-0.539900046,-0.952595283,0.1512784128,0.0831480915,0.0004451288,0.0527879181,-0.091070486,4.4695795282,4.5643481915
2015-06-30,92293,-0.049820203,15.662316788,-1.341190756,-0.64460314,0.0097371753,0.0494749877,0.0003620999,0.0387025922,0.0465308391,3.6620219647,4.5432947823
2015-06-30,92296,-0.017324157,15.3729299,-2.498355961,-0.774876401,0.6199178365,0.0005166193,0.000118524,0.0013052904,-0.034061885,4.7587492608,4.5538768916
2015-06-30,92322,0.011990577,15.587058559,-1.99011876,-0.380213966,0.2868666166,0.027582146,0.0003597855,0.2236566206,0.5764015496,5.0279511399,4.5432947823
2015-06-30,92326,-0.028895743,15.246870482,-0.436550067,-1.332810223,0.0150909285,0.0937644434,0.0023799904,-0.165509029,-0.077118364,3.6573887437,4.5432947823
2015-06-30,92402,-0.008058018,15.492779828,-1.057801727,-1.488904861,0.037344188,0.0420941768,0.0002000461,0.2742993382,0.3561227373,4.1279404994,4.5325994932
2015-06-30,92497,-0.017876238,15.700355011,-3.600833872,-0.939965364,0.7366065433,-0.009193351,5.38731e-05,-0.12836482,0.1717260261,4.5371054355,4.521788577
2015-06-30,92502,-0.033633146,14.71524012,-0.771667377,-2.947333982,0.3373039144,-0.003680572,6.64553e-05,-0.080996601,0.0156341207,3.2414197774,4.521788577
2015-06-30,92530,-0.104975149,16.126128676,-0.863912533,-2.294106134,0.0006040836,0.0016474646,0.0007418127,-0.04526877,-0.066942783,3.000719834,4.4998096703
2015-06-30,92570,-0.054662403,15.157854586,-0.926668459,-1.53235412,-0.002920279,0.0815826055,0.0023457536,0.0575476045,-0.019216501,3.0805328963,4.4998096703
2015-06-30,92611,-0.02227721,18.471635457,-1.289620714,-1.549029264,-0.106908433,0.0432611914,0.0001045553,0.0937518971,0.2123648186,4.2294580405,4.4886363697
2015-06-30,92614,-0.080196671,15.996209298,-0.135935109,-2.338228523,0.0219102549,0.0478530084,0.0003851014,0.0328612621,0.1323873348,3.96783605,4.4773368145
2015-06-30,92618,-0.042536508,16.258184933,-1.170639111,-0.827218723,-0.084936308,0.0618795333,0.0006132952,0.0859504075,0.2817460927,4.3391191257,4.4659081187
2015-06-30,92648,-0.084143639,16.03583424,-0.86193398,-1.559257749,0.0713180241,0.0271507775,0.0006480301,-0.092207268,-0.383789412,3.9197927306,4.4659081187
2015-06-30,92655,0.019050004,18.198831814,-0.769444674,-0.992153234,0.0122507937,0.071575966,0.0016144566,0.1660130321,0.3515194025,4.7892402057,5.9135030056
2015-06-30,92709,-0.024473948,15.991648776,-1.33084,-0.885161047,0.069899133,0.050979518,0.0002620377,-0.094692782,-0.082037118,4.2048418939,4.4426512565
2015-06-30,92765,-0.072337277,15.380399435,-1.581538791,-0.35855834,0.1410453463,0.0157298185,0.0002804958,0.3401152329,0.3900922053,3.6911269305,4.4308167988
2015-06-30,92771,0.0511101447,14.948087118,-1.67723567,-0.08425466,0.004472876,0.0526325816,0.0010303466,0.0908988697,0.2713996709,4.2063330733,4.4308167988
2015-06-30,92890,-0.068525195,16.750948613,-3.83488275,-0.233370971,0.064160557,0.0376718832,0.000248263,-0.026913975,0.085335452,4.5777990206,4.3567088267
2015-06-30,92931,-0.027818751,14.885261917,-1.760520656,-0.748722048,0.3112929335,0.0310902608,0.0001179617,0.0255385977,0.2214536824,3.8596765411,4.3174881135
2015-06-30,92940,-0.063609697,14.653548114,-2.640435246,-0.997257672,0.9370425269,0.005121281,8.53129e-05,0.1692684275,0.3233083289,4.0606153805,4.3040650932
2015-06-30,93089,0.0024800261,16.116611285,-2.691151605,-0.945255768,0.0592655671,0.0306304171,0.000144983,0.1852576654,0.2372687254,4.284689427,4.248495242
2015-06-30,93096,0.0739771575,16.671838089,-1.232490354,-0.656097849,0.0677517884,0.0481378468,0.0008290542,0.1516172264,0.3045984376,4.2848271208,4.2341065046
2015-06-30,93101,-0.030253358,15.798237414,-0.710554624,-1.647845119,0.0165571105,0.0639361469,0.002481478,0.1868822225,0.2407345051,4.7537625611,4.2341065046
2015-06-30,93132,0.0317024551,15.229046403,-1.663069428,-0.953582396,0.1804982601,0.0142254068,0.0001990948,0.3707028512,0.5185395352,3.6903783645,4.2341065046
2015-06-30,93150,0.0049719708,15.996143315,-0.164704912,-2.925949145,0.0686383599,0.0627456929,0.0003505239,-0.07675475,0.0217190521,3.8342776205,4.2195077052
2015-06-30,93174,0.0110038444,15.30962611,-0.804864753,-1.695265576,0.0407838003,0.0163482382,0.0005289832,0.2183067111,0.2289033138,3.6179203201,4.2195077052
2015-06-30,93179,-0.102032863,15.773777419,-1.027458041,-1.167940091,0.0850072783,0.1227128905,0.0019962731,0.0527654117,0.1631838446,3.2418107932,4.2195077052
2015-06-30,93185,0.1171341017,15.070438536,-2.472523698,-1.125887563,0.1267003294,0.0270982717,0.0007487777,-0.048654284,0.1598464471,4.0686848076,4.2195077052
2015-06-30,93189,0.0297773574,13.862162914,-0.888082572,-1.022994737,0.2609286256,0.0706274934,0.000272516,0.4620885627,0.7468427034,4.7169798774,4.2195077052
2015-06-30,93222,-0.011856051,14.78464302,0.3418678185,-4.499428057,0.0224407978,0.0942314683,0.0009574603,0.0667347806,0.1989559374,3.1970390928,4.2046926194
2015-06-30,93223,-0.086987995,15.807127106,-1.090825424,-1.665256934,-0.004659167,0.037408351,0.0004299355,0.1427841904,0.1257040205,4.9268912785,4.2046926194
2015-06-30,93233,-0.022708679,15.194829333,-0.589193953,-1.428581992,0.0789963632,0.0383086922,0.0003676863,0.0581991795,0.3811675048,4.4476973307,4.189654742
2015-06-30,93246,-0.048587814,15.025909586,-2.45911996,-1.130628584,0.1143838268,0.0439684507,0.0003825589,-0.083928377,-0.155007006,3.7324177269,4.189654742
2015-06-30,93295,0.0552508682,15.327635891,-0.953236782,-1.275685669,0.4053228494,-0.014974634,0.001098558,0.0160029291,0.1707641319,4.5710962214,4.1743872699
2015-06-30,93312,0.060580343,15.088339978,-0.969694085,-1.680894565,-0.037769334,0.0327671348,0.0002013456,0.2238559299,0.3486741695,4.076350304,4.1743872699
2015-06-30,93374,0.049005881,14.903735864,-0.171500699,-2.802295325,0.074768134,0.0606458461,0.0016595075,0.1515594597,0.2478582053,3.575430736,4.127134385
2015-06-30,93420,-0.066548832,15.547992432,-1.040051036,-1.66641555,0.6223538079,0.0470705932,0.0002414168,-0.512830217,-1.014939773,2.8320361539,4.127134385
2015-06-30,93422,-0.016994143,15.642060267,-0.010530773,-1.772996241,0.0290305099,0.0285956073,0.0005341285,-0.106247941,-0.347873087,2.9354513386,4.1108738642
2015-06-30,93423,-0.082071267,15.21383716,-1.297779077,-1.459742464,-0.158722486,0.033133546,0.0003168228,0.1783487558,0.1871878794,3.8889590783,4.127134385
2015-06-30,93429,-0.022214614,15.253712617,-2.715774344,-0.317998094,0.2647984447,0.03829346,0.0001268711,-0.03936714,0.115574026,4.069368584,4.127134385
2015-06-30,93436,0.0696172491,17.213656454,-3.313272567,-1.458137878,0.7743704563,-0.004005211,0.000108735,-0.066941047,0.0843245077,5.5246558209,4.127134385
